[0m03:12:32.344120 [debug] [MainThread]: Sending event: {'category': 'dbt', 'action': 'invocation', 'label': 'start', 'context': [<snowplow_tracker.self_describing_json.SelfDescribingJson object at 0x0000021A5A6A8B10>, <snowplow_tracker.self_describing_json.SelfDescribingJson object at 0x0000021A5A65F550>, <snowplow_tracker.self_describing_json.SelfDescribingJson object at 0x0000021A5976E550>]}


============================== 03:12:32.353393 | 5d822c00-6ac4-4919-b864-c4f48d7e6bc1 ==============================
[0m03:12:32.353393 [info ] [MainThread]: Running with dbt=1.11.11
[0m03:12:32.355332 [debug] [MainThread]: running dbt with arguments {'static_parser': 'True', 'no_print': 'None', 'version_check': 'True', 'warn_error_options': 'WarnErrorOptionsV2(error=[], warn=[], silence=[])', 'target_path': 'None', 'printer_width': '80', 'write_json': 'True', 'introspect': 'True', 'log_cache_events': 'False', 'empty': 'None', 'cache_selected_only': 'False', 'log_format': 'default', 'debug': 'False', 'fail_fast': 'False', 'profiles_dir': 'C:\\Users\\guruv\\.dbt', 'send_anonymous_usage_stats': 'True', 'quiet': 'False', 'warn_error': 'None', 'partial_parse': 'True', 'indirect_selection': 'eager', 'use_colors': 'True', 'invocation_command': 'dbt debug', 'use_experimental_parser': 'False', 'log_path': 'C:\\Users\\guruv\\Downloads\\Data\\Project\\AI-Powered-Financial-Risk-Intelligence-Platform\\dbt_AI_financial_risk_project\\logs'}
[0m03:12:32.422640 [info ] [MainThread]: dbt version: 1.11.11
[0m03:12:32.424595 [info ] [MainThread]: python version: 3.11.9
[0m03:12:32.425596 [info ] [MainThread]: python path: C:\Users\guruv\Downloads\Data\Project\AI-Powered-Financial-Risk-Intelligence-Platform\myenv\Scripts\python.exe
[0m03:12:32.426596 [info ] [MainThread]: os info: Windows-10-10.0.26200-SP0
[0m03:12:32.442649 [info ] [MainThread]: Using profiles dir at C:\Users\guruv\.dbt
[0m03:12:32.444654 [info ] [MainThread]: Using profiles.yml file at C:\Users\guruv\.dbt\profiles.yml
[0m03:12:32.446642 [info ] [MainThread]: Using dbt_project.yml file at C:\Users\guruv\Downloads\Data\Project\AI-Powered-Financial-Risk-Intelligence-Platform\dbt_AI_financial_risk_project\dbt_project.yml
[0m03:12:32.628193 [info ] [MainThread]: Configuration:
[0m03:12:32.630151 [info ] [MainThread]:   profiles.yml file [[31mERROR invalid[0m]
[0m03:12:32.631153 [info ] [MainThread]:   dbt_project.yml file [[32mOK found and valid[0m]
[0m03:12:32.632156 [info ] [MainThread]: Required dependencies:
[0m03:12:32.633151 [debug] [MainThread]: Executing "git --help"
[0m03:12:32.720547 [debug] [MainThread]: STDOUT: "b"usage: git [-v | --version] [-h | --help] [-C <path>] [-c <name>=<value>]\n           [--exec-path[=<path>]] [--html-path] [--man-path] [--info-path]\n           [-p | --paginate | -P | --no-pager] [--no-replace-objects] [--no-lazy-fetch]\n           [--no-optional-locks] [--no-advice] [--bare] [--git-dir=<path>]\n           [--work-tree=<path>] [--namespace=<name>] [--config-env=<name>=<envvar>]\n           <command> [<args>]\n\nThese are common Git commands used in various situations:\n\nstart a working area (see also: git help tutorial)\n   clone      Clone a repository into a new directory\n   init       Create an empty Git repository or reinitialize an existing one\n\nwork on the current change (see also: git help everyday)\n   add        Add file contents to the index\n   mv         Move or rename a file, a directory, or a symlink\n   restore    Restore working tree files\n   rm         Remove files from the working tree and from the index\n\nexamine the history and state (see also: git help revisions)\n   bisect     Use binary search to find the commit that introduced a bug\n   diff       Show changes between commits, commit and working tree, etc\n   grep       Print lines matching a pattern\n   log        Show commit logs\n   show       Show various types of objects\n   status     Show the working tree status\n\ngrow, mark and tweak your common history\n   backfill   Download missing objects in a partial clone\n   branch     List, create, or delete branches\n   commit     Record changes to the repository\n   merge      Join two or more development histories together\n   rebase     Reapply commits on top of another base tip\n   reset      Set `HEAD` or the index to a known state\n   switch     Switch branches\n   tag        Create, list, delete or verify tags\n\ncollaborate (see also: git help workflows)\n   fetch      Download objects and refs from another repository\n   pull       Fetch from and integrate with another repository or a local branch\n   push       Update remote refs along with associated objects\n\n'git help -a' and 'git help -g' list available subcommands and some\nconcept guides. See 'git help <command>' or 'git help <concept>'\nto read about a specific subcommand or concept.\nSee 'git help git' for an overview of the system.\n""
[0m03:12:32.721613 [debug] [MainThread]: STDERR: "b''"
[0m03:12:32.723644 [info ] [MainThread]:  - git [[32mOK found[0m]

[0m03:12:32.724694 [info ] [MainThread]: Connection test skipped since no profile was found
[0m03:12:32.726651 [info ] [MainThread]: [31m1 check failed:[0m
[0m03:12:32.727707 [info ] [MainThread]: Profile loading failed for the following reason:
Runtime Error
  Could not find profile named 'dbt_AI_financial_risk_project'


[0m03:12:32.730705 [debug] [MainThread]: Command `dbt debug` failed at 03:12:32.730705 after 0.53 seconds
[0m03:12:32.732707 [debug] [MainThread]: Sending event: {'category': 'dbt', 'action': 'invocation', 'label': 'end', 'context': [<snowplow_tracker.self_describing_json.SelfDescribingJson object at 0x0000021A538D0050>, <snowplow_tracker.self_describing_json.SelfDescribingJson object at 0x0000021A538D05D0>, <snowplow_tracker.self_describing_json.SelfDescribingJson object at 0x0000021A595F5C90>]}
[0m03:12:32.733717 [debug] [MainThread]: Flushing usage events
[0m03:12:34.539537 [debug] [MainThread]: An error was encountered while trying to flush usage events
[0m03:18:22.440301 [debug] [MainThread]: Sending event: {'category': 'dbt', 'action': 'invocation', 'label': 'start', 'context': [<snowplow_tracker.self_describing_json.SelfDescribingJson object at 0x00000268E9B78AD0>, <snowplow_tracker.self_describing_json.SelfDescribingJson object at 0x00000268E98CA3D0>, <snowplow_tracker.self_describing_json.SelfDescribingJson object at 0x00000268E9B78350>]}


============================== 03:18:22.447302 | 8637c8e2-58f0-4f25-9d2c-ab4c5069d4b9 ==============================
[0m03:18:22.447302 [info ] [MainThread]: Running with dbt=1.11.11
[0m03:18:22.448301 [debug] [MainThread]: running dbt with arguments {'static_parser': 'True', 'no_print': 'None', 'version_check': 'True', 'target_path': 'None', 'warn_error_options': 'WarnErrorOptionsV2(error=[], warn=[], silence=[])', 'printer_width': '80', 'write_json': 'True', 'introspect': 'True', 'log_cache_events': 'False', 'empty': 'None', 'cache_selected_only': 'False', 'fail_fast': 'False', 'debug': 'False', 'log_format': 'default', 'profiles_dir': '.', 'send_anonymous_usage_stats': 'True', 'quiet': 'False', 'warn_error': 'None', 'partial_parse': 'True', 'invocation_command': 'dbt debug --profiles-dir .', 'indirect_selection': 'eager', 'use_colors': 'True', 'use_experimental_parser': 'False', 'log_path': 'C:\\Users\\guruv\\Downloads\\Data\\Project\\AI-Powered-Financial-Risk-Intelligence-Platform\\dbt_AI_financial_risk_project\\logs'}
[0m03:18:22.487981 [info ] [MainThread]: dbt version: 1.11.11
[0m03:18:22.489976 [info ] [MainThread]: python version: 3.11.9
[0m03:18:22.490973 [info ] [MainThread]: python path: C:\Users\guruv\Downloads\Data\Project\AI-Powered-Financial-Risk-Intelligence-Platform\myenv\Scripts\python.exe
[0m03:18:22.492980 [info ] [MainThread]: os info: Windows-10-10.0.26200-SP0
[0m03:18:22.493973 [info ] [MainThread]: Using profiles dir at .
[0m03:18:22.496490 [info ] [MainThread]: Using profiles.yml file at .\profiles.yml
[0m03:18:22.497489 [info ] [MainThread]: Using dbt_project.yml file at C:\Users\guruv\Downloads\Data\Project\AI-Powered-Financial-Risk-Intelligence-Platform\dbt_AI_financial_risk_project\dbt_project.yml
[0m03:18:22.735442 [info ] [MainThread]: Configuration:
[0m03:18:22.737409 [info ] [MainThread]:   profiles.yml file [[31mERROR not found[0m]
[0m03:18:22.738409 [info ] [MainThread]:   dbt_project.yml file [[32mOK found and valid[0m]
[0m03:18:22.739409 [info ] [MainThread]: Required dependencies:
[0m03:18:22.740406 [debug] [MainThread]: Executing "git --help"
[0m03:18:22.823020 [debug] [MainThread]: STDOUT: "b"usage: git [-v | --version] [-h | --help] [-C <path>] [-c <name>=<value>]\n           [--exec-path[=<path>]] [--html-path] [--man-path] [--info-path]\n           [-p | --paginate | -P | --no-pager] [--no-replace-objects] [--no-lazy-fetch]\n           [--no-optional-locks] [--no-advice] [--bare] [--git-dir=<path>]\n           [--work-tree=<path>] [--namespace=<name>] [--config-env=<name>=<envvar>]\n           <command> [<args>]\n\nThese are common Git commands used in various situations:\n\nstart a working area (see also: git help tutorial)\n   clone      Clone a repository into a new directory\n   init       Create an empty Git repository or reinitialize an existing one\n\nwork on the current change (see also: git help everyday)\n   add        Add file contents to the index\n   mv         Move or rename a file, a directory, or a symlink\n   restore    Restore working tree files\n   rm         Remove files from the working tree and from the index\n\nexamine the history and state (see also: git help revisions)\n   bisect     Use binary search to find the commit that introduced a bug\n   diff       Show changes between commits, commit and working tree, etc\n   grep       Print lines matching a pattern\n   log        Show commit logs\n   show       Show various types of objects\n   status     Show the working tree status\n\ngrow, mark and tweak your common history\n   backfill   Download missing objects in a partial clone\n   branch     List, create, or delete branches\n   commit     Record changes to the repository\n   merge      Join two or more development histories together\n   rebase     Reapply commits on top of another base tip\n   reset      Set `HEAD` or the index to a known state\n   switch     Switch branches\n   tag        Create, list, delete or verify tags\n\ncollaborate (see also: git help workflows)\n   fetch      Download objects and refs from another repository\n   pull       Fetch from and integrate with another repository or a local branch\n   push       Update remote refs along with associated objects\n\n'git help -a' and 'git help -g' list available subcommands and some\nconcept guides. See 'git help <command>' or 'git help <concept>'\nto read about a specific subcommand or concept.\nSee 'git help git' for an overview of the system.\n""
[0m03:18:22.824047 [debug] [MainThread]: STDERR: "b''"
[0m03:18:22.826098 [info ] [MainThread]:  - git [[32mOK found[0m]

[0m03:18:22.827040 [info ] [MainThread]: Connection test skipped since no profile was found
[0m03:18:22.829044 [info ] [MainThread]: [31m1 check failed:[0m
[0m03:18:22.830048 [info ] [MainThread]: dbt looked for a profiles.yml file in .\profiles.yml, but did
not find one. For more information on configuring your profile, consult the
documentation:

https://docs.getdbt.com/docs/configure-your-profile


[0m03:18:22.833039 [debug] [MainThread]: Command `dbt debug` failed at 03:18:22.833039 after 0.55 seconds
[0m03:18:22.835041 [debug] [MainThread]: Sending event: {'category': 'dbt', 'action': 'invocation', 'label': 'end', 'context': [<snowplow_tracker.self_describing_json.SelfDescribingJson object at 0x00000268E2CF0210>, <snowplow_tracker.self_describing_json.SelfDescribingJson object at 0x00000268E8AD1C10>, <snowplow_tracker.self_describing_json.SelfDescribingJson object at 0x00000268E2FB9D90>]}
[0m03:18:22.837039 [debug] [MainThread]: Flushing usage events
[0m03:18:24.557274 [debug] [MainThread]: An error was encountered while trying to flush usage events
[0m03:25:11.788708 [debug] [MainThread]: Sending event: {'category': 'dbt', 'action': 'invocation', 'label': 'start', 'context': [<snowplow_tracker.self_describing_json.SelfDescribingJson object at 0x00000296EA7E6ED0>, <snowplow_tracker.self_describing_json.SelfDescribingJson object at 0x00000296EDE69F90>, <snowplow_tracker.self_describing_json.SelfDescribingJson object at 0x00000296EE01F750>]}


============================== 03:25:11.794221 | c4a21500-83e8-4058-97f4-4dadb2a4f048 ==============================
[0m03:25:11.794221 [info ] [MainThread]: Running with dbt=1.11.11
[0m03:25:11.794221 [debug] [MainThread]: running dbt with arguments {'version_check': 'True', 'no_print': 'None', 'static_parser': 'True', 'target_path': 'None', 'warn_error_options': 'WarnErrorOptionsV2(error=[], warn=[], silence=[])', 'printer_width': '80', 'write_json': 'True', 'empty': 'None', 'log_cache_events': 'False', 'introspect': 'True', 'cache_selected_only': 'False', 'fail_fast': 'False', 'debug': 'False', 'log_format': 'default', 'profiles_dir': '.', 'send_anonymous_usage_stats': 'True', 'quiet': 'False', 'warn_error': 'None', 'partial_parse': 'True', 'indirect_selection': 'eager', 'invocation_command': 'dbt debug --profiles-dir .', 'use_colors': 'True', 'use_experimental_parser': 'False', 'log_path': 'C:\\Users\\guruv\\Downloads\\Data\\Project\\AI-Powered-Financial-Risk-Intelligence-Platform\\dbt_AI_financial_risk_project\\logs'}
[0m03:25:11.825659 [info ] [MainThread]: dbt version: 1.11.11
[0m03:25:11.826665 [info ] [MainThread]: python version: 3.11.9
[0m03:25:11.827664 [info ] [MainThread]: python path: C:\Users\guruv\Downloads\Data\Project\AI-Powered-Financial-Risk-Intelligence-Platform\myenv\Scripts\python.exe
[0m03:25:11.827664 [info ] [MainThread]: os info: Windows-10-10.0.26200-SP0
[0m03:25:13.220240 [debug] [MainThread]: Snowflake adapter: Setting snowflake.connector to ERROR (file logging only)
[0m03:25:13.220240 [debug] [MainThread]: Snowflake adapter: Setting botocore to ERROR (file logging only)
[0m03:25:13.221246 [debug] [MainThread]: Snowflake adapter: Setting boto3 to ERROR (file logging only)
[0m03:25:13.280426 [debug] [MainThread]: Snowflake adapter: Replaced underscores (_) with hyphens (-) in Snowflake account name to form a valid account URL.
[0m03:25:13.285425 [info ] [MainThread]: Using profiles dir at .
[0m03:25:13.285425 [info ] [MainThread]: Using profiles.yml file at .\profiles.yml
[0m03:25:13.286426 [info ] [MainThread]: Using dbt_project.yml file at C:\Users\guruv\Downloads\Data\Project\AI-Powered-Financial-Risk-Intelligence-Platform\dbt_AI_financial_risk_project\dbt_project.yml
[0m03:25:13.287426 [info ] [MainThread]: adapter type: snowflake
[0m03:25:13.288427 [info ] [MainThread]: adapter version: 1.11.5
[0m03:25:13.387427 [info ] [MainThread]: Configuration:
[0m03:25:13.388453 [info ] [MainThread]:   profiles.yml file [[32mOK found and valid[0m]
[0m03:25:13.389428 [info ] [MainThread]:   dbt_project.yml file [[32mOK found and valid[0m]
[0m03:25:13.390442 [info ] [MainThread]: Required dependencies:
[0m03:25:13.391427 [debug] [MainThread]: Executing "git --help"
[0m03:25:13.443691 [debug] [MainThread]: STDOUT: "b"usage: git [-v | --version] [-h | --help] [-C <path>] [-c <name>=<value>]\n           [--exec-path[=<path>]] [--html-path] [--man-path] [--info-path]\n           [-p | --paginate | -P | --no-pager] [--no-replace-objects] [--no-lazy-fetch]\n           [--no-optional-locks] [--no-advice] [--bare] [--git-dir=<path>]\n           [--work-tree=<path>] [--namespace=<name>] [--config-env=<name>=<envvar>]\n           <command> [<args>]\n\nThese are common Git commands used in various situations:\n\nstart a working area (see also: git help tutorial)\n   clone      Clone a repository into a new directory\n   init       Create an empty Git repository or reinitialize an existing one\n\nwork on the current change (see also: git help everyday)\n   add        Add file contents to the index\n   mv         Move or rename a file, a directory, or a symlink\n   restore    Restore working tree files\n   rm         Remove files from the working tree and from the index\n\nexamine the history and state (see also: git help revisions)\n   bisect     Use binary search to find the commit that introduced a bug\n   diff       Show changes between commits, commit and working tree, etc\n   grep       Print lines matching a pattern\n   log        Show commit logs\n   show       Show various types of objects\n   status     Show the working tree status\n\ngrow, mark and tweak your common history\n   backfill   Download missing objects in a partial clone\n   branch     List, create, or delete branches\n   commit     Record changes to the repository\n   merge      Join two or more development histories together\n   rebase     Reapply commits on top of another base tip\n   reset      Set `HEAD` or the index to a known state\n   switch     Switch branches\n   tag        Create, list, delete or verify tags\n\ncollaborate (see also: git help workflows)\n   fetch      Download objects and refs from another repository\n   pull       Fetch from and integrate with another repository or a local branch\n   push       Update remote refs along with associated objects\n\n'git help -a' and 'git help -g' list available subcommands and some\nconcept guides. See 'git help <command>' or 'git help <concept>'\nto read about a specific subcommand or concept.\nSee 'git help git' for an overview of the system.\n""
[0m03:25:13.444691 [debug] [MainThread]: STDERR: "b''"
[0m03:25:13.444691 [info ] [MainThread]:  - git [[32mOK found[0m]

[0m03:25:13.445691 [info ] [MainThread]: Connection:
[0m03:25:13.446694 [info ] [MainThread]:   account: YOUR-SNOWFLAKE-ACCOUNT-URL-IDENTIFIER
[0m03:25:13.447691 [info ] [MainThread]:   user: YOUR_SNOWFLAKE_USER
[0m03:25:13.447691 [info ] [MainThread]:   database: FINANCIAL_RISK_DB
[0m03:25:13.448691 [info ] [MainThread]:   warehouse: COMPLAINTS_WH
[0m03:25:13.448691 [info ] [MainThread]:   role: ACCOUNTADMIN
[0m03:25:13.449695 [info ] [MainThread]:   schema: SILVER
[0m03:25:13.450692 [info ] [MainThread]:   authenticator: None
[0m03:25:13.450692 [info ] [MainThread]:   oauth_client_id: None
[0m03:25:13.451692 [info ] [MainThread]:   query_tag: None
[0m03:25:13.451692 [info ] [MainThread]:   client_session_keep_alive: False
[0m03:25:13.452691 [info ] [MainThread]:   host: None
[0m03:25:13.453691 [info ] [MainThread]:   port: None
[0m03:25:13.453691 [info ] [MainThread]:   proxy_host: None
[0m03:25:13.454690 [info ] [MainThread]:   proxy_port: None
[0m03:25:13.455692 [info ] [MainThread]:   protocol: None
[0m03:25:13.456692 [info ] [MainThread]:   connect_retries: 1
[0m03:25:13.457692 [info ] [MainThread]:   connect_timeout: None
[0m03:25:13.458690 [info ] [MainThread]:   retry_on_database_errors: False
[0m03:25:13.458690 [info ] [MainThread]:   retry_all: False
[0m03:25:13.459694 [info ] [MainThread]:   insecure_mode: False
[0m03:25:13.460692 [info ] [MainThread]:   reuse_connections: True
[0m03:25:13.461693 [info ] [MainThread]:   s3_stage_vpce_dns_name: None
[0m03:25:13.461693 [info ] [MainThread]:   platform_detection_timeout_seconds: 0.0
[0m03:25:13.462696 [info ] [MainThread]: Registered adapter: snowflake=1.11.5
[0m03:25:13.878861 [debug] [MainThread]: Acquiring new snowflake connection 'debug'
[0m03:25:13.944994 [debug] [MainThread]: Using snowflake connection "debug"
[0m03:25:13.946007 [debug] [MainThread]: On debug: select 1 as id
[0m03:25:13.946007 [debug] [MainThread]: Opening a new connection, currently in state init
[0m03:25:15.118273 [debug] [MainThread]: Snowflake adapter: Error running SQL: select 1 as id
[0m03:25:15.119291 [debug] [MainThread]: Snowflake adapter: Rolling back transaction.
[0m03:25:15.120296 [info ] [MainThread]:   Connection test: [[31mERROR[0m]

[0m03:25:15.121273 [info ] [MainThread]: [31m1 check failed:[0m
[0m03:25:15.121273 [info ] [MainThread]: dbt was unable to connect to the specified database.
The database returned the following error:

  >Database Error
  290404 (08001): 404 Not Found: post YOUR-SNOWFLAKE-ACCOUNT-URL-IDENTIFIER.snowflakecomputing.com:443/session/v1/login-request

Check your database credentials and try again. For more information, visit:
https://docs.getdbt.com/docs/configure-your-profile


[0m03:25:15.122305 [debug] [MainThread]: Command `dbt debug` failed at 03:25:15.122305 after 3.43 seconds
[0m03:25:15.123296 [debug] [MainThread]: Connection 'debug' was left open.
[0m03:25:15.123296 [debug] [MainThread]: On debug: No close available on handle
[0m03:25:15.124271 [debug] [MainThread]: Sending event: {'category': 'dbt', 'action': 'invocation', 'label': 'end', 'context': [<snowplow_tracker.self_describing_json.SelfDescribingJson object at 0x00000296EE14D4D0>, <snowplow_tracker.self_describing_json.SelfDescribingJson object at 0x0000029680EA6E10>, <snowplow_tracker.self_describing_json.SelfDescribingJson object at 0x00000296E7330210>]}
[0m03:25:15.124271 [debug] [MainThread]: Flushing usage events
[0m03:25:16.355376 [debug] [MainThread]: An error was encountered while trying to flush usage events
[0m03:39:11.465230 [debug] [MainThread]: Sending event: {'category': 'dbt', 'action': 'invocation', 'label': 'start', 'context': [<snowplow_tracker.self_describing_json.SelfDescribingJson object at 0x000002A7E9F16E50>, <snowplow_tracker.self_describing_json.SelfDescribingJson object at 0x000002A7ED74EE10>, <snowplow_tracker.self_describing_json.SelfDescribingJson object at 0x000002A7ED71D650>]}


============================== 03:39:11.469251 | 2a12fc2d-0fea-479f-8b19-2bfaba85fa74 ==============================
[0m03:39:11.469251 [info ] [MainThread]: Running with dbt=1.11.11
[0m03:39:11.470251 [debug] [MainThread]: running dbt with arguments {'static_parser': 'True', 'no_print': 'None', 'version_check': 'True', 'target_path': 'None', 'warn_error_options': 'WarnErrorOptionsV2(error=[], warn=[], silence=[])', 'printer_width': '80', 'write_json': 'True', 'empty': 'None', 'log_cache_events': 'False', 'introspect': 'True', 'cache_selected_only': 'False', 'log_format': 'default', 'debug': 'False', 'fail_fast': 'False', 'partial_parse': 'True', 'send_anonymous_usage_stats': 'True', 'quiet': 'False', 'warn_error': 'None', 'profiles_dir': 'C:\\Users\\guruv\\Downloads\\Data\\Project\\AI-Powered-Financial-Risk-Intelligence-Platform\\dbt_AI_financial_risk_project', 'indirect_selection': 'eager', 'use_colors': 'True', 'invocation_command': 'dbt debug', 'use_experimental_parser': 'False', 'log_path': 'C:\\Users\\guruv\\Downloads\\Data\\Project\\AI-Powered-Financial-Risk-Intelligence-Platform\\dbt_AI_financial_risk_project\\logs'}
[0m03:39:11.492099 [info ] [MainThread]: dbt version: 1.11.11
[0m03:39:11.493100 [info ] [MainThread]: python version: 3.11.9
[0m03:39:11.494102 [info ] [MainThread]: python path: C:\Users\guruv\Downloads\Data\Project\AI-Powered-Financial-Risk-Intelligence-Platform\myenv\Scripts\python.exe
[0m03:39:11.495120 [info ] [MainThread]: os info: Windows-10-10.0.26200-SP0
[0m03:39:11.505085 [error] [MainThread]: Encountered an error:
Parsing Error
  Env var required but not provided: 'SNOWFLAKE_ACCOUNT'
[0m03:39:11.506338 [debug] [MainThread]: Command `dbt debug` failed at 03:39:11.506338 after 0.16 seconds
[0m03:39:11.507337 [debug] [MainThread]: Sending event: {'category': 'dbt', 'action': 'invocation', 'label': 'end', 'context': [<snowplow_tracker.self_describing_json.SelfDescribingJson object at 0x000002A7ED867BD0>, <snowplow_tracker.self_describing_json.SelfDescribingJson object at 0x000002A7ED73C290>, <snowplow_tracker.self_describing_json.SelfDescribingJson object at 0x000002A7E6D021D0>]}
[0m03:39:11.507337 [debug] [MainThread]: Flushing usage events
[0m03:39:12.833141 [debug] [MainThread]: An error was encountered while trying to flush usage events
[0m03:42:23.526453 [debug] [MainThread]: Sending event: {'category': 'dbt', 'action': 'invocation', 'label': 'start', 'context': [<snowplow_tracker.self_describing_json.SelfDescribingJson object at 0x00000277A442D2D0>, <snowplow_tracker.self_describing_json.SelfDescribingJson object at 0x00000277A354E550>, <snowplow_tracker.self_describing_json.SelfDescribingJson object at 0x00000277A3BBA090>]}


============================== 03:42:23.530413 | 82d95ace-3e4f-423b-9cd1-8d9c3c2dbeb3 ==============================
[0m03:42:23.530413 [info ] [MainThread]: Running with dbt=1.11.11
[0m03:42:23.531413 [debug] [MainThread]: running dbt with arguments {'static_parser': 'True', 'no_print': 'None', 'version_check': 'True', 'warn_error_options': 'WarnErrorOptionsV2(error=[], warn=[], silence=[])', 'target_path': 'None', 'printer_width': '80', 'write_json': 'True', 'empty': 'None', 'log_cache_events': 'False', 'introspect': 'True', 'cache_selected_only': 'False', 'log_format': 'default', 'debug': 'False', 'fail_fast': 'False', 'partial_parse': 'True', 'send_anonymous_usage_stats': 'True', 'quiet': 'False', 'warn_error': 'None', 'profiles_dir': 'C:\\Users\\guruv\\Downloads\\Data\\Project\\AI-Powered-Financial-Risk-Intelligence-Platform\\dbt_AI_financial_risk_project', 'invocation_command': 'dbt debug', 'indirect_selection': 'eager', 'use_colors': 'True', 'use_experimental_parser': 'False', 'log_path': 'C:\\Users\\guruv\\Downloads\\Data\\Project\\AI-Powered-Financial-Risk-Intelligence-Platform\\dbt_AI_financial_risk_project\\logs'}
[0m03:42:23.550454 [info ] [MainThread]: dbt version: 1.11.11
[0m03:42:23.551414 [info ] [MainThread]: python version: 3.11.9
[0m03:42:23.551414 [info ] [MainThread]: python path: C:\Users\guruv\Downloads\Data\Project\AI-Powered-Financial-Risk-Intelligence-Platform\myenv\Scripts\python.exe
[0m03:42:23.552418 [info ] [MainThread]: os info: Windows-10-10.0.26200-SP0
[0m03:42:23.564048 [error] [MainThread]: Encountered an error:
Parsing Error
  Env var required but not provided: 'SNOWFLAKE_ACCOUNT'
[0m03:42:23.566008 [debug] [MainThread]: Command `dbt debug` failed at 03:42:23.565044 after 0.13 seconds
[0m03:42:23.566008 [debug] [MainThread]: Sending event: {'category': 'dbt', 'action': 'invocation', 'label': 'end', 'context': [<snowplow_tracker.self_describing_json.SelfDescribingJson object at 0x00000277A44AF2D0>, <snowplow_tracker.self_describing_json.SelfDescribingJson object at 0x00000277A44AF290>, <snowplow_tracker.self_describing_json.SelfDescribingJson object at 0x00000277A442D050>]}
[0m03:42:23.567007 [debug] [MainThread]: Flushing usage events
[0m03:42:24.824261 [debug] [MainThread]: An error was encountered while trying to flush usage events
[0m03:44:56.677784 [debug] [MainThread]: Sending event: {'category': 'dbt', 'action': 'invocation', 'label': 'start', 'context': [<snowplow_tracker.self_describing_json.SelfDescribingJson object at 0x00000172F6028190>, <snowplow_tracker.self_describing_json.SelfDescribingJson object at 0x00000172F605E990>, <snowplow_tracker.self_describing_json.SelfDescribingJson object at 0x00000172F605C850>]}


============================== 03:44:56.681969 | 995f6ff8-1429-4e80-94c9-cc3f5d44f0af ==============================
[0m03:44:56.681969 [info ] [MainThread]: Running with dbt=1.11.11
[0m03:44:56.682996 [debug] [MainThread]: running dbt with arguments {'version_check': 'True', 'no_print': 'None', 'static_parser': 'True', 'target_path': 'None', 'warn_error_options': 'WarnErrorOptionsV2(error=[], warn=[], silence=[])', 'printer_width': '80', 'write_json': 'True', 'introspect': 'True', 'log_cache_events': 'False', 'empty': 'None', 'cache_selected_only': 'False', 'fail_fast': 'False', 'debug': 'False', 'log_format': 'default', 'profiles_dir': '.', 'send_anonymous_usage_stats': 'True', 'quiet': 'False', 'warn_error': 'None', 'partial_parse': 'True', 'invocation_command': 'dbt debug --profiles-dir .', 'indirect_selection': 'eager', 'use_colors': 'True', 'use_experimental_parser': 'False', 'log_path': 'C:\\Users\\guruv\\Downloads\\Data\\Project\\AI-Powered-Financial-Risk-Intelligence-Platform\\dbt_AI_financial_risk_project\\logs'}
[0m03:44:56.704991 [info ] [MainThread]: dbt version: 1.11.11
[0m03:44:56.706513 [info ] [MainThread]: python version: 3.11.9
[0m03:44:56.707591 [info ] [MainThread]: python path: C:\Users\guruv\Downloads\Data\Project\AI-Powered-Financial-Risk-Intelligence-Platform\myenv\Scripts\python.exe
[0m03:44:56.707591 [info ] [MainThread]: os info: Windows-10-10.0.26200-SP0
[0m03:44:56.708626 [info ] [MainThread]: Using profiles dir at .
[0m03:44:56.708626 [info ] [MainThread]: Using profiles.yml file at .\profiles.yml
[0m03:44:56.709593 [info ] [MainThread]: Using dbt_project.yml file at C:\Users\guruv\Downloads\Data\Project\AI-Powered-Financial-Risk-Intelligence-Platform\dbt_AI_financial_risk_project\dbt_project.yml
[0m03:44:56.809928 [info ] [MainThread]: Configuration:
[0m03:44:56.810889 [info ] [MainThread]:   profiles.yml file [[31mERROR not found[0m]
[0m03:44:56.810889 [info ] [MainThread]:   dbt_project.yml file [[32mOK found and valid[0m]
[0m03:44:56.811890 [info ] [MainThread]: Required dependencies:
[0m03:44:56.812889 [debug] [MainThread]: Executing "git --help"
[0m03:44:56.850724 [debug] [MainThread]: STDOUT: "b"usage: git [-v | --version] [-h | --help] [-C <path>] [-c <name>=<value>]\n           [--exec-path[=<path>]] [--html-path] [--man-path] [--info-path]\n           [-p | --paginate | -P | --no-pager] [--no-replace-objects] [--no-lazy-fetch]\n           [--no-optional-locks] [--no-advice] [--bare] [--git-dir=<path>]\n           [--work-tree=<path>] [--namespace=<name>] [--config-env=<name>=<envvar>]\n           <command> [<args>]\n\nThese are common Git commands used in various situations:\n\nstart a working area (see also: git help tutorial)\n   clone      Clone a repository into a new directory\n   init       Create an empty Git repository or reinitialize an existing one\n\nwork on the current change (see also: git help everyday)\n   add        Add file contents to the index\n   mv         Move or rename a file, a directory, or a symlink\n   restore    Restore working tree files\n   rm         Remove files from the working tree and from the index\n\nexamine the history and state (see also: git help revisions)\n   bisect     Use binary search to find the commit that introduced a bug\n   diff       Show changes between commits, commit and working tree, etc\n   grep       Print lines matching a pattern\n   log        Show commit logs\n   show       Show various types of objects\n   status     Show the working tree status\n\ngrow, mark and tweak your common history\n   backfill   Download missing objects in a partial clone\n   branch     List, create, or delete branches\n   commit     Record changes to the repository\n   merge      Join two or more development histories together\n   rebase     Reapply commits on top of another base tip\n   reset      Set `HEAD` or the index to a known state\n   switch     Switch branches\n   tag        Create, list, delete or verify tags\n\ncollaborate (see also: git help workflows)\n   fetch      Download objects and refs from another repository\n   pull       Fetch from and integrate with another repository or a local branch\n   push       Update remote refs along with associated objects\n\n'git help -a' and 'git help -g' list available subcommands and some\nconcept guides. See 'git help <command>' or 'git help <concept>'\nto read about a specific subcommand or concept.\nSee 'git help git' for an overview of the system.\n""
[0m03:44:56.852000 [debug] [MainThread]: STDERR: "b''"
[0m03:44:56.852000 [info ] [MainThread]:  - git [[32mOK found[0m]

[0m03:44:56.853472 [info ] [MainThread]: Connection test skipped since no profile was found
[0m03:44:56.854478 [info ] [MainThread]: [31m1 check failed:[0m
[0m03:44:56.854478 [info ] [MainThread]: dbt looked for a profiles.yml file in .\profiles.yml, but did
not find one. For more information on configuring your profile, consult the
documentation:

https://docs.getdbt.com/docs/configure-your-profile


[0m03:44:56.855516 [debug] [MainThread]: Command `dbt debug` failed at 03:44:56.855516 after 0.26 seconds
[0m03:44:56.856515 [debug] [MainThread]: Sending event: {'category': 'dbt', 'action': 'invocation', 'label': 'end', 'context': [<snowplow_tracker.self_describing_json.SelfDescribingJson object at 0x00000172F5FDD610>, <snowplow_tracker.self_describing_json.SelfDescribingJson object at 0x00000172F5F2FD10>, <snowplow_tracker.self_describing_json.SelfDescribingJson object at 0x00000172F5F18650>]}
[0m03:44:56.856515 [debug] [MainThread]: Flushing usage events
[0m03:44:58.196600 [debug] [MainThread]: An error was encountered while trying to flush usage events
[0m03:45:35.340043 [debug] [MainThread]: Sending event: {'category': 'dbt', 'action': 'invocation', 'label': 'start', 'context': [<snowplow_tracker.self_describing_json.SelfDescribingJson object at 0x000001B32FD07750>, <snowplow_tracker.self_describing_json.SelfDescribingJson object at 0x000001B33352FAD0>, <snowplow_tracker.self_describing_json.SelfDescribingJson object at 0x000001B333656890>]}


============================== 03:45:35.344058 | 4ce147f4-7a28-4d97-be7e-5e1bb052f512 ==============================
[0m03:45:35.344058 [info ] [MainThread]: Running with dbt=1.11.11
[0m03:45:35.345043 [debug] [MainThread]: running dbt with arguments {'static_parser': 'True', 'no_print': 'None', 'version_check': 'True', 'warn_error_options': 'WarnErrorOptionsV2(error=[], warn=[], silence=[])', 'target_path': 'None', 'printer_width': '80', 'write_json': 'True', 'introspect': 'True', 'log_cache_events': 'False', 'empty': 'None', 'cache_selected_only': 'False', 'fail_fast': 'False', 'debug': 'False', 'log_format': 'default', 'partial_parse': 'True', 'send_anonymous_usage_stats': 'True', 'quiet': 'False', 'warn_error': 'None', 'profiles_dir': '.', 'use_colors': 'True', 'indirect_selection': 'eager', 'invocation_command': 'dbt debug --profiles-dir .', 'use_experimental_parser': 'False', 'log_path': 'C:\\Users\\guruv\\Downloads\\Data\\Project\\AI-Powered-Financial-Risk-Intelligence-Platform\\dbt_AI_financial_risk_project\\logs'}
[0m03:45:35.365880 [info ] [MainThread]: dbt version: 1.11.11
[0m03:45:35.366879 [info ] [MainThread]: python version: 3.11.9
[0m03:45:35.366879 [info ] [MainThread]: python path: C:\Users\guruv\Downloads\Data\Project\AI-Powered-Financial-Risk-Intelligence-Platform\myenv\Scripts\python.exe
[0m03:45:35.367879 [info ] [MainThread]: os info: Windows-10-10.0.26200-SP0
[0m03:45:36.284744 [debug] [MainThread]: Snowflake adapter: Setting snowflake.connector to ERROR (file logging only)
[0m03:45:36.285758 [debug] [MainThread]: Snowflake adapter: Setting botocore to ERROR (file logging only)
[0m03:45:36.286757 [debug] [MainThread]: Snowflake adapter: Setting boto3 to ERROR (file logging only)
[0m03:45:36.357897 [info ] [MainThread]: Using profiles dir at .
[0m03:45:36.358898 [info ] [MainThread]: Using profiles.yml file at .\profiles.yml
[0m03:45:36.359897 [info ] [MainThread]: Using dbt_project.yml file at C:\Users\guruv\Downloads\Data\Project\AI-Powered-Financial-Risk-Intelligence-Platform\dbt_AI_financial_risk_project\dbt_project.yml
[0m03:45:36.361351 [info ] [MainThread]: adapter type: snowflake
[0m03:45:36.361351 [info ] [MainThread]: adapter version: 1.11.5
[0m03:45:36.460351 [info ] [MainThread]: Configuration:
[0m03:45:36.461351 [info ] [MainThread]:   profiles.yml file [[32mOK found and valid[0m]
[0m03:45:36.462370 [info ] [MainThread]:   dbt_project.yml file [[32mOK found and valid[0m]
[0m03:45:36.463453 [info ] [MainThread]: Required dependencies:
[0m03:45:36.463453 [debug] [MainThread]: Executing "git --help"
[0m03:45:36.503054 [debug] [MainThread]: STDOUT: "b"usage: git [-v | --version] [-h | --help] [-C <path>] [-c <name>=<value>]\n           [--exec-path[=<path>]] [--html-path] [--man-path] [--info-path]\n           [-p | --paginate | -P | --no-pager] [--no-replace-objects] [--no-lazy-fetch]\n           [--no-optional-locks] [--no-advice] [--bare] [--git-dir=<path>]\n           [--work-tree=<path>] [--namespace=<name>] [--config-env=<name>=<envvar>]\n           <command> [<args>]\n\nThese are common Git commands used in various situations:\n\nstart a working area (see also: git help tutorial)\n   clone      Clone a repository into a new directory\n   init       Create an empty Git repository or reinitialize an existing one\n\nwork on the current change (see also: git help everyday)\n   add        Add file contents to the index\n   mv         Move or rename a file, a directory, or a symlink\n   restore    Restore working tree files\n   rm         Remove files from the working tree and from the index\n\nexamine the history and state (see also: git help revisions)\n   bisect     Use binary search to find the commit that introduced a bug\n   diff       Show changes between commits, commit and working tree, etc\n   grep       Print lines matching a pattern\n   log        Show commit logs\n   show       Show various types of objects\n   status     Show the working tree status\n\ngrow, mark and tweak your common history\n   backfill   Download missing objects in a partial clone\n   branch     List, create, or delete branches\n   commit     Record changes to the repository\n   merge      Join two or more development histories together\n   rebase     Reapply commits on top of another base tip\n   reset      Set `HEAD` or the index to a known state\n   switch     Switch branches\n   tag        Create, list, delete or verify tags\n\ncollaborate (see also: git help workflows)\n   fetch      Download objects and refs from another repository\n   pull       Fetch from and integrate with another repository or a local branch\n   push       Update remote refs along with associated objects\n\n'git help -a' and 'git help -g' list available subcommands and some\nconcept guides. See 'git help <command>' or 'git help <concept>'\nto read about a specific subcommand or concept.\nSee 'git help git' for an overview of the system.\n""
[0m03:45:36.503054 [debug] [MainThread]: STDERR: "b''"
[0m03:45:36.504055 [info ] [MainThread]:  - git [[32mOK found[0m]

[0m03:45:36.504055 [info ] [MainThread]: Connection:
[0m03:45:36.505192 [info ] [MainThread]:   account: ZFQREGF-ENB22412
[0m03:45:36.505192 [info ] [MainThread]:   user: GURU77
[0m03:45:36.506207 [info ] [MainThread]:   database: FINANCIAL_RISK_INTELLIGENCE
[0m03:45:36.506207 [info ] [MainThread]:   warehouse: RISK_INTELLIGENCE_WH
[0m03:45:36.507205 [info ] [MainThread]:   role: ACCOUNTADMIN
[0m03:45:36.507205 [info ] [MainThread]:   schema: ANALYTICS
[0m03:45:36.508205 [info ] [MainThread]:   authenticator: None
[0m03:45:36.508205 [info ] [MainThread]:   oauth_client_id: None
[0m03:45:36.509204 [info ] [MainThread]:   query_tag: None
[0m03:45:36.509204 [info ] [MainThread]:   client_session_keep_alive: False
[0m03:45:36.510467 [info ] [MainThread]:   host: None
[0m03:45:36.511557 [info ] [MainThread]:   port: None
[0m03:45:36.511557 [info ] [MainThread]:   proxy_host: None
[0m03:45:36.512560 [info ] [MainThread]:   proxy_port: None
[0m03:45:36.513561 [info ] [MainThread]:   protocol: None
[0m03:45:36.513561 [info ] [MainThread]:   connect_retries: 1
[0m03:45:36.514584 [info ] [MainThread]:   connect_timeout: None
[0m03:45:36.514584 [info ] [MainThread]:   retry_on_database_errors: False
[0m03:45:36.515585 [info ] [MainThread]:   retry_all: False
[0m03:45:36.516709 [info ] [MainThread]:   insecure_mode: False
[0m03:45:36.516709 [info ] [MainThread]:   reuse_connections: True
[0m03:45:36.517710 [info ] [MainThread]:   s3_stage_vpce_dns_name: None
[0m03:45:36.518732 [info ] [MainThread]:   platform_detection_timeout_seconds: 0.0
[0m03:45:36.519896 [info ] [MainThread]: Registered adapter: snowflake=1.11.5
[0m03:45:36.953131 [debug] [MainThread]: Acquiring new snowflake connection 'debug'
[0m03:45:37.021012 [debug] [MainThread]: Using snowflake connection "debug"
[0m03:45:37.022012 [debug] [MainThread]: On debug: select 1 as id
[0m03:45:37.022012 [debug] [MainThread]: Opening a new connection, currently in state init
[0m03:45:39.577878 [debug] [MainThread]: SQL status: SUCCESS 1 in 2.555 seconds
[0m03:45:39.582168 [info ] [MainThread]:   Connection test: [[32mOK connection ok[0m]

[0m03:45:39.585111 [info ] [MainThread]: [32mAll checks passed![0m
[0m03:45:39.590168 [debug] [MainThread]: Command `dbt debug` succeeded at 03:45:39.589169 after 4.34 seconds
[0m03:45:39.592115 [debug] [MainThread]: Connection 'debug' was left open.
[0m03:45:39.594128 [debug] [MainThread]: On debug: Close
[0m03:45:40.197345 [debug] [MainThread]: Sending event: {'category': 'dbt', 'action': 'invocation', 'label': 'end', 'context': [<snowplow_tracker.self_describing_json.SelfDescribingJson object at 0x000001B3335DD1D0>, <snowplow_tracker.self_describing_json.SelfDescribingJson object at 0x000001B33365C910>, <snowplow_tracker.self_describing_json.SelfDescribingJson object at 0x000001B346049DD0>]}
[0m03:45:40.200374 [debug] [MainThread]: Flushing usage events
[0m03:45:41.408725 [debug] [MainThread]: An error was encountered while trying to flush usage events
[0m03:58:59.714338 [debug] [MainThread]: Sending event: {'category': 'dbt', 'action': 'invocation', 'label': 'start', 'context': [<snowplow_tracker.self_describing_json.SelfDescribingJson object at 0x000001E69B3258D0>, <snowplow_tracker.self_describing_json.SelfDescribingJson object at 0x000001E69E6DDFD0>, <snowplow_tracker.self_describing_json.SelfDescribingJson object at 0x000001E69E6DDDD0>]}


============================== 03:58:59.717339 | 5fd41266-11c1-48cb-9096-96ebc1110616 ==============================
[0m03:58:59.717339 [info ] [MainThread]: Running with dbt=1.11.11
[0m03:58:59.718338 [debug] [MainThread]: running dbt with arguments {'static_parser': 'True', 'no_print': 'None', 'version_check': 'True', 'warn_error_options': 'WarnErrorOptionsV2(error=[], warn=[], silence=[])', 'target_path': 'None', 'printer_width': '80', 'write_json': 'True', 'introspect': 'True', 'log_cache_events': 'False', 'empty': 'False', 'cache_selected_only': 'False', 'fail_fast': 'False', 'debug': 'False', 'log_format': 'default', 'profiles_dir': 'C:\\Users\\guruv\\Downloads\\Data\\Project\\AI-Powered-Financial-Risk-Intelligence-Platform\\dbt_AI_financial_risk_project', 'send_anonymous_usage_stats': 'True', 'quiet': 'False', 'warn_error': 'None', 'partial_parse': 'True', 'use_colors': 'True', 'invocation_command': 'dbt run --select stg_complaints', 'indirect_selection': 'eager', 'use_experimental_parser': 'False', 'log_path': 'C:\\Users\\guruv\\Downloads\\Data\\Project\\AI-Powered-Financial-Risk-Intelligence-Platform\\dbt_AI_financial_risk_project\\logs'}
[0m03:59:00.631187 [debug] [MainThread]: Snowflake adapter: Setting snowflake.connector to ERROR (file logging only)
[0m03:59:00.631187 [debug] [MainThread]: Snowflake adapter: Setting botocore to ERROR (file logging only)
[0m03:59:00.632422 [debug] [MainThread]: Snowflake adapter: Setting boto3 to ERROR (file logging only)
[0m03:59:00.984248 [debug] [MainThread]: Sending event: {'category': 'dbt', 'action': 'project_id', 'label': '5fd41266-11c1-48cb-9096-96ebc1110616', 'context': [<snowplow_tracker.self_describing_json.SelfDescribingJson object at 0x000001E6AEB798D0>]}
[0m03:59:01.042245 [debug] [MainThread]: Sending event: {'category': 'dbt', 'action': 'adapter_info', 'label': '5fd41266-11c1-48cb-9096-96ebc1110616', 'context': [<snowplow_tracker.self_describing_json.SelfDescribingJson object at 0x000001E69D6BE050>]}
[0m03:59:01.044063 [info ] [MainThread]: Registered adapter: snowflake=1.11.5
[0m03:59:01.504867 [debug] [MainThread]: checksum: 30a8cc8fdcbf66701b0944d4ccce3fa46dd04b61e5df68b9f16d57b2e0e3f0be, vars: {}, profile: , target: , version: 1.11.11
[0m03:59:01.505831 [info ] [MainThread]: Unable to do partial parsing because saved manifest not found. Starting full parse.
[0m03:59:01.505831 [debug] [MainThread]: Sending event: {'category': 'dbt', 'action': 'partial_parser', 'label': '5fd41266-11c1-48cb-9096-96ebc1110616', 'context': [<snowplow_tracker.self_describing_json.SelfDescribingJson object at 0x000001E6B122EB50>]}
[0m03:59:04.261735 [debug] [MainThread]: Sending event: {'category': 'dbt', 'action': 'load_project', 'label': '5fd41266-11c1-48cb-9096-96ebc1110616', 'context': [<snowplow_tracker.self_describing_json.SelfDescribingJson object at 0x000001E6B15F1610>]}
[0m03:59:04.431744 [debug] [MainThread]: Wrote artifact WritableManifest to C:\Users\guruv\Downloads\Data\Project\AI-Powered-Financial-Risk-Intelligence-Platform\dbt_AI_financial_risk_project\target\manifest.json
[0m03:59:04.436671 [debug] [MainThread]: Wrote artifact SemanticManifest to C:\Users\guruv\Downloads\Data\Project\AI-Powered-Financial-Risk-Intelligence-Platform\dbt_AI_financial_risk_project\target\semantic_manifest.json
[0m03:59:04.456026 [debug] [MainThread]: Sending event: {'category': 'dbt', 'action': 'resource_counts', 'label': '5fd41266-11c1-48cb-9096-96ebc1110616', 'context': [<snowplow_tracker.self_describing_json.SelfDescribingJson object at 0x000001E6B15DAD50>]}
[0m03:59:04.457023 [info ] [MainThread]: Found 3 models, 4 data tests, 536 macros
[0m03:59:04.458022 [debug] [MainThread]: Sending event: {'category': 'dbt', 'action': 'runnable_timing', 'label': '5fd41266-11c1-48cb-9096-96ebc1110616', 'context': [<snowplow_tracker.self_describing_json.SelfDescribingJson object at 0x000001E6B1814190>]}
[0m03:59:04.460073 [info ] [MainThread]: 
[0m03:59:04.460073 [info ] [MainThread]: Concurrency: 4 threads (target='dev')
[0m03:59:04.461027 [info ] [MainThread]: 
[0m03:59:04.461027 [debug] [MainThread]: Acquiring new snowflake connection 'master'
[0m03:59:04.462457 [debug] [ThreadPool]: Acquiring new snowflake connection 'list_FINANCIAL_RISK_INTELLIGENCE'
[0m03:59:04.544203 [debug] [ThreadPool]: Using snowflake connection "list_FINANCIAL_RISK_INTELLIGENCE"
[0m03:59:04.545195 [debug] [ThreadPool]: On list_FINANCIAL_RISK_INTELLIGENCE: show terse schemas in database FINANCIAL_RISK_INTELLIGENCE
    limit 10000
/* {"app": "dbt", "dbt_version": "1.11.11", "profile_name": "dbt_AI_financial_risk_project", "target_name": "dev", "connection_name": "list_FINANCIAL_RISK_INTELLIGENCE"} */
[0m03:59:04.545195 [debug] [ThreadPool]: Opening a new connection, currently in state init
[0m03:59:06.853211 [debug] [ThreadPool]: SQL status: SUCCESS 5 in 2.307 seconds
[0m03:59:06.878208 [debug] [ThreadPool]: Acquiring new snowflake connection 'list_FINANCIAL_RISK_INTELLIGENCE_ANALYTICS'
[0m03:59:06.905198 [debug] [ThreadPool]: Using snowflake connection "list_FINANCIAL_RISK_INTELLIGENCE_ANALYTICS"
[0m03:59:06.906199 [debug] [ThreadPool]: On list_FINANCIAL_RISK_INTELLIGENCE_ANALYTICS: show objects in FINANCIAL_RISK_INTELLIGENCE.ANALYTICS
    limit 10000
    

/* {"app": "dbt", "dbt_version": "1.11.11", "profile_name": "dbt_AI_financial_risk_project", "target_name": "dev", "connection_name": "list_FINANCIAL_RISK_INTELLIGENCE_ANALYTICS"} */;
[0m03:59:06.907197 [debug] [ThreadPool]: Opening a new connection, currently in state init
[0m03:59:08.718858 [debug] [ThreadPool]: SQL status: SUCCESS 7 in 1.812 seconds
[0m03:59:08.731806 [debug] [MainThread]: Sending event: {'category': 'dbt', 'action': 'runnable_timing', 'label': '5fd41266-11c1-48cb-9096-96ebc1110616', 'context': [<snowplow_tracker.self_describing_json.SelfDescribingJson object at 0x000001E6B1975A50>]}
[0m03:59:08.747126 [debug] [Thread-2 (]: Began running node model.dbt_AI_financial_risk_project.stg_complaints
[0m03:59:08.749127 [info ] [Thread-2 (]: 1 of 1 START sql view model ANALYTICS.stg_complaints ........................... [RUN]
[0m03:59:08.751130 [debug] [Thread-2 (]: Acquiring new snowflake connection 'model.dbt_AI_financial_risk_project.stg_complaints'
[0m03:59:08.753285 [debug] [Thread-2 (]: Began compiling node model.dbt_AI_financial_risk_project.stg_complaints
[0m03:59:08.773792 [debug] [Thread-2 (]: Writing injected SQL for node "model.dbt_AI_financial_risk_project.stg_complaints"
[0m03:59:08.778952 [debug] [Thread-2 (]: Began executing node model.dbt_AI_financial_risk_project.stg_complaints
[0m03:59:08.817309 [debug] [Thread-2 (]: Writing runtime sql for node "model.dbt_AI_financial_risk_project.stg_complaints"
[0m03:59:08.822539 [debug] [Thread-2 (]: Using snowflake connection "model.dbt_AI_financial_risk_project.stg_complaints"
[0m03:59:08.822539 [debug] [Thread-2 (]: On model.dbt_AI_financial_risk_project.stg_complaints: create or replace   view FINANCIAL_RISK_INTELLIGENCE.ANALYTICS.stg_complaints
  
  
  
  
  as (
    WITH source_data AS (
    SELECT *
    FROM RAW.RAW_COMPLAINTS
),

cleaned_data AS (
    SELECT *
    FROM source_data
    WHERE "Complaint ID" IS NOT NULL
      AND "Date received" IS NOT NULL
),

deduplicated AS (
    SELECT *
    FROM cleaned_data
    QUALIFY ROW_NUMBER() OVER (
        PARTITION BY "Complaint ID"
        ORDER BY "Date received" DESC
    ) = 1

)

SELECT
    CAST("Complaint ID" AS NUMBER)                         AS complaint_id,
    TO_DATE("Date received")                               AS date_received,
    TRIM("Product")                                        AS product,
    TRIM("Sub-product")                                    AS sub_product,
    TRIM("Issue")                                          AS issue,
    TRIM("Sub-issue")                                      AS sub_issue,
    "Consumer complaint narrative"                         AS consumer_complaint_narrative,
    TRIM("Company public response")                        AS company_public_response,
    UPPER(TRIM("Company"))                                 AS company,
    UPPER(TRIM("State"))                                   AS state,
    TRIM("ZIP code")                                       AS zip_code,
    TRIM("Tags")                                           AS tags,
    TRIM("Consumer consent provided?")                     AS consumer_consent_provided,
    TRIM("Submitted via")                                  AS submitted_via,
    TO_DATE("Date sent to company")                        AS date_sent_to_company,
    TRIM("Company response to consumer")                   AS company_response_to_consumer,
    TRIM("Timely response?")                               AS timely_response,
    TRIM("Consumer disputed?")                             AS consumer_disputed
FROM deduplicated
  )
/* {"app": "dbt", "dbt_version": "1.11.11", "profile_name": "dbt_AI_financial_risk_project", "target_name": "dev", "node_id": "model.dbt_AI_financial_risk_project.stg_complaints"} */;
[0m03:59:08.823539 [debug] [Thread-2 (]: Opening a new connection, currently in state init
[0m03:59:10.674413 [debug] [Thread-2 (]: Snowflake adapter: Snowflake query id: 01c4c69f-0309-1f81-002e-65ff00044232
[0m03:59:10.677510 [debug] [Thread-2 (]: Snowflake adapter: Snowflake error: 002003 (02000): SQL compilation error:
Schema 'FINANCIAL_RISK_INTELLIGENCE.RAW' does not exist or not authorized.
[0m03:59:10.709583 [debug] [Thread-2 (]: Database Error in model stg_complaints (models\silver\stg_complaints.sql)
  002003 (02000): SQL compilation error:
  Schema 'FINANCIAL_RISK_INTELLIGENCE.RAW' does not exist or not authorized.
  compiled code at target\run\dbt_AI_financial_risk_project\models\silver\stg_complaints.sql
[0m03:59:10.713341 [debug] [Thread-2 (]: Sending event: {'category': 'dbt', 'action': 'run_model', 'label': '5fd41266-11c1-48cb-9096-96ebc1110616', 'context': [<snowplow_tracker.self_describing_json.SelfDescribingJson object at 0x000001E6B2BC75D0>]}
[0m03:59:10.714350 [error] [Thread-2 (]: 1 of 1 ERROR creating sql view model ANALYTICS.stg_complaints .................. [[31mERROR[0m in 1.96s]
[0m03:59:10.716360 [debug] [Thread-2 (]: Finished running node model.dbt_AI_financial_risk_project.stg_complaints
[0m03:59:10.717359 [debug] [Thread-8 (]: Marking all children of 'model.dbt_AI_financial_risk_project.stg_complaints' to be skipped because of status 'error'.  Reason: Database Error in model stg_complaints (models\silver\stg_complaints.sql)
  002003 (02000): SQL compilation error:
  Schema 'FINANCIAL_RISK_INTELLIGENCE.RAW' does not exist or not authorized.
  compiled code at target\run\dbt_AI_financial_risk_project\models\silver\stg_complaints.sql.
[0m03:59:10.720364 [debug] [MainThread]: Connection 'master' was properly closed.
[0m03:59:10.721399 [debug] [MainThread]: Connection 'list_FINANCIAL_RISK_INTELLIGENCE' was left open.
[0m03:59:10.722480 [debug] [MainThread]: On list_FINANCIAL_RISK_INTELLIGENCE: Close
[0m03:59:11.346047 [debug] [MainThread]: Connection 'list_FINANCIAL_RISK_INTELLIGENCE_ANALYTICS' was left open.
[0m03:59:11.349024 [debug] [MainThread]: On list_FINANCIAL_RISK_INTELLIGENCE_ANALYTICS: Close
[0m03:59:11.994118 [debug] [MainThread]: Connection 'model.dbt_AI_financial_risk_project.stg_complaints' was left open.
[0m03:59:11.996125 [debug] [MainThread]: On model.dbt_AI_financial_risk_project.stg_complaints: Close
[0m03:59:12.638439 [info ] [MainThread]: 
[0m03:59:12.642389 [info ] [MainThread]: Finished running 1 view model in 0 hours 0 minutes and 8.18 seconds (8.18s).
[0m03:59:12.646440 [debug] [MainThread]: Command end result
[0m03:59:12.726593 [debug] [MainThread]: Wrote artifact WritableManifest to C:\Users\guruv\Downloads\Data\Project\AI-Powered-Financial-Risk-Intelligence-Platform\dbt_AI_financial_risk_project\target\manifest.json
[0m03:59:12.729690 [debug] [MainThread]: Wrote artifact SemanticManifest to C:\Users\guruv\Downloads\Data\Project\AI-Powered-Financial-Risk-Intelligence-Platform\dbt_AI_financial_risk_project\target\semantic_manifest.json
[0m03:59:12.738688 [debug] [MainThread]: Wrote artifact RunExecutionResult to C:\Users\guruv\Downloads\Data\Project\AI-Powered-Financial-Risk-Intelligence-Platform\dbt_AI_financial_risk_project\target\run_results.json
[0m03:59:12.739688 [info ] [MainThread]: 
[0m03:59:12.739688 [info ] [MainThread]: [31mCompleted with 1 error, 0 partial successes, and 0 warnings:[0m
[0m03:59:12.740690 [info ] [MainThread]: 
[0m03:59:12.741689 [error] [MainThread]: [31mFailure in model stg_complaints (models\silver\stg_complaints.sql)[0m
[0m03:59:12.741689 [error] [MainThread]:   Database Error in model stg_complaints (models\silver\stg_complaints.sql)
  002003 (02000): SQL compilation error:
  Schema 'FINANCIAL_RISK_INTELLIGENCE.RAW' does not exist or not authorized.
  compiled code at target\run\dbt_AI_financial_risk_project\models\silver\stg_complaints.sql
[0m03:59:12.742840 [info ] [MainThread]: 
[0m03:59:12.743854 [info ] [MainThread]:   compiled code at target\compiled\dbt_AI_financial_risk_project\models\silver\stg_complaints.sql
[0m03:59:12.743854 [info ] [MainThread]: 
[0m03:59:12.744854 [info ] [MainThread]: Done. PASS=0 WARN=0 ERROR=1 SKIP=0 NO-OP=0 TOTAL=1
[0m03:59:12.745851 [debug] [MainThread]: Command `dbt run` failed at 03:59:12.745851 after 13.12 seconds
[0m03:59:12.746851 [debug] [MainThread]: Sending event: {'category': 'dbt', 'action': 'invocation', 'label': 'end', 'context': [<snowplow_tracker.self_describing_json.SelfDescribingJson object at 0x000001E69E6DEF10>, <snowplow_tracker.self_describing_json.SelfDescribingJson object at 0x000001E69E62D150>, <snowplow_tracker.self_describing_json.SelfDescribingJson object at 0x000001E69DEA2E10>]}
[0m03:59:12.746851 [debug] [MainThread]: Flushing usage events
[0m03:59:14.009627 [debug] [MainThread]: An error was encountered while trying to flush usage events
[0m04:03:04.706339 [debug] [MainThread]: Sending event: {'category': 'dbt', 'action': 'invocation', 'label': 'start', 'context': [<snowplow_tracker.self_describing_json.SelfDescribingJson object at 0x000002487BF6E990>, <snowplow_tracker.self_describing_json.SelfDescribingJson object at 0x000002487BD09FD0>, <snowplow_tracker.self_describing_json.SelfDescribingJson object at 0x000002487D013D50>]}


============================== 04:03:04.710337 | b97898f5-963b-4a17-9385-8cdfd83f15e7 ==============================
[0m04:03:04.710337 [info ] [MainThread]: Running with dbt=1.11.11
[0m04:03:04.711298 [debug] [MainThread]: running dbt with arguments {'static_parser': 'True', 'no_print': 'None', 'version_check': 'True', 'target_path': 'None', 'warn_error_options': 'WarnErrorOptionsV2(error=[], warn=[], silence=[])', 'printer_width': '80', 'write_json': 'True', 'introspect': 'True', 'log_cache_events': 'False', 'empty': 'False', 'cache_selected_only': 'False', 'fail_fast': 'False', 'debug': 'False', 'log_format': 'default', 'partial_parse': 'True', 'send_anonymous_usage_stats': 'True', 'quiet': 'False', 'warn_error': 'None', 'profiles_dir': 'C:\\Users\\guruv\\Downloads\\Data\\Project\\AI-Powered-Financial-Risk-Intelligence-Platform\\dbt_AI_financial_risk_project', 'invocation_command': 'dbt run --select stg_complaints', 'use_colors': 'True', 'indirect_selection': 'eager', 'use_experimental_parser': 'False', 'log_path': 'C:\\Users\\guruv\\Downloads\\Data\\Project\\AI-Powered-Financial-Risk-Intelligence-Platform\\dbt_AI_financial_risk_project\\logs'}
[0m04:03:05.591806 [debug] [MainThread]: Snowflake adapter: Setting snowflake.connector to ERROR (file logging only)
[0m04:03:05.592812 [debug] [MainThread]: Snowflake adapter: Setting botocore to ERROR (file logging only)
[0m04:03:05.593812 [debug] [MainThread]: Snowflake adapter: Setting boto3 to ERROR (file logging only)
[0m04:03:05.802229 [debug] [MainThread]: Sending event: {'category': 'dbt', 'action': 'project_id', 'label': 'b97898f5-963b-4a17-9385-8cdfd83f15e7', 'context': [<snowplow_tracker.self_describing_json.SelfDescribingJson object at 0x000002480F1E1150>]}
[0m04:03:05.860229 [debug] [MainThread]: Sending event: {'category': 'dbt', 'action': 'adapter_info', 'label': 'b97898f5-963b-4a17-9385-8cdfd83f15e7', 'context': [<snowplow_tracker.self_describing_json.SelfDescribingJson object at 0x000002487CFEFA10>]}
[0m04:03:05.862112 [info ] [MainThread]: Registered adapter: snowflake=1.11.5
[0m04:03:06.301592 [debug] [MainThread]: checksum: 30a8cc8fdcbf66701b0944d4ccce3fa46dd04b61e5df68b9f16d57b2e0e3f0be, vars: {}, profile: , target: , version: 1.11.11
[0m04:03:06.658417 [debug] [MainThread]: Partial parsing enabled: 0 files deleted, 0 files added, 1 files changed.
[0m04:03:06.658417 [debug] [MainThread]: Partial parsing: updated file: dbt_AI_financial_risk_project://models\silver\stg_complaints.sql
[0m04:03:06.903551 [debug] [MainThread]: Sending event: {'category': 'dbt', 'action': 'load_project', 'label': 'b97898f5-963b-4a17-9385-8cdfd83f15e7', 'context': [<snowplow_tracker.self_describing_json.SelfDescribingJson object at 0x000002480F180C10>]}
[0m04:03:06.980555 [debug] [MainThread]: Wrote artifact WritableManifest to C:\Users\guruv\Downloads\Data\Project\AI-Powered-Financial-Risk-Intelligence-Platform\dbt_AI_financial_risk_project\target\manifest.json
[0m04:03:06.983520 [debug] [MainThread]: Wrote artifact SemanticManifest to C:\Users\guruv\Downloads\Data\Project\AI-Powered-Financial-Risk-Intelligence-Platform\dbt_AI_financial_risk_project\target\semantic_manifest.json
[0m04:03:06.994171 [debug] [MainThread]: Sending event: {'category': 'dbt', 'action': 'resource_counts', 'label': 'b97898f5-963b-4a17-9385-8cdfd83f15e7', 'context': [<snowplow_tracker.self_describing_json.SelfDescribingJson object at 0x000002480F5DBAD0>]}
[0m04:03:06.995377 [info ] [MainThread]: Found 3 models, 4 data tests, 536 macros
[0m04:03:06.995377 [debug] [MainThread]: Sending event: {'category': 'dbt', 'action': 'runnable_timing', 'label': 'b97898f5-963b-4a17-9385-8cdfd83f15e7', 'context': [<snowplow_tracker.self_describing_json.SelfDescribingJson object at 0x000002480F96C790>]}
[0m04:03:06.997435 [info ] [MainThread]: 
[0m04:03:06.998436 [info ] [MainThread]: Concurrency: 4 threads (target='dev')
[0m04:03:06.998436 [info ] [MainThread]: 
[0m04:03:06.999446 [debug] [MainThread]: Acquiring new snowflake connection 'master'
[0m04:03:07.000426 [debug] [ThreadPool]: Acquiring new snowflake connection 'list_FINANCIAL_RISK_INTELLIGENCE'
[0m04:03:07.079316 [debug] [ThreadPool]: Using snowflake connection "list_FINANCIAL_RISK_INTELLIGENCE"
[0m04:03:07.079316 [debug] [ThreadPool]: On list_FINANCIAL_RISK_INTELLIGENCE: show terse schemas in database FINANCIAL_RISK_INTELLIGENCE
    limit 10000
/* {"app": "dbt", "dbt_version": "1.11.11", "profile_name": "dbt_AI_financial_risk_project", "target_name": "dev", "connection_name": "list_FINANCIAL_RISK_INTELLIGENCE"} */
[0m04:03:07.080266 [debug] [ThreadPool]: Opening a new connection, currently in state init
[0m04:03:11.914560 [debug] [ThreadPool]: SQL status: SUCCESS 5 in 4.834 seconds
[0m04:03:11.937643 [debug] [ThreadPool]: Acquiring new snowflake connection 'list_FINANCIAL_RISK_INTELLIGENCE_ANALYTICS'
[0m04:03:12.048645 [debug] [ThreadPool]: Using snowflake connection "list_FINANCIAL_RISK_INTELLIGENCE_ANALYTICS"
[0m04:03:12.049685 [debug] [ThreadPool]: On list_FINANCIAL_RISK_INTELLIGENCE_ANALYTICS: show objects in FINANCIAL_RISK_INTELLIGENCE.ANALYTICS
    limit 10000
    

/* {"app": "dbt", "dbt_version": "1.11.11", "profile_name": "dbt_AI_financial_risk_project", "target_name": "dev", "connection_name": "list_FINANCIAL_RISK_INTELLIGENCE_ANALYTICS"} */;
[0m04:03:12.050685 [debug] [ThreadPool]: Opening a new connection, currently in state init
[0m04:03:13.906589 [debug] [ThreadPool]: SQL status: SUCCESS 7 in 1.856 seconds
[0m04:03:13.911540 [debug] [MainThread]: Sending event: {'category': 'dbt', 'action': 'runnable_timing', 'label': 'b97898f5-963b-4a17-9385-8cdfd83f15e7', 'context': [<snowplow_tracker.self_describing_json.SelfDescribingJson object at 0x000002480F4BA4D0>]}
[0m04:03:13.919546 [debug] [Thread-2 (]: Began running node model.dbt_AI_financial_risk_project.stg_complaints
[0m04:03:13.920583 [info ] [Thread-2 (]: 1 of 1 START sql view model ANALYTICS.stg_complaints ........................... [RUN]
[0m04:03:13.921540 [debug] [Thread-2 (]: Acquiring new snowflake connection 'model.dbt_AI_financial_risk_project.stg_complaints'
[0m04:03:13.921540 [debug] [Thread-2 (]: Began compiling node model.dbt_AI_financial_risk_project.stg_complaints
[0m04:03:13.928950 [debug] [Thread-2 (]: Writing injected SQL for node "model.dbt_AI_financial_risk_project.stg_complaints"
[0m04:03:13.929909 [debug] [Thread-2 (]: Began executing node model.dbt_AI_financial_risk_project.stg_complaints
[0m04:03:13.964448 [debug] [Thread-2 (]: Writing runtime sql for node "model.dbt_AI_financial_risk_project.stg_complaints"
[0m04:03:13.968665 [debug] [Thread-2 (]: Using snowflake connection "model.dbt_AI_financial_risk_project.stg_complaints"
[0m04:03:13.969667 [debug] [Thread-2 (]: On model.dbt_AI_financial_risk_project.stg_complaints: create or replace   view FINANCIAL_RISK_INTELLIGENCE.ANALYTICS.stg_complaints
  
  
  
  
  as (
    -- 1. Ensure you are operating in the correct context
USE ROLE ACCOUNTADMIN
/* {"app": "dbt", "dbt_version": "1.11.11", "profile_name": "dbt_AI_financial_risk_project", "target_name": "dev", "node_id": "model.dbt_AI_financial_risk_project.stg_complaints"} */;
[0m04:03:13.970665 [debug] [Thread-2 (]: Opening a new connection, currently in state init
[0m04:03:16.032796 [debug] [Thread-2 (]: Snowflake adapter: Snowflake query id: 01c4c6a3-0309-1f74-002e-65ff000386a6
[0m04:03:16.034789 [debug] [Thread-2 (]: Snowflake adapter: Snowflake error: 001003 (42000): SQL compilation error:
syntax error line 8 at position 0 unexpected 'USE'.
[0m04:03:16.046773 [debug] [Thread-2 (]: Database Error in model stg_complaints (models\silver\stg_complaints.sql)
  001003 (42000): SQL compilation error:
  syntax error line 8 at position 0 unexpected 'USE'.
  compiled code at target\run\dbt_AI_financial_risk_project\models\silver\stg_complaints.sql
[0m04:03:16.051445 [debug] [Thread-2 (]: Sending event: {'category': 'dbt', 'action': 'run_model', 'label': 'b97898f5-963b-4a17-9385-8cdfd83f15e7', 'context': [<snowplow_tracker.self_describing_json.SelfDescribingJson object at 0x000002480F1FD350>]}
[0m04:03:16.053459 [error] [Thread-2 (]: 1 of 1 ERROR creating sql view model ANALYTICS.stg_complaints .................. [[31mERROR[0m in 2.13s]
[0m04:03:16.055513 [debug] [Thread-2 (]: Finished running node model.dbt_AI_financial_risk_project.stg_complaints
[0m04:03:16.057520 [debug] [Thread-8 (]: Marking all children of 'model.dbt_AI_financial_risk_project.stg_complaints' to be skipped because of status 'error'.  Reason: Database Error in model stg_complaints (models\silver\stg_complaints.sql)
  001003 (42000): SQL compilation error:
  syntax error line 8 at position 0 unexpected 'USE'.
  compiled code at target\run\dbt_AI_financial_risk_project\models\silver\stg_complaints.sql.
[0m04:03:16.061540 [debug] [MainThread]: Connection 'master' was properly closed.
[0m04:03:16.062491 [debug] [MainThread]: Connection 'list_FINANCIAL_RISK_INTELLIGENCE' was left open.
[0m04:03:16.062491 [debug] [MainThread]: On list_FINANCIAL_RISK_INTELLIGENCE: Close
[0m04:03:17.068411 [debug] [MainThread]: Connection 'list_FINANCIAL_RISK_INTELLIGENCE_ANALYTICS' was left open.
[0m04:03:17.071399 [debug] [MainThread]: On list_FINANCIAL_RISK_INTELLIGENCE_ANALYTICS: Close
[0m04:03:17.743976 [debug] [MainThread]: Connection 'model.dbt_AI_financial_risk_project.stg_complaints' was left open.
[0m04:03:17.745973 [debug] [MainThread]: On model.dbt_AI_financial_risk_project.stg_complaints: Close
[0m04:03:18.330895 [info ] [MainThread]: 
[0m04:03:18.333897 [info ] [MainThread]: Finished running 1 view model in 0 hours 0 minutes and 11.33 seconds (11.33s).
[0m04:03:18.337959 [debug] [MainThread]: Command end result
[0m04:03:18.400069 [debug] [MainThread]: Wrote artifact WritableManifest to C:\Users\guruv\Downloads\Data\Project\AI-Powered-Financial-Risk-Intelligence-Platform\dbt_AI_financial_risk_project\target\manifest.json
[0m04:03:18.403069 [debug] [MainThread]: Wrote artifact SemanticManifest to C:\Users\guruv\Downloads\Data\Project\AI-Powered-Financial-Risk-Intelligence-Platform\dbt_AI_financial_risk_project\target\semantic_manifest.json
[0m04:03:18.409068 [debug] [MainThread]: Wrote artifact RunExecutionResult to C:\Users\guruv\Downloads\Data\Project\AI-Powered-Financial-Risk-Intelligence-Platform\dbt_AI_financial_risk_project\target\run_results.json
[0m04:03:18.409068 [info ] [MainThread]: 
[0m04:03:18.410068 [info ] [MainThread]: [31mCompleted with 1 error, 0 partial successes, and 0 warnings:[0m
[0m04:03:18.410068 [info ] [MainThread]: 
[0m04:03:18.411108 [error] [MainThread]: [31mFailure in model stg_complaints (models\silver\stg_complaints.sql)[0m
[0m04:03:18.411108 [error] [MainThread]:   Database Error in model stg_complaints (models\silver\stg_complaints.sql)
  001003 (42000): SQL compilation error:
  syntax error line 8 at position 0 unexpected 'USE'.
  compiled code at target\run\dbt_AI_financial_risk_project\models\silver\stg_complaints.sql
[0m04:03:18.412256 [info ] [MainThread]: 
[0m04:03:18.413257 [info ] [MainThread]:   compiled code at target\compiled\dbt_AI_financial_risk_project\models\silver\stg_complaints.sql
[0m04:03:18.413257 [info ] [MainThread]: 
[0m04:03:18.414254 [info ] [MainThread]: Done. PASS=0 WARN=0 ERROR=1 SKIP=0 NO-OP=0 TOTAL=1
[0m04:03:18.415304 [debug] [MainThread]: Command `dbt run` failed at 04:03:18.415304 after 13.80 seconds
[0m04:03:18.416324 [debug] [MainThread]: Sending event: {'category': 'dbt', 'action': 'invocation', 'label': 'end', 'context': [<snowplow_tracker.self_describing_json.SelfDescribingJson object at 0x000002487D0129D0>, <snowplow_tracker.self_describing_json.SelfDescribingJson object at 0x000002480F55D190>, <snowplow_tracker.self_describing_json.SelfDescribingJson object at 0x000002487BFCFC50>]}
[0m04:03:18.416324 [debug] [MainThread]: Flushing usage events
[0m04:03:19.679291 [debug] [MainThread]: An error was encountered while trying to flush usage events
[0m04:05:54.932212 [debug] [MainThread]: Sending event: {'category': 'dbt', 'action': 'invocation', 'label': 'start', 'context': [<snowplow_tracker.self_describing_json.SelfDescribingJson object at 0x000002977BD37010>, <snowplow_tracker.self_describing_json.SelfDescribingJson object at 0x000002977C4FFED0>, <snowplow_tracker.self_describing_json.SelfDescribingJson object at 0x000002977C4FFE50>]}


============================== 04:05:54.935209 | 4110f5ad-0cbf-41db-9f51-d323eabe6e16 ==============================
[0m04:05:54.935209 [info ] [MainThread]: Running with dbt=1.11.11
[0m04:05:54.936209 [debug] [MainThread]: running dbt with arguments {'version_check': 'True', 'no_print': 'None', 'static_parser': 'True', 'warn_error_options': 'WarnErrorOptionsV2(error=[], warn=[], silence=[])', 'target_path': 'None', 'printer_width': '80', 'write_json': 'True', 'empty': 'False', 'log_cache_events': 'False', 'introspect': 'True', 'cache_selected_only': 'False', 'fail_fast': 'False', 'debug': 'False', 'log_format': 'default', 'partial_parse': 'True', 'send_anonymous_usage_stats': 'True', 'quiet': 'False', 'warn_error': 'None', 'profiles_dir': 'C:\\Users\\guruv\\Downloads\\Data\\Project\\AI-Powered-Financial-Risk-Intelligence-Platform\\dbt_AI_financial_risk_project', 'indirect_selection': 'eager', 'invocation_command': 'dbt run --select stg_complaints', 'use_colors': 'True', 'use_experimental_parser': 'False', 'log_path': 'C:\\Users\\guruv\\Downloads\\Data\\Project\\AI-Powered-Financial-Risk-Intelligence-Platform\\dbt_AI_financial_risk_project\\logs'}
[0m04:05:55.827919 [debug] [MainThread]: Snowflake adapter: Setting snowflake.connector to ERROR (file logging only)
[0m04:05:55.828904 [debug] [MainThread]: Snowflake adapter: Setting botocore to ERROR (file logging only)
[0m04:05:55.828904 [debug] [MainThread]: Snowflake adapter: Setting boto3 to ERROR (file logging only)
[0m04:05:56.032678 [debug] [MainThread]: Sending event: {'category': 'dbt', 'action': 'project_id', 'label': '4110f5ad-0cbf-41db-9f51-d323eabe6e16', 'context': [<snowplow_tracker.self_describing_json.SelfDescribingJson object at 0x000002970EE4F250>]}
[0m04:05:56.090689 [debug] [MainThread]: Sending event: {'category': 'dbt', 'action': 'adapter_info', 'label': '4110f5ad-0cbf-41db-9f51-d323eabe6e16', 'context': [<snowplow_tracker.self_describing_json.SelfDescribingJson object at 0x000002977B58E1D0>]}
[0m04:05:56.092647 [info ] [MainThread]: Registered adapter: snowflake=1.11.5
[0m04:05:56.538394 [debug] [MainThread]: checksum: 30a8cc8fdcbf66701b0944d4ccce3fa46dd04b61e5df68b9f16d57b2e0e3f0be, vars: {}, profile: , target: , version: 1.11.11
[0m04:05:56.707531 [debug] [MainThread]: Partial parsing enabled: 0 files deleted, 0 files added, 1 files changed.
[0m04:05:56.707531 [debug] [MainThread]: Partial parsing: updated file: dbt_AI_financial_risk_project://models\silver\stg_complaints.sql
[0m04:05:56.951630 [debug] [MainThread]: Sending event: {'category': 'dbt', 'action': 'load_project', 'label': '4110f5ad-0cbf-41db-9f51-d323eabe6e16', 'context': [<snowplow_tracker.self_describing_json.SelfDescribingJson object at 0x000002970F4900D0>]}
[0m04:05:57.028636 [debug] [MainThread]: Wrote artifact WritableManifest to C:\Users\guruv\Downloads\Data\Project\AI-Powered-Financial-Risk-Intelligence-Platform\dbt_AI_financial_risk_project\target\manifest.json
[0m04:05:57.031591 [debug] [MainThread]: Wrote artifact SemanticManifest to C:\Users\guruv\Downloads\Data\Project\AI-Powered-Financial-Risk-Intelligence-Platform\dbt_AI_financial_risk_project\target\semantic_manifest.json
[0m04:05:57.042591 [debug] [MainThread]: Sending event: {'category': 'dbt', 'action': 'resource_counts', 'label': '4110f5ad-0cbf-41db-9f51-d323eabe6e16', 'context': [<snowplow_tracker.self_describing_json.SelfDescribingJson object at 0x000002970F2B9910>]}
[0m04:05:57.043610 [info ] [MainThread]: Found 3 models, 4 data tests, 536 macros
[0m04:05:57.043610 [debug] [MainThread]: Sending event: {'category': 'dbt', 'action': 'runnable_timing', 'label': '4110f5ad-0cbf-41db-9f51-d323eabe6e16', 'context': [<snowplow_tracker.self_describing_json.SelfDescribingJson object at 0x000002970EDAC590>]}
[0m04:05:57.045591 [info ] [MainThread]: 
[0m04:05:57.046603 [info ] [MainThread]: Concurrency: 4 threads (target='dev')
[0m04:05:57.046603 [info ] [MainThread]: 
[0m04:05:57.047589 [debug] [MainThread]: Acquiring new snowflake connection 'master'
[0m04:05:57.048591 [debug] [ThreadPool]: Acquiring new snowflake connection 'list_FINANCIAL_RISK_INTELLIGENCE'
[0m04:05:57.128902 [debug] [ThreadPool]: Using snowflake connection "list_FINANCIAL_RISK_INTELLIGENCE"
[0m04:05:57.129865 [debug] [ThreadPool]: On list_FINANCIAL_RISK_INTELLIGENCE: show terse schemas in database FINANCIAL_RISK_INTELLIGENCE
    limit 10000
/* {"app": "dbt", "dbt_version": "1.11.11", "profile_name": "dbt_AI_financial_risk_project", "target_name": "dev", "connection_name": "list_FINANCIAL_RISK_INTELLIGENCE"} */
[0m04:05:57.129865 [debug] [ThreadPool]: Opening a new connection, currently in state init
[0m04:05:59.037356 [debug] [ThreadPool]: SQL status: SUCCESS 5 in 1.907 seconds
[0m04:05:59.063345 [debug] [ThreadPool]: Acquiring new snowflake connection 'list_FINANCIAL_RISK_INTELLIGENCE_ANALYTICS'
[0m04:05:59.171318 [debug] [ThreadPool]: Using snowflake connection "list_FINANCIAL_RISK_INTELLIGENCE_ANALYTICS"
[0m04:05:59.172277 [debug] [ThreadPool]: On list_FINANCIAL_RISK_INTELLIGENCE_ANALYTICS: show objects in FINANCIAL_RISK_INTELLIGENCE.ANALYTICS
    limit 10000
    

/* {"app": "dbt", "dbt_version": "1.11.11", "profile_name": "dbt_AI_financial_risk_project", "target_name": "dev", "connection_name": "list_FINANCIAL_RISK_INTELLIGENCE_ANALYTICS"} */;
[0m04:05:59.173277 [debug] [ThreadPool]: Opening a new connection, currently in state init
[0m04:06:01.937134 [debug] [ThreadPool]: SQL status: SUCCESS 7 in 2.764 seconds
[0m04:06:01.943117 [debug] [MainThread]: Sending event: {'category': 'dbt', 'action': 'runnable_timing', 'label': '4110f5ad-0cbf-41db-9f51-d323eabe6e16', 'context': [<snowplow_tracker.self_describing_json.SelfDescribingJson object at 0x000002970F481CD0>]}
[0m04:06:01.949125 [debug] [Thread-2 (]: Began running node model.dbt_AI_financial_risk_project.stg_complaints
[0m04:06:01.950111 [info ] [Thread-2 (]: 1 of 1 START sql view model ANALYTICS.stg_complaints ........................... [RUN]
[0m04:06:01.951084 [debug] [Thread-2 (]: Acquiring new snowflake connection 'model.dbt_AI_financial_risk_project.stg_complaints'
[0m04:06:01.952120 [debug] [Thread-2 (]: Began compiling node model.dbt_AI_financial_risk_project.stg_complaints
[0m04:06:01.961119 [debug] [Thread-2 (]: Writing injected SQL for node "model.dbt_AI_financial_risk_project.stg_complaints"
[0m04:06:01.963131 [debug] [Thread-2 (]: Began executing node model.dbt_AI_financial_risk_project.stg_complaints
[0m04:06:01.994137 [debug] [Thread-2 (]: Writing runtime sql for node "model.dbt_AI_financial_risk_project.stg_complaints"
[0m04:06:01.997140 [debug] [Thread-2 (]: Using snowflake connection "model.dbt_AI_financial_risk_project.stg_complaints"
[0m04:06:01.997140 [debug] [Thread-2 (]: On model.dbt_AI_financial_risk_project.stg_complaints: create or replace   view FINANCIAL_RISK_INTELLIGENCE.ANALYTICS.stg_complaints
  
  
  
  
  as (
    WITH source_data AS (
    SELECT *
    FROM ANALYTICS.RAW_COMPLAINTS
),

cleaned_data AS (
    SELECT *
    FROM source_data
    WHERE "Complaint ID" IS NOT NULL
      AND "Date received" IS NOT NULL
),

deduplicated AS (
    SELECT *
    FROM cleaned_data
    QUALIFY ROW_NUMBER() OVER (
        PARTITION BY "Complaint ID"
        ORDER BY "Date received" DESC
    ) = 1

)

SELECT
    CAST("Complaint ID" AS NUMBER)                         AS complaint_id,
    TO_DATE("Date received")                               AS date_received,
    TRIM("Product")                                        AS product,
    TRIM("Sub-product")                                    AS sub_product,
    TRIM("Issue")                                          AS issue,
    TRIM("Sub-issue")                                      AS sub_issue,
    "Consumer complaint narrative"                         AS consumer_complaint_narrative,
    TRIM("Company public response")                        AS company_public_response,
    UPPER(TRIM("Company"))                                 AS company,
    UPPER(TRIM("State"))                                   AS state,
    TRIM("ZIP code")                                       AS zip_code,
    TRIM("Tags")                                           AS tags,
    TRIM("Consumer consent provided?")                     AS consumer_consent_provided,
    TRIM("Submitted via")                                  AS submitted_via,
    TO_DATE("Date sent to company")                        AS date_sent_to_company,
    TRIM("Company response to consumer")                   AS company_response_to_consumer,
    TRIM("Timely response?")                               AS timely_response,
    TRIM("Consumer disputed?")                             AS consumer_disputed
FROM deduplicated
  )
/* {"app": "dbt", "dbt_version": "1.11.11", "profile_name": "dbt_AI_financial_risk_project", "target_name": "dev", "node_id": "model.dbt_AI_financial_risk_project.stg_complaints"} */;
[0m04:06:01.998141 [debug] [Thread-2 (]: Opening a new connection, currently in state init
[0m04:06:03.813894 [debug] [Thread-2 (]: Snowflake adapter: Snowflake query id: 01c4c6a6-0309-3074-002e-65ff00049202
[0m04:06:03.816847 [debug] [Thread-2 (]: Snowflake adapter: Snowflake error: 000904 (42000): SQL compilation error: error line 15 at position 10
invalid identifier '"Complaint ID"'
[0m04:06:03.828875 [debug] [Thread-2 (]: Database Error in model stg_complaints (models\silver\stg_complaints.sql)
  000904 (42000): SQL compilation error: error line 15 at position 10
  invalid identifier '"Complaint ID"'
  compiled code at target\run\dbt_AI_financial_risk_project\models\silver\stg_complaints.sql
[0m04:06:03.832827 [debug] [Thread-2 (]: Sending event: {'category': 'dbt', 'action': 'run_model', 'label': '4110f5ad-0cbf-41db-9f51-d323eabe6e16', 'context': [<snowplow_tracker.self_describing_json.SelfDescribingJson object at 0x000002970F131E10>]}
[0m04:06:03.833860 [error] [Thread-2 (]: 1 of 1 ERROR creating sql view model ANALYTICS.stg_complaints .................. [[31mERROR[0m in 1.88s]
[0m04:06:03.835819 [debug] [Thread-2 (]: Finished running node model.dbt_AI_financial_risk_project.stg_complaints
[0m04:06:03.836862 [debug] [Thread-8 (]: Marking all children of 'model.dbt_AI_financial_risk_project.stg_complaints' to be skipped because of status 'error'.  Reason: Database Error in model stg_complaints (models\silver\stg_complaints.sql)
  000904 (42000): SQL compilation error: error line 15 at position 10
  invalid identifier '"Complaint ID"'
  compiled code at target\run\dbt_AI_financial_risk_project\models\silver\stg_complaints.sql.
[0m04:06:03.840819 [debug] [MainThread]: Connection 'master' was properly closed.
[0m04:06:03.841819 [debug] [MainThread]: Connection 'list_FINANCIAL_RISK_INTELLIGENCE' was left open.
[0m04:06:03.842819 [debug] [MainThread]: On list_FINANCIAL_RISK_INTELLIGENCE: Close
[0m04:06:04.539983 [debug] [MainThread]: Connection 'list_FINANCIAL_RISK_INTELLIGENCE_ANALYTICS' was left open.
[0m04:06:04.541486 [debug] [MainThread]: On list_FINANCIAL_RISK_INTELLIGENCE_ANALYTICS: Close
[0m04:06:05.319947 [debug] [MainThread]: Connection 'model.dbt_AI_financial_risk_project.stg_complaints' was left open.
[0m04:06:05.321948 [debug] [MainThread]: On model.dbt_AI_financial_risk_project.stg_complaints: Close
[0m04:06:05.991440 [info ] [MainThread]: 
[0m04:06:05.995671 [info ] [MainThread]: Finished running 1 view model in 0 hours 0 minutes and 8.94 seconds (8.94s).
[0m04:06:05.999974 [debug] [MainThread]: Command end result
[0m04:06:06.058500 [debug] [MainThread]: Wrote artifact WritableManifest to C:\Users\guruv\Downloads\Data\Project\AI-Powered-Financial-Risk-Intelligence-Platform\dbt_AI_financial_risk_project\target\manifest.json
[0m04:06:06.061452 [debug] [MainThread]: Wrote artifact SemanticManifest to C:\Users\guruv\Downloads\Data\Project\AI-Powered-Financial-Risk-Intelligence-Platform\dbt_AI_financial_risk_project\target\semantic_manifest.json
[0m04:06:06.067490 [debug] [MainThread]: Wrote artifact RunExecutionResult to C:\Users\guruv\Downloads\Data\Project\AI-Powered-Financial-Risk-Intelligence-Platform\dbt_AI_financial_risk_project\target\run_results.json
[0m04:06:06.067490 [info ] [MainThread]: 
[0m04:06:06.068492 [info ] [MainThread]: [31mCompleted with 1 error, 0 partial successes, and 0 warnings:[0m
[0m04:06:06.069467 [info ] [MainThread]: 
[0m04:06:06.069467 [error] [MainThread]: [31mFailure in model stg_complaints (models\silver\stg_complaints.sql)[0m
[0m04:06:06.070453 [error] [MainThread]:   Database Error in model stg_complaints (models\silver\stg_complaints.sql)
  000904 (42000): SQL compilation error: error line 15 at position 10
  invalid identifier '"Complaint ID"'
  compiled code at target\run\dbt_AI_financial_risk_project\models\silver\stg_complaints.sql
[0m04:06:06.071504 [info ] [MainThread]: 
[0m04:06:06.071504 [info ] [MainThread]:   compiled code at target\compiled\dbt_AI_financial_risk_project\models\silver\stg_complaints.sql
[0m04:06:06.072492 [info ] [MainThread]: 
[0m04:06:06.072492 [info ] [MainThread]: Done. PASS=0 WARN=0 ERROR=1 SKIP=0 NO-OP=0 TOTAL=1
[0m04:06:06.074970 [debug] [MainThread]: Command `dbt run` failed at 04:06:06.074970 after 11.23 seconds
[0m04:06:06.076039 [debug] [MainThread]: Sending event: {'category': 'dbt', 'action': 'invocation', 'label': 'end', 'context': [<snowplow_tracker.self_describing_json.SelfDescribingJson object at 0x00000297757606D0>, <snowplow_tracker.self_describing_json.SelfDescribingJson object at 0x0000029775760710>, <snowplow_tracker.self_describing_json.SelfDescribingJson object at 0x000002970EEC8450>]}
[0m04:06:06.076983 [debug] [MainThread]: Flushing usage events
[0m04:06:07.342620 [debug] [MainThread]: An error was encountered while trying to flush usage events
[0m04:11:44.052116 [debug] [MainThread]: Sending event: {'category': 'dbt', 'action': 'invocation', 'label': 'start', 'context': [<snowplow_tracker.self_describing_json.SelfDescribingJson object at 0x000002AA30EFEA50>, <snowplow_tracker.self_describing_json.SelfDescribingJson object at 0x000002AA31F7C510>, <snowplow_tracker.self_describing_json.SelfDescribingJson object at 0x000002AA30E4C650>]}


============================== 04:11:44.056117 | 75b976c1-2d73-4620-b247-9e9e335eed3e ==============================
[0m04:11:44.056117 [info ] [MainThread]: Running with dbt=1.11.11
[0m04:11:44.057117 [debug] [MainThread]: running dbt with arguments {'version_check': 'True', 'no_print': 'None', 'static_parser': 'True', 'warn_error_options': 'WarnErrorOptionsV2(error=[], warn=[], silence=[])', 'target_path': 'None', 'printer_width': '80', 'write_json': 'True', 'introspect': 'True', 'log_cache_events': 'False', 'empty': 'False', 'cache_selected_only': 'False', 'log_format': 'default', 'debug': 'False', 'fail_fast': 'False', 'partial_parse': 'True', 'send_anonymous_usage_stats': 'True', 'quiet': 'False', 'warn_error': 'None', 'profiles_dir': '.', 'invocation_command': 'dbt run --select stg_complaints --profiles-dir .', 'use_colors': 'True', 'indirect_selection': 'eager', 'use_experimental_parser': 'False', 'log_path': 'C:\\Users\\guruv\\Downloads\\Data\\Project\\AI-Powered-Financial-Risk-Intelligence-Platform\\dbt_AI_financial_risk_project\\logs'}
[0m04:11:44.964931 [debug] [MainThread]: Snowflake adapter: Setting snowflake.connector to ERROR (file logging only)
[0m04:11:44.965876 [debug] [MainThread]: Snowflake adapter: Setting botocore to ERROR (file logging only)
[0m04:11:44.965876 [debug] [MainThread]: Snowflake adapter: Setting boto3 to ERROR (file logging only)
[0m04:11:45.176745 [debug] [MainThread]: Sending event: {'category': 'dbt', 'action': 'project_id', 'label': '75b976c1-2d73-4620-b247-9e9e335eed3e', 'context': [<snowplow_tracker.self_describing_json.SelfDescribingJson object at 0x000002AA43710850>]}
[0m04:11:45.235193 [debug] [MainThread]: Sending event: {'category': 'dbt', 'action': 'adapter_info', 'label': '75b976c1-2d73-4620-b247-9e9e335eed3e', 'context': [<snowplow_tracker.self_describing_json.SelfDescribingJson object at 0x000002AA2FECE2D0>]}
[0m04:11:45.237151 [info ] [MainThread]: Registered adapter: snowflake=1.11.5
[0m04:11:45.687594 [debug] [MainThread]: checksum: 30a8cc8fdcbf66701b0944d4ccce3fa46dd04b61e5df68b9f16d57b2e0e3f0be, vars: {}, profile: , target: , version: 1.11.11
[0m04:11:45.849570 [debug] [MainThread]: Partial parsing enabled: 0 files deleted, 0 files added, 1 files changed.
[0m04:11:45.850570 [debug] [MainThread]: Partial parsing: updated file: dbt_AI_financial_risk_project://models\silver\stg_complaints.sql
[0m04:11:46.095574 [debug] [MainThread]: Sending event: {'category': 'dbt', 'action': 'load_project', 'label': '75b976c1-2d73-4620-b247-9e9e335eed3e', 'context': [<snowplow_tracker.self_describing_json.SelfDescribingJson object at 0x000002AA43B30450>]}
[0m04:11:46.173573 [debug] [MainThread]: Wrote artifact WritableManifest to C:\Users\guruv\Downloads\Data\Project\AI-Powered-Financial-Risk-Intelligence-Platform\dbt_AI_financial_risk_project\target\manifest.json
[0m04:11:46.176450 [debug] [MainThread]: Wrote artifact SemanticManifest to C:\Users\guruv\Downloads\Data\Project\AI-Powered-Financial-Risk-Intelligence-Platform\dbt_AI_financial_risk_project\target\semantic_manifest.json
[0m04:11:46.187736 [debug] [MainThread]: Sending event: {'category': 'dbt', 'action': 'resource_counts', 'label': '75b976c1-2d73-4620-b247-9e9e335eed3e', 'context': [<snowplow_tracker.self_describing_json.SelfDescribingJson object at 0x000002AA43BD1950>]}
[0m04:11:46.188738 [info ] [MainThread]: Found 3 models, 4 data tests, 536 macros
[0m04:11:46.188738 [debug] [MainThread]: Sending event: {'category': 'dbt', 'action': 'runnable_timing', 'label': '75b976c1-2d73-4620-b247-9e9e335eed3e', 'context': [<snowplow_tracker.self_describing_json.SelfDescribingJson object at 0x000002AA43F31F90>]}
[0m04:11:46.191256 [info ] [MainThread]: 
[0m04:11:46.191256 [info ] [MainThread]: Concurrency: 4 threads (target='dev')
[0m04:11:46.191256 [info ] [MainThread]: 
[0m04:11:46.192729 [debug] [MainThread]: Acquiring new snowflake connection 'master'
[0m04:11:46.193771 [debug] [ThreadPool]: Acquiring new snowflake connection 'list_FINANCIAL_RISK_INTELLIGENCE'
[0m04:11:46.272707 [debug] [ThreadPool]: Using snowflake connection "list_FINANCIAL_RISK_INTELLIGENCE"
[0m04:11:46.272707 [debug] [ThreadPool]: On list_FINANCIAL_RISK_INTELLIGENCE: show terse schemas in database FINANCIAL_RISK_INTELLIGENCE
    limit 10000
/* {"app": "dbt", "dbt_version": "1.11.11", "profile_name": "dbt_AI_financial_risk_project", "target_name": "dev", "connection_name": "list_FINANCIAL_RISK_INTELLIGENCE"} */
[0m04:11:46.273720 [debug] [ThreadPool]: Opening a new connection, currently in state init
[0m04:11:51.462328 [debug] [ThreadPool]: SQL status: SUCCESS 5 in 5.189 seconds
[0m04:11:51.477357 [debug] [ThreadPool]: Acquiring new snowflake connection 'list_FINANCIAL_RISK_INTELLIGENCE_ANALYTICS'
[0m04:11:51.585315 [debug] [ThreadPool]: Using snowflake connection "list_FINANCIAL_RISK_INTELLIGENCE_ANALYTICS"
[0m04:11:51.586311 [debug] [ThreadPool]: On list_FINANCIAL_RISK_INTELLIGENCE_ANALYTICS: show objects in FINANCIAL_RISK_INTELLIGENCE.ANALYTICS
    limit 10000
    

/* {"app": "dbt", "dbt_version": "1.11.11", "profile_name": "dbt_AI_financial_risk_project", "target_name": "dev", "connection_name": "list_FINANCIAL_RISK_INTELLIGENCE_ANALYTICS"} */;
[0m04:11:51.587312 [debug] [ThreadPool]: Opening a new connection, currently in state init
[0m04:11:53.465656 [debug] [ThreadPool]: SQL status: SUCCESS 7 in 1.878 seconds
[0m04:11:53.471653 [debug] [MainThread]: Sending event: {'category': 'dbt', 'action': 'runnable_timing', 'label': '75b976c1-2d73-4620-b247-9e9e335eed3e', 'context': [<snowplow_tracker.self_describing_json.SelfDescribingJson object at 0x000002AA441CC750>]}
[0m04:11:53.477657 [debug] [Thread-2 (]: Began running node model.dbt_AI_financial_risk_project.stg_complaints
[0m04:11:53.478657 [info ] [Thread-2 (]: 1 of 1 START sql view model ANALYTICS.stg_complaints ........................... [RUN]
[0m04:11:53.480653 [debug] [Thread-2 (]: Acquiring new snowflake connection 'model.dbt_AI_financial_risk_project.stg_complaints'
[0m04:11:53.480653 [debug] [Thread-2 (]: Began compiling node model.dbt_AI_financial_risk_project.stg_complaints
[0m04:11:53.491659 [debug] [Thread-2 (]: Writing injected SQL for node "model.dbt_AI_financial_risk_project.stg_complaints"
[0m04:11:53.493655 [debug] [Thread-2 (]: Began executing node model.dbt_AI_financial_risk_project.stg_complaints
[0m04:11:53.528498 [debug] [Thread-2 (]: Writing runtime sql for node "model.dbt_AI_financial_risk_project.stg_complaints"
[0m04:11:53.531501 [debug] [Thread-2 (]: Using snowflake connection "model.dbt_AI_financial_risk_project.stg_complaints"
[0m04:11:53.531501 [debug] [Thread-2 (]: On model.dbt_AI_financial_risk_project.stg_complaints: create or replace   view FINANCIAL_RISK_INTELLIGENCE.ANALYTICS.stg_complaints
  
  
  
  
  as (
    WITH source_data AS (
    SELECT *
    -- Pointing directly to the database.schema.table where the raw complaints data is stored after ingestion
    FROM FINANCIAL_RISK_INTELLIGENCE.ANALYTICS.RAW_COMPLAINTS
),

-- cleaning steps to filter out records with missing critical fields and standardize text formatting
cleaned_data AS (
    SELECT *
    FROM source_data
    WHERE "Complaint ID" IS NOT NULL
      AND "Date received" IS NOT NULL
),

-- deduplication step to retain only the most recent record for each unique complaint based on "Complaint ID" and "Date received"
deduplicated AS (
    SELECT *
    FROM cleaned_data
    QUALIFY ROW_NUMBER() OVER (
        PARTITION BY "Complaint ID"
        ORDER BY "Date received" DESC
    ) = 1

)

-- final selection and transformation to conform to the desired schema for the stg_complaints table
SELECT
    CAST("Complaint ID" AS NUMBER)                         AS complaint_id,
    TO_DATE("Date received")                               AS date_received,
    TRIM("Product")                                        AS product,
    TRIM("Sub-product")                                    AS sub_product,
    TRIM("Issue")                                          AS issue,
    TRIM("Sub-issue")                                      AS sub_issue,
    "Consumer complaint narrative"                         AS consumer_complaint_narrative,
    TRIM("Company public response")                        AS company_public_response,
    UPPER(TRIM("Company"))                                 AS company,
    UPPER(TRIM("State"))                                   AS state,
    TRIM("ZIP code")                                       AS zip_code,
    TRIM("Tags")                                           AS tags,
    TRIM("Consumer consent provided?")                     AS consumer_consent_provided,
    TRIM("Submitted via")                                  AS submitted_via,
    TO_DATE("Date sent to company")                        AS date_sent_to_company,
    TRIM("Company response to consumer")                   AS company_response_to_consumer,
    TRIM("Timely response?")                               AS timely_response,
    TRIM("Consumer disputed?")                             AS consumer_disputed
FROM deduplicated
  )
/* {"app": "dbt", "dbt_version": "1.11.11", "profile_name": "dbt_AI_financial_risk_project", "target_name": "dev", "node_id": "model.dbt_AI_financial_risk_project.stg_complaints"} */;
[0m04:11:53.532500 [debug] [Thread-2 (]: Opening a new connection, currently in state init
[0m04:11:55.359292 [debug] [Thread-2 (]: Snowflake adapter: Snowflake query id: 01c4c6ab-0309-1f82-002e-65ff0004d05a
[0m04:11:55.361395 [debug] [Thread-2 (]: Snowflake adapter: Snowflake error: 000904 (42000): SQL compilation error: error line 17 at position 10
invalid identifier '"Complaint ID"'
[0m04:11:55.371483 [debug] [Thread-2 (]: Database Error in model stg_complaints (models\silver\stg_complaints.sql)
  000904 (42000): SQL compilation error: error line 17 at position 10
  invalid identifier '"Complaint ID"'
  compiled code at target\run\dbt_AI_financial_risk_project\models\silver\stg_complaints.sql
[0m04:11:55.375169 [debug] [Thread-2 (]: Sending event: {'category': 'dbt', 'action': 'run_model', 'label': '75b976c1-2d73-4620-b247-9e9e335eed3e', 'context': [<snowplow_tracker.self_describing_json.SelfDescribingJson object at 0x000002AA2E0385D0>]}
[0m04:11:55.376180 [error] [Thread-2 (]: 1 of 1 ERROR creating sql view model ANALYTICS.stg_complaints .................. [[31mERROR[0m in 1.89s]
[0m04:11:55.378224 [debug] [Thread-2 (]: Finished running node model.dbt_AI_financial_risk_project.stg_complaints
[0m04:11:55.379182 [debug] [Thread-8 (]: Marking all children of 'model.dbt_AI_financial_risk_project.stg_complaints' to be skipped because of status 'error'.  Reason: Database Error in model stg_complaints (models\silver\stg_complaints.sql)
  000904 (42000): SQL compilation error: error line 17 at position 10
  invalid identifier '"Complaint ID"'
  compiled code at target\run\dbt_AI_financial_risk_project\models\silver\stg_complaints.sql.
[0m04:11:55.382181 [debug] [MainThread]: Connection 'master' was properly closed.
[0m04:11:55.382181 [debug] [MainThread]: Connection 'list_FINANCIAL_RISK_INTELLIGENCE' was left open.
[0m04:11:55.383181 [debug] [MainThread]: On list_FINANCIAL_RISK_INTELLIGENCE: Close
[0m04:11:55.992040 [debug] [MainThread]: Connection 'list_FINANCIAL_RISK_INTELLIGENCE_ANALYTICS' was left open.
[0m04:11:55.994047 [debug] [MainThread]: On list_FINANCIAL_RISK_INTELLIGENCE_ANALYTICS: Close
[0m04:11:56.643545 [debug] [MainThread]: Connection 'model.dbt_AI_financial_risk_project.stg_complaints' was left open.
[0m04:11:56.644525 [debug] [MainThread]: On model.dbt_AI_financial_risk_project.stg_complaints: Close
[0m04:11:57.265940 [info ] [MainThread]: 
[0m04:11:57.268946 [info ] [MainThread]: Finished running 1 view model in 0 hours 0 minutes and 11.07 seconds (11.07s).
[0m04:11:57.272947 [debug] [MainThread]: Command end result
[0m04:11:57.330283 [debug] [MainThread]: Wrote artifact WritableManifest to C:\Users\guruv\Downloads\Data\Project\AI-Powered-Financial-Risk-Intelligence-Platform\dbt_AI_financial_risk_project\target\manifest.json
[0m04:11:57.333241 [debug] [MainThread]: Wrote artifact SemanticManifest to C:\Users\guruv\Downloads\Data\Project\AI-Powered-Financial-Risk-Intelligence-Platform\dbt_AI_financial_risk_project\target\semantic_manifest.json
[0m04:11:57.339296 [debug] [MainThread]: Wrote artifact RunExecutionResult to C:\Users\guruv\Downloads\Data\Project\AI-Powered-Financial-Risk-Intelligence-Platform\dbt_AI_financial_risk_project\target\run_results.json
[0m04:11:57.339296 [info ] [MainThread]: 
[0m04:11:57.340245 [info ] [MainThread]: [31mCompleted with 1 error, 0 partial successes, and 0 warnings:[0m
[0m04:11:57.341255 [info ] [MainThread]: 
[0m04:11:57.341255 [error] [MainThread]: [31mFailure in model stg_complaints (models\silver\stg_complaints.sql)[0m
[0m04:11:57.342245 [error] [MainThread]:   Database Error in model stg_complaints (models\silver\stg_complaints.sql)
  000904 (42000): SQL compilation error: error line 17 at position 10
  invalid identifier '"Complaint ID"'
  compiled code at target\run\dbt_AI_financial_risk_project\models\silver\stg_complaints.sql
[0m04:11:57.343245 [info ] [MainThread]: 
[0m04:11:57.343245 [info ] [MainThread]:   compiled code at target\compiled\dbt_AI_financial_risk_project\models\silver\stg_complaints.sql
[0m04:11:57.344239 [info ] [MainThread]: 
[0m04:11:57.344239 [info ] [MainThread]: Done. PASS=0 WARN=0 ERROR=1 SKIP=0 NO-OP=0 TOTAL=1
[0m04:11:57.345240 [debug] [MainThread]: Command `dbt run` failed at 04:11:57.345240 after 13.38 seconds
[0m04:11:57.346243 [debug] [MainThread]: Sending event: {'category': 'dbt', 'action': 'invocation', 'label': 'end', 'context': [<snowplow_tracker.self_describing_json.SelfDescribingJson object at 0x000002AA2A170A90>, <snowplow_tracker.self_describing_json.SelfDescribingJson object at 0x000002AA2A170190>, <snowplow_tracker.self_describing_json.SelfDescribingJson object at 0x000002AA2FAEB850>]}
[0m04:11:57.346243 [debug] [MainThread]: Flushing usage events
[0m04:11:58.621280 [debug] [MainThread]: An error was encountered while trying to flush usage events
[0m04:15:27.724682 [debug] [MainThread]: Sending event: {'category': 'dbt', 'action': 'invocation', 'label': 'start', 'context': [<snowplow_tracker.self_describing_json.SelfDescribingJson object at 0x000001D0D6C08AD0>, <snowplow_tracker.self_describing_json.SelfDescribingJson object at 0x000001D0D32E7090>, <snowplow_tracker.self_describing_json.SelfDescribingJson object at 0x000001D0D6BBD8D0>]}


============================== 04:15:27.728734 | 9f0576d0-0b1c-42ff-997b-042515f7046d ==============================
[0m04:15:27.728734 [info ] [MainThread]: Running with dbt=1.11.11
[0m04:15:27.729693 [debug] [MainThread]: running dbt with arguments {'version_check': 'True', 'no_print': 'None', 'static_parser': 'True', 'target_path': 'None', 'warn_error_options': 'WarnErrorOptionsV2(error=[], warn=[], silence=[])', 'printer_width': '80', 'write_json': 'True', 'empty': 'None', 'log_cache_events': 'False', 'introspect': 'True', 'cache_selected_only': 'False', 'fail_fast': 'False', 'debug': 'False', 'log_format': 'default', 'profiles_dir': 'C:\\Users\\guruv\\Downloads\\Data\\Project\\AI-Powered-Financial-Risk-Intelligence-Platform\\dbt_AI_financial_risk_project', 'send_anonymous_usage_stats': 'True', 'quiet': 'False', 'warn_error': 'None', 'partial_parse': 'True', 'use_colors': 'True', 'invocation_command': 'dbt clean', 'indirect_selection': 'eager', 'use_experimental_parser': 'False', 'log_path': 'C:\\Users\\guruv\\Downloads\\Data\\Project\\AI-Powered-Financial-Risk-Intelligence-Platform\\dbt_AI_financial_risk_project\\logs'}
[0m04:15:27.876173 [debug] [MainThread]: Sending event: {'category': 'dbt', 'action': 'project_id', 'label': '9f0576d0-0b1c-42ff-997b-042515f7046d', 'context': [<snowplow_tracker.self_describing_json.SelfDescribingJson object at 0x000001D0D6C3D050>]}
[0m04:15:27.903680 [debug] [MainThread]: Command `dbt clean` succeeded at 04:15:27.903680 after 0.27 seconds
[0m04:15:27.904683 [debug] [MainThread]: Sending event: {'category': 'dbt', 'action': 'invocation', 'label': 'end', 'context': [<snowplow_tracker.self_describing_json.SelfDescribingJson object at 0x000001D0D6BC0790>, <snowplow_tracker.self_describing_json.SelfDescribingJson object at 0x000001D0D6B1F890>, <snowplow_tracker.self_describing_json.SelfDescribingJson object at 0x000001D0D011A290>]}
[0m04:15:27.905682 [debug] [MainThread]: Flushing usage events
[0m04:15:29.247100 [debug] [MainThread]: An error was encountered while trying to flush usage events
[0m04:15:33.959276 [debug] [MainThread]: Sending event: {'category': 'dbt', 'action': 'invocation', 'label': 'start', 'context': [<snowplow_tracker.self_describing_json.SelfDescribingJson object at 0x00000130A2657490>, <snowplow_tracker.self_describing_json.SelfDescribingJson object at 0x00000130A124FF90>, <snowplow_tracker.self_describing_json.SelfDescribingJson object at 0x00000130A265F6D0>]}


============================== 04:15:33.963233 | 753c4749-1363-466c-b470-340e453cb6af ==============================
[0m04:15:33.963233 [info ] [MainThread]: Running with dbt=1.11.11
[0m04:15:33.964232 [debug] [MainThread]: running dbt with arguments {'static_parser': 'True', 'no_print': 'None', 'version_check': 'True', 'warn_error_options': 'WarnErrorOptionsV2(error=[], warn=[], silence=[])', 'target_path': 'None', 'printer_width': '80', 'write_json': 'True', 'empty': 'False', 'log_cache_events': 'False', 'introspect': 'True', 'cache_selected_only': 'False', 'fail_fast': 'False', 'debug': 'False', 'log_format': 'default', 'partial_parse': 'True', 'send_anonymous_usage_stats': 'True', 'quiet': 'False', 'warn_error': 'None', 'profiles_dir': '.', 'indirect_selection': 'eager', 'use_colors': 'True', 'invocation_command': 'dbt run --select stg_complaints --profiles-dir .', 'use_experimental_parser': 'False', 'log_path': 'C:\\Users\\guruv\\Downloads\\Data\\Project\\AI-Powered-Financial-Risk-Intelligence-Platform\\dbt_AI_financial_risk_project\\logs'}
[0m04:15:34.856092 [debug] [MainThread]: Snowflake adapter: Setting snowflake.connector to ERROR (file logging only)
[0m04:15:34.857373 [debug] [MainThread]: Snowflake adapter: Setting botocore to ERROR (file logging only)
[0m04:15:34.858373 [debug] [MainThread]: Snowflake adapter: Setting boto3 to ERROR (file logging only)
[0m04:15:35.062819 [debug] [MainThread]: Sending event: {'category': 'dbt', 'action': 'project_id', 'label': '753c4749-1363-466c-b470-340e453cb6af', 'context': [<snowplow_tracker.self_describing_json.SelfDescribingJson object at 0x00000130A1627650>]}
[0m04:15:35.120820 [debug] [MainThread]: Sending event: {'category': 'dbt', 'action': 'adapter_info', 'label': '753c4749-1363-466c-b470-340e453cb6af', 'context': [<snowplow_tracker.self_describing_json.SelfDescribingJson object at 0x00000130A2634050>]}
[0m04:15:35.122782 [info ] [MainThread]: Registered adapter: snowflake=1.11.5
[0m04:15:35.572631 [debug] [MainThread]: checksum: 30a8cc8fdcbf66701b0944d4ccce3fa46dd04b61e5df68b9f16d57b2e0e3f0be, vars: {}, profile: , target: , version: 1.11.11
[0m04:15:35.573632 [info ] [MainThread]: Unable to do partial parsing because saved manifest not found. Starting full parse.
[0m04:15:35.574631 [debug] [MainThread]: Sending event: {'category': 'dbt', 'action': 'partial_parser', 'label': '753c4749-1363-466c-b470-340e453cb6af', 'context': [<snowplow_tracker.self_describing_json.SelfDescribingJson object at 0x00000130B3EB9B90>]}
[0m04:15:36.813494 [debug] [MainThread]: Sending event: {'category': 'dbt', 'action': 'load_project', 'label': '753c4749-1363-466c-b470-340e453cb6af', 'context': [<snowplow_tracker.self_describing_json.SelfDescribingJson object at 0x00000130B42E2290>]}
[0m04:15:36.983511 [debug] [MainThread]: Wrote artifact WritableManifest to C:\Users\guruv\Downloads\Data\Project\AI-Powered-Financial-Risk-Intelligence-Platform\dbt_AI_financial_risk_project\target\manifest.json
[0m04:15:36.987106 [debug] [MainThread]: Wrote artifact SemanticManifest to C:\Users\guruv\Downloads\Data\Project\AI-Powered-Financial-Risk-Intelligence-Platform\dbt_AI_financial_risk_project\target\semantic_manifest.json
[0m04:15:36.997422 [debug] [MainThread]: Sending event: {'category': 'dbt', 'action': 'resource_counts', 'label': '753c4749-1363-466c-b470-340e453cb6af', 'context': [<snowplow_tracker.self_describing_json.SelfDescribingJson object at 0x00000130B453EC90>]}
[0m04:15:36.998423 [info ] [MainThread]: Found 3 models, 4 data tests, 536 macros
[0m04:15:36.999546 [debug] [MainThread]: Sending event: {'category': 'dbt', 'action': 'runnable_timing', 'label': '753c4749-1363-466c-b470-340e453cb6af', 'context': [<snowplow_tracker.self_describing_json.SelfDescribingJson object at 0x00000130B46EC190>]}
[0m04:15:37.000601 [info ] [MainThread]: 
[0m04:15:37.001601 [info ] [MainThread]: Concurrency: 4 threads (target='dev')
[0m04:15:37.002560 [info ] [MainThread]: 
[0m04:15:37.002560 [debug] [MainThread]: Acquiring new snowflake connection 'master'
[0m04:15:37.003614 [debug] [ThreadPool]: Acquiring new snowflake connection 'list_FINANCIAL_RISK_INTELLIGENCE'
[0m04:15:37.082148 [debug] [ThreadPool]: Using snowflake connection "list_FINANCIAL_RISK_INTELLIGENCE"
[0m04:15:37.083156 [debug] [ThreadPool]: On list_FINANCIAL_RISK_INTELLIGENCE: show terse schemas in database FINANCIAL_RISK_INTELLIGENCE
    limit 10000
/* {"app": "dbt", "dbt_version": "1.11.11", "profile_name": "dbt_AI_financial_risk_project", "target_name": "dev", "connection_name": "list_FINANCIAL_RISK_INTELLIGENCE"} */
[0m04:15:37.083156 [debug] [ThreadPool]: Opening a new connection, currently in state init
[0m04:15:39.288125 [debug] [ThreadPool]: SQL status: SUCCESS 5 in 2.205 seconds
[0m04:15:39.299059 [debug] [ThreadPool]: Acquiring new snowflake connection 'list_FINANCIAL_RISK_INTELLIGENCE_ANALYTICS'
[0m04:15:39.315056 [debug] [ThreadPool]: Using snowflake connection "list_FINANCIAL_RISK_INTELLIGENCE_ANALYTICS"
[0m04:15:39.316055 [debug] [ThreadPool]: On list_FINANCIAL_RISK_INTELLIGENCE_ANALYTICS: show objects in FINANCIAL_RISK_INTELLIGENCE.ANALYTICS
    limit 10000
    

/* {"app": "dbt", "dbt_version": "1.11.11", "profile_name": "dbt_AI_financial_risk_project", "target_name": "dev", "connection_name": "list_FINANCIAL_RISK_INTELLIGENCE_ANALYTICS"} */;
[0m04:15:39.316055 [debug] [ThreadPool]: Opening a new connection, currently in state init
[0m04:15:41.010847 [debug] [ThreadPool]: SQL status: SUCCESS 7 in 1.695 seconds
[0m04:15:41.025783 [debug] [MainThread]: Sending event: {'category': 'dbt', 'action': 'runnable_timing', 'label': '753c4749-1363-466c-b470-340e453cb6af', 'context': [<snowplow_tracker.self_describing_json.SelfDescribingJson object at 0x00000130B47A5D90>]}
[0m04:15:41.040165 [debug] [Thread-2 (]: Began running node model.dbt_AI_financial_risk_project.stg_complaints
[0m04:15:41.042120 [info ] [Thread-2 (]: 1 of 1 START sql view model ANALYTICS.stg_complaints ........................... [RUN]
[0m04:15:41.045133 [debug] [Thread-2 (]: Acquiring new snowflake connection 'model.dbt_AI_financial_risk_project.stg_complaints'
[0m04:15:41.047133 [debug] [Thread-2 (]: Began compiling node model.dbt_AI_financial_risk_project.stg_complaints
[0m04:15:41.069114 [debug] [Thread-2 (]: Writing injected SQL for node "model.dbt_AI_financial_risk_project.stg_complaints"
[0m04:15:41.072115 [debug] [Thread-2 (]: Began executing node model.dbt_AI_financial_risk_project.stg_complaints
[0m04:15:41.103148 [debug] [Thread-2 (]: Writing runtime sql for node "model.dbt_AI_financial_risk_project.stg_complaints"
[0m04:15:41.107147 [debug] [Thread-2 (]: Using snowflake connection "model.dbt_AI_financial_risk_project.stg_complaints"
[0m04:15:41.107147 [debug] [Thread-2 (]: On model.dbt_AI_financial_risk_project.stg_complaints: create or replace   view FINANCIAL_RISK_INTELLIGENCE.ANALYTICS.stg_complaints
  
  
  
  
  as (
    WITH source_data AS (
    SELECT *
    -- Pointing directly to the database.schema.table where the raw complaints data lives
    FROM FINANCIAL_RISK_INTELLIGENCE.ANALYTICS.RAW_COMPLAINTS
),

-- cleaning steps to filter out records with missing critical fields and standardize text formatting
cleaned_data AS (
    SELECT *
    FROM source_data
    WHERE COMPLAINT_ID IS NOT NULL
      AND DATE_RECEIVED IS NOT NULL
),

-- deduplication step to retain only the most recent record for each unique complaint based on COMPLAINT_ID and DATE_RECEIVED
deduplicated AS (
    SELECT *
    FROM cleaned_data
    QUALIFY ROW_NUMBER() OVER (
        PARTITION BY COMPLAINT_ID
        ORDER BY DATE_RECEIVED DESC
    ) = 1
)

-- final selection and transformation to conform to the desired schema for the stg_complaints table
SELECT
    CAST(COMPLAINT_ID AS NUMBER)                          AS complaint_id,
    TO_DATE(DATE_RECEIVED)                                AS date_received,
    TRIM(PRODUCT)                                         AS product,
    TRIM(SUB_PRODUCT)                                     AS sub_product,
    TRIM(ISSUE)                                           AS issue,
    TRIM(SUB_ISSUE)                                       AS sub_issue,
    CONSUMER_COMPLAINT_NARRATIVE                          AS consumer_complaint_narrative,
    TRIM(COMPANY_PUBLIC_RESPONSE)                         AS company_public_response,
    UPPER(TRIM(COMPANY))                                  AS company,
    UPPER(TRIM(STATE))                                    AS state,
    TRIM(ZIP_CODE)                                        AS zip_code,
    TRIM(TAGS)                                            AS tags,
    TRIM(CONSUMER_CONSENT_PROVIDED)                       AS consumer_consent_provided,
    TRIM(SUBMITTED_VIA)                                   AS submitted_via,
    TO_DATE(DATE_SENT_TO_COMPANY)                         AS date_sent_to_company,
    TRIM(COMPANY_RESPONSE_TO_CONSUMER)                    AS company_response_to_consumer,
    TRIM(TIMELY_RESPONSE)                                 AS timely_response,
    TRIM(CONSUMER_DISPUTED)                               AS consumer_disputed
FROM deduplicated
  )
/* {"app": "dbt", "dbt_version": "1.11.11", "profile_name": "dbt_AI_financial_risk_project", "target_name": "dev", "node_id": "model.dbt_AI_financial_risk_project.stg_complaints"} */;
[0m04:15:41.108148 [debug] [Thread-2 (]: Opening a new connection, currently in state init
[0m04:15:43.210734 [debug] [Thread-2 (]: SQL status: SUCCESS 1 in 2.102 seconds
[0m04:15:43.260178 [debug] [Thread-2 (]: Sending event: {'category': 'dbt', 'action': 'run_model', 'label': '753c4749-1363-466c-b470-340e453cb6af', 'context': [<snowplow_tracker.self_describing_json.SelfDescribingJson object at 0x00000130B5B421D0>]}
[0m04:15:43.261187 [info ] [Thread-2 (]: 1 of 1 OK created sql view model ANALYTICS.stg_complaints ...................... [[32mSUCCESS 1[0m in 2.21s]
[0m04:15:43.262185 [debug] [Thread-2 (]: Finished running node model.dbt_AI_financial_risk_project.stg_complaints
[0m04:15:43.264758 [debug] [MainThread]: Connection 'master' was properly closed.
[0m04:15:43.264758 [debug] [MainThread]: Connection 'list_FINANCIAL_RISK_INTELLIGENCE' was left open.
[0m04:15:43.265718 [debug] [MainThread]: On list_FINANCIAL_RISK_INTELLIGENCE: Close
[0m04:15:43.847016 [debug] [MainThread]: Connection 'list_FINANCIAL_RISK_INTELLIGENCE_ANALYTICS' was left open.
[0m04:15:43.848008 [debug] [MainThread]: On list_FINANCIAL_RISK_INTELLIGENCE_ANALYTICS: Close
[0m04:15:44.517014 [debug] [MainThread]: Connection 'model.dbt_AI_financial_risk_project.stg_complaints' was left open.
[0m04:15:44.519049 [debug] [MainThread]: On model.dbt_AI_financial_risk_project.stg_complaints: Close
[0m04:15:45.110754 [info ] [MainThread]: 
[0m04:15:45.113775 [info ] [MainThread]: Finished running 1 view model in 0 hours 0 minutes and 8.11 seconds (8.11s).
[0m04:15:45.118820 [debug] [MainThread]: Command end result
[0m04:15:45.161304 [debug] [MainThread]: Wrote artifact WritableManifest to C:\Users\guruv\Downloads\Data\Project\AI-Powered-Financial-Risk-Intelligence-Platform\dbt_AI_financial_risk_project\target\manifest.json
[0m04:15:45.164528 [debug] [MainThread]: Wrote artifact SemanticManifest to C:\Users\guruv\Downloads\Data\Project\AI-Powered-Financial-Risk-Intelligence-Platform\dbt_AI_financial_risk_project\target\semantic_manifest.json
[0m04:15:45.169571 [debug] [MainThread]: Wrote artifact RunExecutionResult to C:\Users\guruv\Downloads\Data\Project\AI-Powered-Financial-Risk-Intelligence-Platform\dbt_AI_financial_risk_project\target\run_results.json
[0m04:15:45.170554 [info ] [MainThread]: 
[0m04:15:45.170554 [info ] [MainThread]: [32mCompleted successfully[0m
[0m04:15:45.171530 [info ] [MainThread]: 
[0m04:15:45.171530 [info ] [MainThread]: Done. PASS=1 WARN=0 ERROR=0 SKIP=0 NO-OP=0 TOTAL=1
[0m04:15:45.172831 [debug] [MainThread]: Command `dbt run` succeeded at 04:15:45.172831 after 11.30 seconds
[0m04:15:45.174101 [debug] [MainThread]: Sending event: {'category': 'dbt', 'action': 'invocation', 'label': 'end', 'context': [<snowplow_tracker.self_describing_json.SelfDescribingJson object at 0x00000130A15AF050>, <snowplow_tracker.self_describing_json.SelfDescribingJson object at 0x00000130A14FFC90>, <snowplow_tracker.self_describing_json.SelfDescribingJson object at 0x00000130A14FD450>]}
[0m04:15:45.174101 [debug] [MainThread]: Flushing usage events
[0m04:15:46.379082 [debug] [MainThread]: An error was encountered while trying to flush usage events
[0m06:25:03.157999 [debug] [MainThread]: Sending event: {'category': 'dbt', 'action': 'invocation', 'label': 'start', 'context': [<snowplow_tracker.self_describing_json.SelfDescribingJson object at 0x00000254B1AEF9D0>, <snowplow_tracker.self_describing_json.SelfDescribingJson object at 0x00000254B1939FD0>, <snowplow_tracker.self_describing_json.SelfDescribingJson object at 0x00000254B2C42E90>]}


============================== 06:25:03.161994 | d4bf88c6-dbab-46e7-91fd-3985e21b3047 ==============================
[0m06:25:03.161994 [info ] [MainThread]: Running with dbt=1.11.11
[0m06:25:03.163003 [debug] [MainThread]: running dbt with arguments {'version_check': 'True', 'no_print': 'None', 'static_parser': 'True', 'target_path': 'None', 'warn_error_options': 'WarnErrorOptionsV2(error=[], warn=[], silence=[])', 'printer_width': '80', 'write_json': 'True', 'empty': 'False', 'log_cache_events': 'False', 'introspect': 'True', 'cache_selected_only': 'False', 'fail_fast': 'False', 'debug': 'False', 'log_format': 'default', 'profiles_dir': 'C:\\Users\\guruv\\Downloads\\Data\\Project\\AI-Powered-Financial-Risk-Intelligence-Platform\\dbt_AI_financial_risk_project', 'send_anonymous_usage_stats': 'True', 'quiet': 'False', 'warn_error': 'None', 'partial_parse': 'True', 'use_colors': 'True', 'indirect_selection': 'eager', 'invocation_command': 'dbt run --select dim_product', 'use_experimental_parser': 'False', 'log_path': 'C:\\Users\\guruv\\Downloads\\Data\\Project\\AI-Powered-Financial-Risk-Intelligence-Platform\\dbt_AI_financial_risk_project\\logs'}
[0m06:25:06.685218 [debug] [MainThread]: Snowflake adapter: Setting snowflake.connector to ERROR (file logging only)
[0m06:25:06.686577 [debug] [MainThread]: Snowflake adapter: Setting botocore to ERROR (file logging only)
[0m06:25:06.687573 [debug] [MainThread]: Snowflake adapter: Setting boto3 to ERROR (file logging only)
[0m06:25:06.928064 [debug] [MainThread]: Sending event: {'category': 'dbt', 'action': 'project_id', 'label': 'd4bf88c6-dbab-46e7-91fd-3985e21b3047', 'context': [<snowplow_tracker.self_describing_json.SelfDescribingJson object at 0x00000254B1ACD790>]}
[0m06:25:06.986063 [debug] [MainThread]: Sending event: {'category': 'dbt', 'action': 'adapter_info', 'label': 'd4bf88c6-dbab-46e7-91fd-3985e21b3047', 'context': [<snowplow_tracker.self_describing_json.SelfDescribingJson object at 0x00000254B0B7DFD0>]}
[0m06:25:06.987999 [info ] [MainThread]: Registered adapter: snowflake=1.11.5
[0m06:25:07.611740 [debug] [MainThread]: checksum: 30a8cc8fdcbf66701b0944d4ccce3fa46dd04b61e5df68b9f16d57b2e0e3f0be, vars: {}, profile: , target: , version: 1.11.11
[0m06:25:09.461364 [debug] [MainThread]: Partial parsing enabled: 0 files deleted, 1 files added, 0 files changed.
[0m06:25:09.462362 [debug] [MainThread]: Partial parsing: added file: dbt_AI_financial_risk_project://models\gold\dim_product.sql
[0m06:25:09.723061 [debug] [MainThread]: Sending event: {'category': 'dbt', 'action': 'load_project', 'label': 'd4bf88c6-dbab-46e7-91fd-3985e21b3047', 'context': [<snowplow_tracker.self_describing_json.SelfDescribingJson object at 0x00000254C479CCD0>]}
[0m06:25:09.800668 [debug] [MainThread]: Wrote artifact WritableManifest to C:\Users\guruv\Downloads\Data\Project\AI-Powered-Financial-Risk-Intelligence-Platform\dbt_AI_financial_risk_project\target\manifest.json
[0m06:25:09.814467 [debug] [MainThread]: Wrote artifact SemanticManifest to C:\Users\guruv\Downloads\Data\Project\AI-Powered-Financial-Risk-Intelligence-Platform\dbt_AI_financial_risk_project\target\semantic_manifest.json
[0m06:25:09.827473 [debug] [MainThread]: Sending event: {'category': 'dbt', 'action': 'resource_counts', 'label': 'd4bf88c6-dbab-46e7-91fd-3985e21b3047', 'context': [<snowplow_tracker.self_describing_json.SelfDescribingJson object at 0x00000254C489D190>]}
[0m06:25:09.828468 [info ] [MainThread]: Found 4 models, 4 data tests, 536 macros
[0m06:25:09.828468 [debug] [MainThread]: Sending event: {'category': 'dbt', 'action': 'runnable_timing', 'label': 'd4bf88c6-dbab-46e7-91fd-3985e21b3047', 'context': [<snowplow_tracker.self_describing_json.SelfDescribingJson object at 0x00000254C1FA9410>]}
[0m06:25:09.830774 [info ] [MainThread]: 
[0m06:25:09.831764 [info ] [MainThread]: Concurrency: 4 threads (target='dev')
[0m06:25:09.832737 [info ] [MainThread]: 
[0m06:25:09.832737 [debug] [MainThread]: Acquiring new snowflake connection 'master'
[0m06:25:09.834736 [debug] [ThreadPool]: Acquiring new snowflake connection 'list_FINANCIAL_RISK_INTELLIGENCE'
[0m06:25:13.520605 [debug] [ThreadPool]: Using snowflake connection "list_FINANCIAL_RISK_INTELLIGENCE"
[0m06:25:13.521605 [debug] [ThreadPool]: On list_FINANCIAL_RISK_INTELLIGENCE: show terse schemas in database FINANCIAL_RISK_INTELLIGENCE
    limit 10000
/* {"app": "dbt", "dbt_version": "1.11.11", "profile_name": "dbt_AI_financial_risk_project", "target_name": "dev", "connection_name": "list_FINANCIAL_RISK_INTELLIGENCE"} */
[0m06:25:13.521605 [debug] [ThreadPool]: Opening a new connection, currently in state init
[0m06:25:16.196674 [debug] [ThreadPool]: SQL status: SUCCESS 6 in 2.674 seconds
[0m06:25:16.206722 [debug] [ThreadPool]: Re-using an available connection from the pool (formerly list_FINANCIAL_RISK_INTELLIGENCE, now create_FINANCIAL_RISK_INTELLIGENCE_ANALYTICS_GOLD)
[0m06:25:16.208721 [debug] [ThreadPool]: Creating schema "database: "FINANCIAL_RISK_INTELLIGENCE"
schema: "ANALYTICS_GOLD"
"
[0m06:25:16.310710 [debug] [ThreadPool]: Using snowflake connection "create_FINANCIAL_RISK_INTELLIGENCE_ANALYTICS_GOLD"
[0m06:25:16.311712 [debug] [ThreadPool]: On create_FINANCIAL_RISK_INTELLIGENCE_ANALYTICS_GOLD: create schema if not exists FINANCIAL_RISK_INTELLIGENCE.ANALYTICS_GOLD
/* {"app": "dbt", "dbt_version": "1.11.11", "profile_name": "dbt_AI_financial_risk_project", "target_name": "dev", "connection_name": "create_FINANCIAL_RISK_INTELLIGENCE_ANALYTICS_GOLD"} */
[0m06:25:16.718713 [debug] [ThreadPool]: SQL status: SUCCESS 1 in 0.406 seconds
[0m06:25:16.731714 [debug] [ThreadPool]: Acquiring new snowflake connection 'list_FINANCIAL_RISK_INTELLIGENCE_ANALYTICS_GOLD'
[0m06:25:16.741000 [debug] [ThreadPool]: Acquiring new snowflake connection 'list_FINANCIAL_RISK_INTELLIGENCE_ANALYTICS'
[0m06:25:16.755000 [debug] [ThreadPool]: Using snowflake connection "list_FINANCIAL_RISK_INTELLIGENCE_ANALYTICS_GOLD"
[0m06:25:16.758997 [debug] [ThreadPool]: Using snowflake connection "list_FINANCIAL_RISK_INTELLIGENCE_ANALYTICS"
[0m06:25:16.758997 [debug] [ThreadPool]: On list_FINANCIAL_RISK_INTELLIGENCE_ANALYTICS_GOLD: show objects in FINANCIAL_RISK_INTELLIGENCE.ANALYTICS_GOLD
    limit 10000
    

/* {"app": "dbt", "dbt_version": "1.11.11", "profile_name": "dbt_AI_financial_risk_project", "target_name": "dev", "connection_name": "list_FINANCIAL_RISK_INTELLIGENCE_ANALYTICS_GOLD"} */;
[0m06:25:16.760001 [debug] [ThreadPool]: On list_FINANCIAL_RISK_INTELLIGENCE_ANALYTICS: show objects in FINANCIAL_RISK_INTELLIGENCE.ANALYTICS
    limit 10000
    

/* {"app": "dbt", "dbt_version": "1.11.11", "profile_name": "dbt_AI_financial_risk_project", "target_name": "dev", "connection_name": "list_FINANCIAL_RISK_INTELLIGENCE_ANALYTICS"} */;
[0m06:25:16.761025 [debug] [ThreadPool]: Opening a new connection, currently in state init
[0m06:25:16.761025 [debug] [ThreadPool]: Opening a new connection, currently in state init
[0m06:25:18.466069 [debug] [ThreadPool]: SQL status: SUCCESS 0 in 1.705 seconds
[0m06:25:18.486447 [debug] [ThreadPool]: SQL status: SUCCESS 6 in 1.725 seconds
[0m06:25:18.498269 [debug] [MainThread]: Sending event: {'category': 'dbt', 'action': 'runnable_timing', 'label': 'd4bf88c6-dbab-46e7-91fd-3985e21b3047', 'context': [<snowplow_tracker.self_describing_json.SelfDescribingJson object at 0x00000254C4F2F890>]}
[0m06:25:18.506818 [debug] [Thread-2 (]: Began running node model.dbt_AI_financial_risk_project.dim_product
[0m06:25:18.507812 [info ] [Thread-2 (]: 1 of 1 START sql table model ANALYTICS_GOLD.dim_product ........................ [RUN]
[0m06:25:18.508812 [debug] [Thread-2 (]: Acquiring new snowflake connection 'model.dbt_AI_financial_risk_project.dim_product'
[0m06:25:18.508812 [debug] [Thread-2 (]: Began compiling node model.dbt_AI_financial_risk_project.dim_product
[0m06:25:18.519814 [debug] [Thread-2 (]: Writing injected SQL for node "model.dbt_AI_financial_risk_project.dim_product"
[0m06:25:18.522273 [debug] [Thread-2 (]: Began executing node model.dbt_AI_financial_risk_project.dim_product
[0m06:25:18.555497 [debug] [Thread-2 (]: Writing runtime sql for node "model.dbt_AI_financial_risk_project.dim_product"
[0m06:25:18.557497 [debug] [Thread-2 (]: Using snowflake connection "model.dbt_AI_financial_risk_project.dim_product"
[0m06:25:18.558498 [debug] [Thread-2 (]: On model.dbt_AI_financial_risk_project.dim_product: create or replace transient table FINANCIAL_RISK_INTELLIGENCE.ANALYTICS_GOLD.dim_product
    
    
    
    as (

SELECT DISTINCT
    ROW_NUMBER() OVER (ORDER BY product) AS product_key,
    product
FROM SILVER.STG_COMPLAINTS
WHERE product IS NOT NULL
    )

/* {"app": "dbt", "dbt_version": "1.11.11", "profile_name": "dbt_AI_financial_risk_project", "target_name": "dev", "node_id": "model.dbt_AI_financial_risk_project.dim_product"} */;
[0m06:25:18.558498 [debug] [Thread-2 (]: Opening a new connection, currently in state init
[0m06:25:20.386130 [debug] [Thread-2 (]: Snowflake adapter: Snowflake query id: 01c4c731-0309-1f74-002e-65ff00038766
[0m06:25:20.387121 [debug] [Thread-2 (]: Snowflake adapter: Snowflake error: 002037 (42601): SQL compilation error:
Failure during expansion of view 'STG_COMPLAINTS': SQL compilation error:
Object 'FINANCIAL_RISK_INTELLIGENCE.ANALYTICS.RAW_COMPLAINTS' does not exist or not authorized.
[0m06:25:20.405449 [debug] [Thread-2 (]: Database Error in model dim_product (models\gold\dim_product.sql)
  002037 (42601): SQL compilation error:
  Failure during expansion of view 'STG_COMPLAINTS': SQL compilation error:
  Object 'FINANCIAL_RISK_INTELLIGENCE.ANALYTICS.RAW_COMPLAINTS' does not exist or not authorized.
  compiled code at target\run\dbt_AI_financial_risk_project\models\gold\dim_product.sql
[0m06:25:20.408515 [debug] [Thread-2 (]: Sending event: {'category': 'dbt', 'action': 'run_model', 'label': 'd4bf88c6-dbab-46e7-91fd-3985e21b3047', 'context': [<snowplow_tracker.self_describing_json.SelfDescribingJson object at 0x00000254AE5D1590>]}
[0m06:25:20.409278 [error] [Thread-2 (]: 1 of 1 ERROR creating sql table model ANALYTICS_GOLD.dim_product ............... [[31mERROR[0m in 1.90s]
[0m06:25:20.410277 [debug] [Thread-2 (]: Finished running node model.dbt_AI_financial_risk_project.dim_product
[0m06:25:20.411277 [debug] [Thread-8 (]: Marking all children of 'model.dbt_AI_financial_risk_project.dim_product' to be skipped because of status 'error'.  Reason: Database Error in model dim_product (models\gold\dim_product.sql)
  002037 (42601): SQL compilation error:
  Failure during expansion of view 'STG_COMPLAINTS': SQL compilation error:
  Object 'FINANCIAL_RISK_INTELLIGENCE.ANALYTICS.RAW_COMPLAINTS' does not exist or not authorized.
  compiled code at target\run\dbt_AI_financial_risk_project\models\gold\dim_product.sql.
[0m06:25:20.413315 [debug] [MainThread]: Connection 'master' was properly closed.
[0m06:25:20.413315 [debug] [MainThread]: Connection 'create_FINANCIAL_RISK_INTELLIGENCE_ANALYTICS_GOLD' was left open.
[0m06:25:20.414321 [debug] [MainThread]: On create_FINANCIAL_RISK_INTELLIGENCE_ANALYTICS_GOLD: Close
[0m06:25:21.063698 [debug] [MainThread]: Connection 'list_FINANCIAL_RISK_INTELLIGENCE_ANALYTICS_GOLD' was left open.
[0m06:25:21.066629 [debug] [MainThread]: On list_FINANCIAL_RISK_INTELLIGENCE_ANALYTICS_GOLD: Close
[0m06:25:21.673530 [debug] [MainThread]: Connection 'list_FINANCIAL_RISK_INTELLIGENCE_ANALYTICS' was left open.
[0m06:25:21.676516 [debug] [MainThread]: On list_FINANCIAL_RISK_INTELLIGENCE_ANALYTICS: Close
[0m06:25:22.310168 [debug] [MainThread]: Connection 'model.dbt_AI_financial_risk_project.dim_product' was left open.
[0m06:25:22.313113 [debug] [MainThread]: On model.dbt_AI_financial_risk_project.dim_product: Close
[0m06:25:22.897545 [info ] [MainThread]: 
[0m06:25:22.900553 [info ] [MainThread]: Finished running 1 table model in 0 hours 0 minutes and 13.06 seconds (13.06s).
[0m06:25:22.904565 [debug] [MainThread]: Command end result
[0m06:25:22.954792 [debug] [MainThread]: Wrote artifact WritableManifest to C:\Users\guruv\Downloads\Data\Project\AI-Powered-Financial-Risk-Intelligence-Platform\dbt_AI_financial_risk_project\target\manifest.json
[0m06:25:22.956799 [debug] [MainThread]: Wrote artifact SemanticManifest to C:\Users\guruv\Downloads\Data\Project\AI-Powered-Financial-Risk-Intelligence-Platform\dbt_AI_financial_risk_project\target\semantic_manifest.json
[0m06:25:22.962791 [debug] [MainThread]: Wrote artifact RunExecutionResult to C:\Users\guruv\Downloads\Data\Project\AI-Powered-Financial-Risk-Intelligence-Platform\dbt_AI_financial_risk_project\target\run_results.json
[0m06:25:22.963795 [info ] [MainThread]: 
[0m06:25:22.963795 [info ] [MainThread]: [31mCompleted with 1 error, 0 partial successes, and 0 warnings:[0m
[0m06:25:22.964754 [info ] [MainThread]: 
[0m06:25:22.964754 [error] [MainThread]: [31mFailure in model dim_product (models\gold\dim_product.sql)[0m
[0m06:25:22.966191 [error] [MainThread]:   Database Error in model dim_product (models\gold\dim_product.sql)
  002037 (42601): SQL compilation error:
  Failure during expansion of view 'STG_COMPLAINTS': SQL compilation error:
  Object 'FINANCIAL_RISK_INTELLIGENCE.ANALYTICS.RAW_COMPLAINTS' does not exist or not authorized.
  compiled code at target\run\dbt_AI_financial_risk_project\models\gold\dim_product.sql
[0m06:25:22.967188 [info ] [MainThread]: 
[0m06:25:22.967188 [info ] [MainThread]:   compiled code at target\compiled\dbt_AI_financial_risk_project\models\gold\dim_product.sql
[0m06:25:22.968228 [info ] [MainThread]: 
[0m06:25:22.968734 [info ] [MainThread]: Done. PASS=0 WARN=0 ERROR=1 SKIP=0 NO-OP=0 TOTAL=1
[0m06:25:22.969739 [debug] [MainThread]: Command `dbt run` failed at 06:25:22.969739 after 19.95 seconds
[0m06:25:22.970981 [debug] [MainThread]: Sending event: {'category': 'dbt', 'action': 'invocation', 'label': 'end', 'context': [<snowplow_tracker.self_describing_json.SelfDescribingJson object at 0x00000254B1B9ED10>, <snowplow_tracker.self_describing_json.SelfDescribingJson object at 0x00000254B1B9DA50>, <snowplow_tracker.self_describing_json.SelfDescribingJson object at 0x00000254AAD60AD0>]}
[0m06:25:22.970981 [debug] [MainThread]: Flushing usage events
[0m06:25:24.230399 [debug] [MainThread]: An error was encountered while trying to flush usage events
[0m06:29:44.519184 [debug] [MainThread]: Sending event: {'category': 'dbt', 'action': 'invocation', 'label': 'start', 'context': [<snowplow_tracker.self_describing_json.SelfDescribingJson object at 0x0000021D580C7290>, <snowplow_tracker.self_describing_json.SelfDescribingJson object at 0x0000021D580C7C10>, <snowplow_tracker.self_describing_json.SelfDescribingJson object at 0x0000021D56F6FC10>]}


============================== 06:29:44.522289 | 48b3bac9-b635-42e1-a1fe-3e619683cf63 ==============================
[0m06:29:44.522289 [info ] [MainThread]: Running with dbt=1.11.11
[0m06:29:44.523258 [debug] [MainThread]: running dbt with arguments {'version_check': 'True', 'no_print': 'None', 'static_parser': 'True', 'target_path': 'None', 'warn_error_options': 'WarnErrorOptionsV2(error=[], warn=[], silence=[])', 'printer_width': '80', 'write_json': 'True', 'empty': 'False', 'log_cache_events': 'False', 'introspect': 'True', 'cache_selected_only': 'False', 'log_format': 'default', 'debug': 'False', 'fail_fast': 'False', 'partial_parse': 'True', 'send_anonymous_usage_stats': 'True', 'quiet': 'False', 'warn_error': 'None', 'profiles_dir': '.', 'invocation_command': 'dbt run --select dim_product --profiles-dir .', 'use_colors': 'True', 'indirect_selection': 'eager', 'use_experimental_parser': 'False', 'log_path': 'C:\\Users\\guruv\\Downloads\\Data\\Project\\AI-Powered-Financial-Risk-Intelligence-Platform\\dbt_AI_financial_risk_project\\logs'}
[0m06:29:45.407912 [debug] [MainThread]: Snowflake adapter: Setting snowflake.connector to ERROR (file logging only)
[0m06:29:45.407912 [debug] [MainThread]: Snowflake adapter: Setting botocore to ERROR (file logging only)
[0m06:29:45.408944 [debug] [MainThread]: Snowflake adapter: Setting boto3 to ERROR (file logging only)
[0m06:29:45.616686 [debug] [MainThread]: Sending event: {'category': 'dbt', 'action': 'project_id', 'label': '48b3bac9-b635-42e1-a1fe-3e619683cf63', 'context': [<snowplow_tracker.self_describing_json.SelfDescribingJson object at 0x0000021D58087F10>]}
[0m06:29:45.674220 [debug] [MainThread]: Sending event: {'category': 'dbt', 'action': 'adapter_info', 'label': '48b3bac9-b635-42e1-a1fe-3e619683cf63', 'context': [<snowplow_tracker.self_describing_json.SelfDescribingJson object at 0x0000021D55FEE2D0>]}
[0m06:29:45.675177 [info ] [MainThread]: Registered adapter: snowflake=1.11.5
[0m06:29:46.100048 [debug] [MainThread]: checksum: 30a8cc8fdcbf66701b0944d4ccce3fa46dd04b61e5df68b9f16d57b2e0e3f0be, vars: {}, profile: , target: , version: 1.11.11
[0m06:29:46.256243 [debug] [MainThread]: Partial parsing enabled: 0 files deleted, 0 files added, 1 files changed.
[0m06:29:46.256243 [debug] [MainThread]: Partial parsing: updated file: dbt_AI_financial_risk_project://models\gold\dim_product.sql
[0m06:29:46.502106 [debug] [MainThread]: Sending event: {'category': 'dbt', 'action': 'load_project', 'label': '48b3bac9-b635-42e1-a1fe-3e619683cf63', 'context': [<snowplow_tracker.self_describing_json.SelfDescribingJson object at 0x0000021D69FB6F50>]}
[0m06:29:46.579575 [debug] [MainThread]: Wrote artifact WritableManifest to C:\Users\guruv\Downloads\Data\Project\AI-Powered-Financial-Risk-Intelligence-Platform\dbt_AI_financial_risk_project\target\manifest.json
[0m06:29:46.582576 [debug] [MainThread]: Wrote artifact SemanticManifest to C:\Users\guruv\Downloads\Data\Project\AI-Powered-Financial-Risk-Intelligence-Platform\dbt_AI_financial_risk_project\target\semantic_manifest.json
[0m06:29:46.593721 [debug] [MainThread]: Sending event: {'category': 'dbt', 'action': 'resource_counts', 'label': '48b3bac9-b635-42e1-a1fe-3e619683cf63', 'context': [<snowplow_tracker.self_describing_json.SelfDescribingJson object at 0x0000021D69D19890>]}
[0m06:29:46.594779 [info ] [MainThread]: Found 4 models, 4 data tests, 536 macros
[0m06:29:46.594779 [debug] [MainThread]: Sending event: {'category': 'dbt', 'action': 'runnable_timing', 'label': '48b3bac9-b635-42e1-a1fe-3e619683cf63', 'context': [<snowplow_tracker.self_describing_json.SelfDescribingJson object at 0x0000021D69D30190>]}
[0m06:29:46.596879 [info ] [MainThread]: 
[0m06:29:46.597879 [info ] [MainThread]: Concurrency: 4 threads (target='dev')
[0m06:29:46.597879 [info ] [MainThread]: 
[0m06:29:46.598842 [debug] [MainThread]: Acquiring new snowflake connection 'master'
[0m06:29:46.599843 [debug] [ThreadPool]: Acquiring new snowflake connection 'list_FINANCIAL_RISK_INTELLIGENCE'
[0m06:29:46.680687 [debug] [ThreadPool]: Using snowflake connection "list_FINANCIAL_RISK_INTELLIGENCE"
[0m06:29:46.680687 [debug] [ThreadPool]: On list_FINANCIAL_RISK_INTELLIGENCE: show terse schemas in database FINANCIAL_RISK_INTELLIGENCE
    limit 10000
/* {"app": "dbt", "dbt_version": "1.11.11", "profile_name": "dbt_AI_financial_risk_project", "target_name": "dev", "connection_name": "list_FINANCIAL_RISK_INTELLIGENCE"} */
[0m06:29:46.681707 [debug] [ThreadPool]: Opening a new connection, currently in state init
[0m06:29:48.912905 [debug] [ThreadPool]: SQL status: SUCCESS 7 in 2.232 seconds
[0m06:29:48.929902 [debug] [ThreadPool]: Acquiring new snowflake connection 'list_FINANCIAL_RISK_INTELLIGENCE_ANALYTICS_GOLD'
[0m06:29:48.930903 [debug] [ThreadPool]: Acquiring new snowflake connection 'list_FINANCIAL_RISK_INTELLIGENCE_ANALYTICS'
[0m06:29:49.035461 [debug] [ThreadPool]: Using snowflake connection "list_FINANCIAL_RISK_INTELLIGENCE_ANALYTICS_GOLD"
[0m06:29:49.039461 [debug] [ThreadPool]: Using snowflake connection "list_FINANCIAL_RISK_INTELLIGENCE_ANALYTICS"
[0m06:29:49.040462 [debug] [ThreadPool]: On list_FINANCIAL_RISK_INTELLIGENCE_ANALYTICS_GOLD: show objects in FINANCIAL_RISK_INTELLIGENCE.ANALYTICS_GOLD
    limit 10000
    

/* {"app": "dbt", "dbt_version": "1.11.11", "profile_name": "dbt_AI_financial_risk_project", "target_name": "dev", "connection_name": "list_FINANCIAL_RISK_INTELLIGENCE_ANALYTICS_GOLD"} */;
[0m06:29:49.041500 [debug] [ThreadPool]: On list_FINANCIAL_RISK_INTELLIGENCE_ANALYTICS: show objects in FINANCIAL_RISK_INTELLIGENCE.ANALYTICS
    limit 10000
    

/* {"app": "dbt", "dbt_version": "1.11.11", "profile_name": "dbt_AI_financial_risk_project", "target_name": "dev", "connection_name": "list_FINANCIAL_RISK_INTELLIGENCE_ANALYTICS"} */;
[0m06:29:49.042816 [debug] [ThreadPool]: Opening a new connection, currently in state init
[0m06:29:49.042816 [debug] [ThreadPool]: Opening a new connection, currently in state init
[0m06:29:50.521115 [debug] [ThreadPool]: SQL status: SUCCESS 0 in 1.478 seconds
[0m06:29:50.662828 [debug] [ThreadPool]: SQL status: SUCCESS 6 in 1.619 seconds
[0m06:29:50.678174 [debug] [MainThread]: Sending event: {'category': 'dbt', 'action': 'runnable_timing', 'label': '48b3bac9-b635-42e1-a1fe-3e619683cf63', 'context': [<snowplow_tracker.self_describing_json.SelfDescribingJson object at 0x0000021D6A3C7E10>]}
[0m06:29:50.689199 [debug] [Thread-2 (]: Began running node model.dbt_AI_financial_risk_project.dim_product
[0m06:29:50.691155 [info ] [Thread-2 (]: 1 of 1 START sql table model ANALYTICS_GOLD.dim_product ........................ [RUN]
[0m06:29:50.692155 [debug] [Thread-2 (]: Acquiring new snowflake connection 'model.dbt_AI_financial_risk_project.dim_product'
[0m06:29:50.693155 [debug] [Thread-2 (]: Began compiling node model.dbt_AI_financial_risk_project.dim_product
[0m06:29:50.708152 [debug] [Thread-2 (]: Writing injected SQL for node "model.dbt_AI_financial_risk_project.dim_product"
[0m06:29:50.709153 [debug] [Thread-2 (]: Began executing node model.dbt_AI_financial_risk_project.dim_product
[0m06:29:50.743613 [debug] [Thread-2 (]: Writing runtime sql for node "model.dbt_AI_financial_risk_project.dim_product"
[0m06:29:50.745614 [debug] [Thread-2 (]: Using snowflake connection "model.dbt_AI_financial_risk_project.dim_product"
[0m06:29:50.745614 [debug] [Thread-2 (]: On model.dbt_AI_financial_risk_project.dim_product: create or replace transient table FINANCIAL_RISK_INTELLIGENCE.ANALYTICS_GOLD.dim_product
    
    
    
    as (

WITH unique_products AS (
    -- Step 1: Get a truly distinct list of products first
    SELECT DISTINCT product
    FROM FINANCIAL_RISK_INTELLIGENCE.ANALYTICS.stg_complaints
    WHERE product IS NOT NULL
)

-- Step 2: Assign unique keys to that deduplicated list
SELECT
    ROW_NUMBER() OVER (ORDER BY product) AS product_key,
    product
FROM unique_products
    )

/* {"app": "dbt", "dbt_version": "1.11.11", "profile_name": "dbt_AI_financial_risk_project", "target_name": "dev", "node_id": "model.dbt_AI_financial_risk_project.dim_product"} */;
[0m06:29:50.746613 [debug] [Thread-2 (]: Opening a new connection, currently in state init
[0m06:29:52.438699 [debug] [Thread-2 (]: Snowflake adapter: Snowflake query id: 01c4c735-0309-3074-002e-65ff000492ea
[0m06:29:52.441703 [debug] [Thread-2 (]: Snowflake adapter: Snowflake error: 002003 (42S02): SQL compilation error:
Object 'FINANCIAL_RISK_INTELLIGENCE.ANALYTICS.STG_COMPLAINTS' does not exist or not authorized.
[0m06:29:52.455685 [debug] [Thread-2 (]: Database Error in model dim_product (models\gold\dim_product.sql)
  002003 (42S02): SQL compilation error:
  Object 'FINANCIAL_RISK_INTELLIGENCE.ANALYTICS.STG_COMPLAINTS' does not exist or not authorized.
  compiled code at target\run\dbt_AI_financial_risk_project\models\gold\dim_product.sql
[0m06:29:52.461183 [debug] [Thread-2 (]: Sending event: {'category': 'dbt', 'action': 'run_model', 'label': '48b3bac9-b635-42e1-a1fe-3e619683cf63', 'context': [<snowplow_tracker.self_describing_json.SelfDescribingJson object at 0x0000021D698E2350>]}
[0m06:29:52.463198 [error] [Thread-2 (]: 1 of 1 ERROR creating sql table model ANALYTICS_GOLD.dim_product ............... [[31mERROR[0m in 1.76s]
[0m06:29:52.465198 [debug] [Thread-2 (]: Finished running node model.dbt_AI_financial_risk_project.dim_product
[0m06:29:52.466428 [debug] [Thread-8 (]: Marking all children of 'model.dbt_AI_financial_risk_project.dim_product' to be skipped because of status 'error'.  Reason: Database Error in model dim_product (models\gold\dim_product.sql)
  002003 (42S02): SQL compilation error:
  Object 'FINANCIAL_RISK_INTELLIGENCE.ANALYTICS.STG_COMPLAINTS' does not exist or not authorized.
  compiled code at target\run\dbt_AI_financial_risk_project\models\gold\dim_product.sql.
[0m06:29:52.470455 [debug] [MainThread]: Connection 'master' was properly closed.
[0m06:29:52.472695 [debug] [MainThread]: Connection 'list_FINANCIAL_RISK_INTELLIGENCE' was left open.
[0m06:29:52.473698 [debug] [MainThread]: On list_FINANCIAL_RISK_INTELLIGENCE: Close
[0m06:29:53.067777 [debug] [MainThread]: Connection 'list_FINANCIAL_RISK_INTELLIGENCE_ANALYTICS_GOLD' was left open.
[0m06:29:53.069799 [debug] [MainThread]: On list_FINANCIAL_RISK_INTELLIGENCE_ANALYTICS_GOLD: Close
[0m06:29:53.642636 [debug] [MainThread]: Connection 'list_FINANCIAL_RISK_INTELLIGENCE_ANALYTICS' was left open.
[0m06:29:53.644635 [debug] [MainThread]: On list_FINANCIAL_RISK_INTELLIGENCE_ANALYTICS: Close
[0m06:29:54.269549 [debug] [MainThread]: Connection 'model.dbt_AI_financial_risk_project.dim_product' was left open.
[0m06:29:54.271824 [debug] [MainThread]: On model.dbt_AI_financial_risk_project.dim_product: Close
[0m06:29:54.888317 [info ] [MainThread]: 
[0m06:29:54.891263 [info ] [MainThread]: Finished running 1 table model in 0 hours 0 minutes and 8.29 seconds (8.29s).
[0m06:29:54.895331 [debug] [MainThread]: Command end result
[0m06:29:54.958859 [debug] [MainThread]: Wrote artifact WritableManifest to C:\Users\guruv\Downloads\Data\Project\AI-Powered-Financial-Risk-Intelligence-Platform\dbt_AI_financial_risk_project\target\manifest.json
[0m06:29:54.961893 [debug] [MainThread]: Wrote artifact SemanticManifest to C:\Users\guruv\Downloads\Data\Project\AI-Powered-Financial-Risk-Intelligence-Platform\dbt_AI_financial_risk_project\target\semantic_manifest.json
[0m06:29:54.967443 [debug] [MainThread]: Wrote artifact RunExecutionResult to C:\Users\guruv\Downloads\Data\Project\AI-Powered-Financial-Risk-Intelligence-Platform\dbt_AI_financial_risk_project\target\run_results.json
[0m06:29:54.968403 [info ] [MainThread]: 
[0m06:29:54.969406 [info ] [MainThread]: [31mCompleted with 1 error, 0 partial successes, and 0 warnings:[0m
[0m06:29:54.969406 [info ] [MainThread]: 
[0m06:29:54.970450 [error] [MainThread]: [31mFailure in model dim_product (models\gold\dim_product.sql)[0m
[0m06:29:54.971404 [error] [MainThread]:   Database Error in model dim_product (models\gold\dim_product.sql)
  002003 (42S02): SQL compilation error:
  Object 'FINANCIAL_RISK_INTELLIGENCE.ANALYTICS.STG_COMPLAINTS' does not exist or not authorized.
  compiled code at target\run\dbt_AI_financial_risk_project\models\gold\dim_product.sql
[0m06:29:54.971404 [info ] [MainThread]: 
[0m06:29:54.972448 [info ] [MainThread]:   compiled code at target\compiled\dbt_AI_financial_risk_project\models\gold\dim_product.sql
[0m06:29:54.972448 [info ] [MainThread]: 
[0m06:29:54.973503 [info ] [MainThread]: Done. PASS=0 WARN=0 ERROR=1 SKIP=0 NO-OP=0 TOTAL=1
[0m06:29:54.974503 [debug] [MainThread]: Command `dbt run` failed at 06:29:54.974503 after 10.54 seconds
[0m06:29:54.975502 [debug] [MainThread]: Sending event: {'category': 'dbt', 'action': 'invocation', 'label': 'end', 'context': [<snowplow_tracker.self_describing_json.SelfDescribingJson object at 0x0000021D5701F0D0>, <snowplow_tracker.self_describing_json.SelfDescribingJson object at 0x0000021D50360A90>, <snowplow_tracker.self_describing_json.SelfDescribingJson object at 0x0000021D50360190>]}
[0m06:29:54.975502 [debug] [MainThread]: Flushing usage events
[0m06:29:56.274814 [debug] [MainThread]: An error was encountered while trying to flush usage events
[0m06:35:54.904361 [debug] [MainThread]: Sending event: {'category': 'dbt', 'action': 'invocation', 'label': 'start', 'context': [<snowplow_tracker.self_describing_json.SelfDescribingJson object at 0x0000020B10B63CD0>, <snowplow_tracker.self_describing_json.SelfDescribingJson object at 0x0000020B0F771010>, <snowplow_tracker.self_describing_json.SelfDescribingJson object at 0x0000020B0FA0F510>]}


============================== 06:35:54.908363 | 17876249-6681-4fbb-9f6e-864fb0862d8e ==============================
[0m06:35:54.908363 [info ] [MainThread]: Running with dbt=1.11.11
[0m06:35:54.909362 [debug] [MainThread]: running dbt with arguments {'version_check': 'True', 'no_print': 'None', 'static_parser': 'True', 'target_path': 'None', 'warn_error_options': 'WarnErrorOptionsV2(error=[], warn=[], silence=[])', 'printer_width': '80', 'write_json': 'True', 'introspect': 'True', 'log_cache_events': 'False', 'empty': 'False', 'cache_selected_only': 'False', 'fail_fast': 'False', 'debug': 'False', 'log_format': 'default', 'profiles_dir': '.', 'send_anonymous_usage_stats': 'True', 'quiet': 'False', 'warn_error': 'None', 'partial_parse': 'True', 'use_colors': 'True', 'indirect_selection': 'eager', 'invocation_command': 'dbt run --select dim_product --profiles-dir .', 'use_experimental_parser': 'False', 'log_path': 'C:\\Users\\guruv\\Downloads\\Data\\Project\\AI-Powered-Financial-Risk-Intelligence-Platform\\dbt_AI_financial_risk_project\\logs'}
[0m06:35:55.785921 [debug] [MainThread]: Snowflake adapter: Setting snowflake.connector to ERROR (file logging only)
[0m06:35:55.787303 [debug] [MainThread]: Snowflake adapter: Setting botocore to ERROR (file logging only)
[0m06:35:55.787303 [debug] [MainThread]: Snowflake adapter: Setting boto3 to ERROR (file logging only)
[0m06:35:55.996803 [debug] [MainThread]: Sending event: {'category': 'dbt', 'action': 'project_id', 'label': '17876249-6681-4fbb-9f6e-864fb0862d8e', 'context': [<snowplow_tracker.self_describing_json.SelfDescribingJson object at 0x0000020B22301690>]}
[0m06:35:56.055826 [debug] [MainThread]: Sending event: {'category': 'dbt', 'action': 'adapter_info', 'label': '17876249-6681-4fbb-9f6e-864fb0862d8e', 'context': [<snowplow_tracker.self_describing_json.SelfDescribingJson object at 0x0000020B10B3FBD0>]}
[0m06:35:56.057826 [info ] [MainThread]: Registered adapter: snowflake=1.11.5
[0m06:35:56.514331 [debug] [MainThread]: checksum: 30a8cc8fdcbf66701b0944d4ccce3fa46dd04b61e5df68b9f16d57b2e0e3f0be, vars: {}, profile: , target: , version: 1.11.11
[0m06:35:56.667227 [debug] [MainThread]: Partial parsing enabled: 0 files deleted, 0 files added, 1 files changed.
[0m06:35:56.668227 [debug] [MainThread]: Partial parsing: updated file: dbt_AI_financial_risk_project://models\gold\dim_product.sql
[0m06:35:56.925408 [debug] [MainThread]: Sending event: {'category': 'dbt', 'action': 'load_project', 'label': '17876249-6681-4fbb-9f6e-864fb0862d8e', 'context': [<snowplow_tracker.self_describing_json.SelfDescribingJson object at 0x0000020B222F4A10>]}
[0m06:35:57.002650 [debug] [MainThread]: Wrote artifact WritableManifest to C:\Users\guruv\Downloads\Data\Project\AI-Powered-Financial-Risk-Intelligence-Platform\dbt_AI_financial_risk_project\target\manifest.json
[0m06:35:57.005647 [debug] [MainThread]: Wrote artifact SemanticManifest to C:\Users\guruv\Downloads\Data\Project\AI-Powered-Financial-Risk-Intelligence-Platform\dbt_AI_financial_risk_project\target\semantic_manifest.json
[0m06:35:57.016692 [debug] [MainThread]: Sending event: {'category': 'dbt', 'action': 'resource_counts', 'label': '17876249-6681-4fbb-9f6e-864fb0862d8e', 'context': [<snowplow_tracker.self_describing_json.SelfDescribingJson object at 0x0000020B227C9290>]}
[0m06:35:57.017711 [info ] [MainThread]: Found 4 models, 4 data tests, 536 macros
[0m06:35:57.018693 [debug] [MainThread]: Sending event: {'category': 'dbt', 'action': 'runnable_timing', 'label': '17876249-6681-4fbb-9f6e-864fb0862d8e', 'context': [<snowplow_tracker.self_describing_json.SelfDescribingJson object at 0x0000020B22688FD0>]}
[0m06:35:57.019694 [info ] [MainThread]: 
[0m06:35:57.020695 [info ] [MainThread]: Concurrency: 4 threads (target='dev')
[0m06:35:57.020695 [info ] [MainThread]: 
[0m06:35:57.021694 [debug] [MainThread]: Acquiring new snowflake connection 'master'
[0m06:35:57.022695 [debug] [ThreadPool]: Acquiring new snowflake connection 'list_FINANCIAL_RISK_INTELLIGENCE'
[0m06:35:57.102935 [debug] [ThreadPool]: Using snowflake connection "list_FINANCIAL_RISK_INTELLIGENCE"
[0m06:35:57.103934 [debug] [ThreadPool]: On list_FINANCIAL_RISK_INTELLIGENCE: show terse schemas in database FINANCIAL_RISK_INTELLIGENCE
    limit 10000
/* {"app": "dbt", "dbt_version": "1.11.11", "profile_name": "dbt_AI_financial_risk_project", "target_name": "dev", "connection_name": "list_FINANCIAL_RISK_INTELLIGENCE"} */
[0m06:35:57.103934 [debug] [ThreadPool]: Opening a new connection, currently in state init
[0m06:35:59.497173 [debug] [ThreadPool]: SQL status: SUCCESS 7 in 2.393 seconds
[0m06:35:59.505173 [debug] [ThreadPool]: Acquiring new snowflake connection 'list_FINANCIAL_RISK_INTELLIGENCE_ANALYTICS_GOLD'
[0m06:35:59.506156 [debug] [ThreadPool]: Acquiring new snowflake connection 'list_FINANCIAL_RISK_INTELLIGENCE_ANALYTICS'
[0m06:35:59.597381 [debug] [ThreadPool]: Using snowflake connection "list_FINANCIAL_RISK_INTELLIGENCE_ANALYTICS_GOLD"
[0m06:35:59.601380 [debug] [ThreadPool]: Using snowflake connection "list_FINANCIAL_RISK_INTELLIGENCE_ANALYTICS"
[0m06:35:59.602375 [debug] [ThreadPool]: On list_FINANCIAL_RISK_INTELLIGENCE_ANALYTICS_GOLD: show objects in FINANCIAL_RISK_INTELLIGENCE.ANALYTICS_GOLD
    limit 10000
    

/* {"app": "dbt", "dbt_version": "1.11.11", "profile_name": "dbt_AI_financial_risk_project", "target_name": "dev", "connection_name": "list_FINANCIAL_RISK_INTELLIGENCE_ANALYTICS_GOLD"} */;
[0m06:35:59.602375 [debug] [ThreadPool]: On list_FINANCIAL_RISK_INTELLIGENCE_ANALYTICS: show objects in FINANCIAL_RISK_INTELLIGENCE.ANALYTICS
    limit 10000
    

/* {"app": "dbt", "dbt_version": "1.11.11", "profile_name": "dbt_AI_financial_risk_project", "target_name": "dev", "connection_name": "list_FINANCIAL_RISK_INTELLIGENCE_ANALYTICS"} */;
[0m06:35:59.603419 [debug] [ThreadPool]: Opening a new connection, currently in state init
[0m06:35:59.603419 [debug] [ThreadPool]: Opening a new connection, currently in state init
[0m06:36:01.921795 [debug] [ThreadPool]: SQL status: SUCCESS 0 in 2.318 seconds
[0m06:36:01.946840 [debug] [ThreadPool]: SQL status: SUCCESS 6 in 2.343 seconds
[0m06:36:01.950793 [debug] [MainThread]: Sending event: {'category': 'dbt', 'action': 'runnable_timing', 'label': '17876249-6681-4fbb-9f6e-864fb0862d8e', 'context': [<snowplow_tracker.self_describing_json.SelfDescribingJson object at 0x0000020B22AF5B10>]}
[0m06:36:01.953999 [debug] [Thread-2 (]: Began running node model.dbt_AI_financial_risk_project.dim_product
[0m06:36:01.954944 [info ] [Thread-2 (]: 1 of 1 START sql table model ANALYTICS_GOLD.dim_product ........................ [RUN]
[0m06:36:01.955982 [debug] [Thread-2 (]: Acquiring new snowflake connection 'model.dbt_AI_financial_risk_project.dim_product'
[0m06:36:01.955982 [debug] [Thread-2 (]: Began compiling node model.dbt_AI_financial_risk_project.dim_product
[0m06:36:01.964368 [debug] [Thread-2 (]: Writing injected SQL for node "model.dbt_AI_financial_risk_project.dim_product"
[0m06:36:01.965364 [debug] [Thread-2 (]: Began executing node model.dbt_AI_financial_risk_project.dim_product
[0m06:36:01.998193 [debug] [Thread-2 (]: Writing runtime sql for node "model.dbt_AI_financial_risk_project.dim_product"
[0m06:36:01.999187 [debug] [Thread-2 (]: Using snowflake connection "model.dbt_AI_financial_risk_project.dim_product"
[0m06:36:02.000201 [debug] [Thread-2 (]: On model.dbt_AI_financial_risk_project.dim_product: create or replace transient table FINANCIAL_RISK_INTELLIGENCE.ANALYTICS_GOLD.dim_product
    
    
    
    as (

SELECT DISTINCT
    ROW_NUMBER() OVER (ORDER BY product) AS product_key,
    product
FROM SILVER.STG_COMPLAINTS
WHERE product IS NOT NULL
    )

/* {"app": "dbt", "dbt_version": "1.11.11", "profile_name": "dbt_AI_financial_risk_project", "target_name": "dev", "node_id": "model.dbt_AI_financial_risk_project.dim_product"} */;
[0m06:36:02.001192 [debug] [Thread-2 (]: Opening a new connection, currently in state init
[0m06:36:05.814736 [debug] [Thread-2 (]: Snowflake adapter: Snowflake query id: 01c4c73c-0309-1f1e-002e-65ff0004c1a2
[0m06:36:05.815735 [debug] [Thread-2 (]: Snowflake adapter: Snowflake error: 002037 (42601): SQL compilation error:
Failure during expansion of view 'STG_COMPLAINTS': SQL compilation error:
Object 'FINANCIAL_RISK_INTELLIGENCE.ANALYTICS.RAW_COMPLAINTS' does not exist or not authorized.
[0m06:36:05.818735 [debug] [Thread-2 (]: Database Error in model dim_product (models\gold\dim_product.sql)
  002037 (42601): SQL compilation error:
  Failure during expansion of view 'STG_COMPLAINTS': SQL compilation error:
  Object 'FINANCIAL_RISK_INTELLIGENCE.ANALYTICS.RAW_COMPLAINTS' does not exist or not authorized.
  compiled code at target\run\dbt_AI_financial_risk_project\models\gold\dim_product.sql
[0m06:36:05.821735 [debug] [Thread-2 (]: Sending event: {'category': 'dbt', 'action': 'run_model', 'label': '17876249-6681-4fbb-9f6e-864fb0862d8e', 'context': [<snowplow_tracker.self_describing_json.SelfDescribingJson object at 0x0000020B226F3E90>]}
[0m06:36:05.822881 [error] [Thread-2 (]: 1 of 1 ERROR creating sql table model ANALYTICS_GOLD.dim_product ............... [[31mERROR[0m in 3.86s]
[0m06:36:05.823827 [debug] [Thread-2 (]: Finished running node model.dbt_AI_financial_risk_project.dim_product
[0m06:36:05.823827 [debug] [Thread-8 (]: Marking all children of 'model.dbt_AI_financial_risk_project.dim_product' to be skipped because of status 'error'.  Reason: Database Error in model dim_product (models\gold\dim_product.sql)
  002037 (42601): SQL compilation error:
  Failure during expansion of view 'STG_COMPLAINTS': SQL compilation error:
  Object 'FINANCIAL_RISK_INTELLIGENCE.ANALYTICS.RAW_COMPLAINTS' does not exist or not authorized.
  compiled code at target\run\dbt_AI_financial_risk_project\models\gold\dim_product.sql.
[0m06:36:05.825878 [debug] [MainThread]: Connection 'master' was properly closed.
[0m06:36:05.826970 [debug] [MainThread]: Connection 'list_FINANCIAL_RISK_INTELLIGENCE' was left open.
[0m06:36:05.826970 [debug] [MainThread]: On list_FINANCIAL_RISK_INTELLIGENCE: Close
[0m06:36:06.499853 [debug] [MainThread]: Connection 'list_FINANCIAL_RISK_INTELLIGENCE_ANALYTICS_GOLD' was left open.
[0m06:36:06.500851 [debug] [MainThread]: On list_FINANCIAL_RISK_INTELLIGENCE_ANALYTICS_GOLD: Close
[0m06:36:07.105203 [debug] [MainThread]: Connection 'list_FINANCIAL_RISK_INTELLIGENCE_ANALYTICS' was left open.
[0m06:36:07.105203 [debug] [MainThread]: On list_FINANCIAL_RISK_INTELLIGENCE_ANALYTICS: Close
[0m06:36:07.657795 [debug] [MainThread]: Connection 'model.dbt_AI_financial_risk_project.dim_product' was left open.
[0m06:36:07.658793 [debug] [MainThread]: On model.dbt_AI_financial_risk_project.dim_product: Close
[0m06:36:08.242628 [info ] [MainThread]: 
[0m06:36:08.243626 [info ] [MainThread]: Finished running 1 table model in 0 hours 0 minutes and 11.22 seconds (11.22s).
[0m06:36:08.244630 [debug] [MainThread]: Command end result
[0m06:36:08.281249 [debug] [MainThread]: Wrote artifact WritableManifest to C:\Users\guruv\Downloads\Data\Project\AI-Powered-Financial-Risk-Intelligence-Platform\dbt_AI_financial_risk_project\target\manifest.json
[0m06:36:08.284217 [debug] [MainThread]: Wrote artifact SemanticManifest to C:\Users\guruv\Downloads\Data\Project\AI-Powered-Financial-Risk-Intelligence-Platform\dbt_AI_financial_risk_project\target\semantic_manifest.json
[0m06:36:08.291551 [debug] [MainThread]: Wrote artifact RunExecutionResult to C:\Users\guruv\Downloads\Data\Project\AI-Powered-Financial-Risk-Intelligence-Platform\dbt_AI_financial_risk_project\target\run_results.json
[0m06:36:08.291551 [info ] [MainThread]: 
[0m06:36:08.292547 [info ] [MainThread]: [31mCompleted with 1 error, 0 partial successes, and 0 warnings:[0m
[0m06:36:08.293579 [info ] [MainThread]: 
[0m06:36:08.294609 [error] [MainThread]: [31mFailure in model dim_product (models\gold\dim_product.sql)[0m
[0m06:36:08.294609 [error] [MainThread]:   Database Error in model dim_product (models\gold\dim_product.sql)
  002037 (42601): SQL compilation error:
  Failure during expansion of view 'STG_COMPLAINTS': SQL compilation error:
  Object 'FINANCIAL_RISK_INTELLIGENCE.ANALYTICS.RAW_COMPLAINTS' does not exist or not authorized.
  compiled code at target\run\dbt_AI_financial_risk_project\models\gold\dim_product.sql
[0m06:36:08.295610 [info ] [MainThread]: 
[0m06:36:08.296606 [info ] [MainThread]:   compiled code at target\compiled\dbt_AI_financial_risk_project\models\gold\dim_product.sql
[0m06:36:08.296606 [info ] [MainThread]: 
[0m06:36:08.297609 [info ] [MainThread]: Done. PASS=0 WARN=0 ERROR=1 SKIP=0 NO-OP=0 TOTAL=1
[0m06:36:08.298607 [debug] [MainThread]: Command `dbt run` failed at 06:36:08.298607 after 13.49 seconds
[0m06:36:08.298607 [debug] [MainThread]: Sending event: {'category': 'dbt', 'action': 'invocation', 'label': 'end', 'context': [<snowplow_tracker.self_describing_json.SelfDescribingJson object at 0x0000020B0F245B10>, <snowplow_tracker.self_describing_json.SelfDescribingJson object at 0x0000020B08C60A90>, <snowplow_tracker.self_describing_json.SelfDescribingJson object at 0x0000020B08F2A350>]}
[0m06:36:08.299800 [debug] [MainThread]: Flushing usage events
[0m06:36:09.500666 [debug] [MainThread]: An error was encountered while trying to flush usage events
[0m06:38:36.196357 [debug] [MainThread]: Sending event: {'category': 'dbt', 'action': 'invocation', 'label': 'start', 'context': [<snowplow_tracker.self_describing_json.SelfDescribingJson object at 0x000001CBC79B2F10>, <snowplow_tracker.self_describing_json.SelfDescribingJson object at 0x000001CBC774AA50>, <snowplow_tracker.self_describing_json.SelfDescribingJson object at 0x000001CBC78FF9D0>]}


============================== 06:38:36.199395 | c9ee781d-c9ea-479d-a4c0-f193108c87e6 ==============================
[0m06:38:36.199395 [info ] [MainThread]: Running with dbt=1.11.11
[0m06:38:36.200414 [debug] [MainThread]: running dbt with arguments {'static_parser': 'True', 'no_print': 'None', 'version_check': 'True', 'warn_error_options': 'WarnErrorOptionsV2(error=[], warn=[], silence=[])', 'target_path': 'None', 'printer_width': '80', 'write_json': 'True', 'introspect': 'True', 'log_cache_events': 'False', 'empty': 'False', 'cache_selected_only': 'False', 'log_format': 'default', 'debug': 'False', 'fail_fast': 'False', 'partial_parse': 'True', 'send_anonymous_usage_stats': 'True', 'quiet': 'False', 'warn_error': 'None', 'profiles_dir': '.', 'indirect_selection': 'eager', 'use_colors': 'True', 'invocation_command': 'dbt run --select dim_product --profiles-dir .', 'use_experimental_parser': 'False', 'log_path': 'C:\\Users\\guruv\\Downloads\\Data\\Project\\AI-Powered-Financial-Risk-Intelligence-Platform\\dbt_AI_financial_risk_project\\logs'}
[0m06:38:37.117962 [debug] [MainThread]: Snowflake adapter: Setting snowflake.connector to ERROR (file logging only)
[0m06:38:37.118964 [debug] [MainThread]: Snowflake adapter: Setting botocore to ERROR (file logging only)
[0m06:38:37.119998 [debug] [MainThread]: Snowflake adapter: Setting boto3 to ERROR (file logging only)
[0m06:38:37.325531 [debug] [MainThread]: Sending event: {'category': 'dbt', 'action': 'project_id', 'label': 'c9ee781d-c9ea-479d-a4c0-f193108c87e6', 'context': [<snowplow_tracker.self_describing_json.SelfDescribingJson object at 0x000001CBC43794D0>]}
[0m06:38:37.383149 [debug] [MainThread]: Sending event: {'category': 'dbt', 'action': 'adapter_info', 'label': 'c9ee781d-c9ea-479d-a4c0-f193108c87e6', 'context': [<snowplow_tracker.self_describing_json.SelfDescribingJson object at 0x000001CBC8A2FB90>]}
[0m06:38:37.385102 [info ] [MainThread]: Registered adapter: snowflake=1.11.5
[0m06:38:37.821130 [debug] [MainThread]: checksum: 30a8cc8fdcbf66701b0944d4ccce3fa46dd04b61e5df68b9f16d57b2e0e3f0be, vars: {}, profile: , target: , version: 1.11.11
[0m06:38:37.991647 [debug] [MainThread]: Partial parsing enabled: 0 files deleted, 0 files added, 1 files changed.
[0m06:38:37.992647 [debug] [MainThread]: Partial parsing: updated file: dbt_AI_financial_risk_project://models\gold\dim_product.sql
[0m06:38:38.238852 [debug] [MainThread]: Sending event: {'category': 'dbt', 'action': 'load_project', 'label': 'c9ee781d-c9ea-479d-a4c0-f193108c87e6', 'context': [<snowplow_tracker.self_describing_json.SelfDescribingJson object at 0x000001CBDA6E95D0>]}
[0m06:38:38.316877 [debug] [MainThread]: Wrote artifact WritableManifest to C:\Users\guruv\Downloads\Data\Project\AI-Powered-Financial-Risk-Intelligence-Platform\dbt_AI_financial_risk_project\target\manifest.json
[0m06:38:38.319878 [debug] [MainThread]: Wrote artifact SemanticManifest to C:\Users\guruv\Downloads\Data\Project\AI-Powered-Financial-Risk-Intelligence-Platform\dbt_AI_financial_risk_project\target\semantic_manifest.json
[0m06:38:38.330454 [debug] [MainThread]: Sending event: {'category': 'dbt', 'action': 'resource_counts', 'label': 'c9ee781d-c9ea-479d-a4c0-f193108c87e6', 'context': [<snowplow_tracker.self_describing_json.SelfDescribingJson object at 0x000001CBDA57DD90>]}
[0m06:38:38.331613 [info ] [MainThread]: Found 4 models, 4 data tests, 536 macros
[0m06:38:38.331613 [debug] [MainThread]: Sending event: {'category': 'dbt', 'action': 'runnable_timing', 'label': 'c9ee781d-c9ea-479d-a4c0-f193108c87e6', 'context': [<snowplow_tracker.self_describing_json.SelfDescribingJson object at 0x000001CBDAA6A290>]}
[0m06:38:38.334203 [info ] [MainThread]: 
[0m06:38:38.334203 [info ] [MainThread]: Concurrency: 4 threads (target='dev')
[0m06:38:38.335253 [info ] [MainThread]: 
[0m06:38:38.336215 [debug] [MainThread]: Acquiring new snowflake connection 'master'
[0m06:38:38.337214 [debug] [ThreadPool]: Acquiring new snowflake connection 'list_FINANCIAL_RISK_INTELLIGENCE'
[0m06:38:38.416658 [debug] [ThreadPool]: Using snowflake connection "list_FINANCIAL_RISK_INTELLIGENCE"
[0m06:38:38.416658 [debug] [ThreadPool]: On list_FINANCIAL_RISK_INTELLIGENCE: show terse schemas in database FINANCIAL_RISK_INTELLIGENCE
    limit 10000
/* {"app": "dbt", "dbt_version": "1.11.11", "profile_name": "dbt_AI_financial_risk_project", "target_name": "dev", "connection_name": "list_FINANCIAL_RISK_INTELLIGENCE"} */
[0m06:38:38.417641 [debug] [ThreadPool]: Opening a new connection, currently in state init
[0m06:38:40.349234 [debug] [ThreadPool]: SQL status: SUCCESS 7 in 1.932 seconds
[0m06:38:40.371899 [debug] [ThreadPool]: Acquiring new snowflake connection 'list_FINANCIAL_RISK_INTELLIGENCE_ANALYTICS'
[0m06:38:40.373899 [debug] [ThreadPool]: Acquiring new snowflake connection 'list_FINANCIAL_RISK_INTELLIGENCE_ANALYTICS_GOLD'
[0m06:38:40.487007 [debug] [ThreadPool]: Using snowflake connection "list_FINANCIAL_RISK_INTELLIGENCE_ANALYTICS"
[0m06:38:40.492006 [debug] [ThreadPool]: Using snowflake connection "list_FINANCIAL_RISK_INTELLIGENCE_ANALYTICS_GOLD"
[0m06:38:40.493006 [debug] [ThreadPool]: On list_FINANCIAL_RISK_INTELLIGENCE_ANALYTICS: show objects in FINANCIAL_RISK_INTELLIGENCE.ANALYTICS
    limit 10000
    

/* {"app": "dbt", "dbt_version": "1.11.11", "profile_name": "dbt_AI_financial_risk_project", "target_name": "dev", "connection_name": "list_FINANCIAL_RISK_INTELLIGENCE_ANALYTICS"} */;
[0m06:38:40.494005 [debug] [ThreadPool]: On list_FINANCIAL_RISK_INTELLIGENCE_ANALYTICS_GOLD: show objects in FINANCIAL_RISK_INTELLIGENCE.ANALYTICS_GOLD
    limit 10000
    

/* {"app": "dbt", "dbt_version": "1.11.11", "profile_name": "dbt_AI_financial_risk_project", "target_name": "dev", "connection_name": "list_FINANCIAL_RISK_INTELLIGENCE_ANALYTICS_GOLD"} */;
[0m06:38:40.495010 [debug] [ThreadPool]: Opening a new connection, currently in state init
[0m06:38:40.496005 [debug] [ThreadPool]: Opening a new connection, currently in state init
[0m06:38:42.401411 [debug] [ThreadPool]: SQL status: SUCCESS 0 in 1.906 seconds
[0m06:38:42.493617 [debug] [ThreadPool]: SQL status: SUCCESS 6 in 1.998 seconds
[0m06:38:42.507547 [debug] [MainThread]: Sending event: {'category': 'dbt', 'action': 'runnable_timing', 'label': 'c9ee781d-c9ea-479d-a4c0-f193108c87e6', 'context': [<snowplow_tracker.self_describing_json.SelfDescribingJson object at 0x000001CBDAA6A290>]}
[0m06:38:42.522552 [debug] [Thread-2 (]: Began running node model.dbt_AI_financial_risk_project.dim_product
[0m06:38:42.524553 [info ] [Thread-2 (]: 1 of 1 START sql table model ANALYTICS_GOLD.dim_product ........................ [RUN]
[0m06:38:42.526553 [debug] [Thread-2 (]: Acquiring new snowflake connection 'model.dbt_AI_financial_risk_project.dim_product'
[0m06:38:42.528553 [debug] [Thread-2 (]: Began compiling node model.dbt_AI_financial_risk_project.dim_product
[0m06:38:42.543542 [debug] [Thread-2 (]: Writing injected SQL for node "model.dbt_AI_financial_risk_project.dim_product"
[0m06:38:42.544541 [debug] [Thread-2 (]: Began executing node model.dbt_AI_financial_risk_project.dim_product
[0m06:38:42.577788 [debug] [Thread-2 (]: Writing runtime sql for node "model.dbt_AI_financial_risk_project.dim_product"
[0m06:38:42.579767 [debug] [Thread-2 (]: Using snowflake connection "model.dbt_AI_financial_risk_project.dim_product"
[0m06:38:42.579767 [debug] [Thread-2 (]: On model.dbt_AI_financial_risk_project.dim_product: create or replace transient table FINANCIAL_RISK_INTELLIGENCE.ANALYTICS_GOLD.dim_product
    
    
    
    as (

SELECT DISTINCT
    ROW_NUMBER() OVER (ORDER BY product) AS product_key,
    product
FROM FINANCIAL_RISK_INTELLIGENCE.ANALYTICS.stg_complaints   -- Referring to the staging table where the cleaned and deduplicated complaints data is stored
WHERE product IS NOT NULL
    )

/* {"app": "dbt", "dbt_version": "1.11.11", "profile_name": "dbt_AI_financial_risk_project", "target_name": "dev", "node_id": "model.dbt_AI_financial_risk_project.dim_product"} */;
[0m06:38:42.580790 [debug] [Thread-2 (]: Opening a new connection, currently in state init
[0m06:38:44.567009 [debug] [Thread-2 (]: Snowflake adapter: Snowflake query id: 01c4c73e-0309-3125-002e-65ff000472e2
[0m06:38:44.568030 [debug] [Thread-2 (]: Snowflake adapter: Snowflake error: 002003 (42S02): SQL compilation error:
Object 'FINANCIAL_RISK_INTELLIGENCE.ANALYTICS.STG_COMPLAINTS' does not exist or not authorized.
[0m06:38:44.576140 [debug] [Thread-2 (]: Database Error in model dim_product (models\gold\dim_product.sql)
  002003 (42S02): SQL compilation error:
  Object 'FINANCIAL_RISK_INTELLIGENCE.ANALYTICS.STG_COMPLAINTS' does not exist or not authorized.
  compiled code at target\run\dbt_AI_financial_risk_project\models\gold\dim_product.sql
[0m06:38:44.581096 [debug] [Thread-2 (]: Sending event: {'category': 'dbt', 'action': 'run_model', 'label': 'c9ee781d-c9ea-479d-a4c0-f193108c87e6', 'context': [<snowplow_tracker.self_describing_json.SelfDescribingJson object at 0x000001CBDA5FD4D0>]}
[0m06:38:44.582134 [error] [Thread-2 (]: 1 of 1 ERROR creating sql table model ANALYTICS_GOLD.dim_product ............... [[31mERROR[0m in 2.05s]
[0m06:38:44.583095 [debug] [Thread-2 (]: Finished running node model.dbt_AI_financial_risk_project.dim_product
[0m06:38:44.584409 [debug] [Thread-8 (]: Marking all children of 'model.dbt_AI_financial_risk_project.dim_product' to be skipped because of status 'error'.  Reason: Database Error in model dim_product (models\gold\dim_product.sql)
  002003 (42S02): SQL compilation error:
  Object 'FINANCIAL_RISK_INTELLIGENCE.ANALYTICS.STG_COMPLAINTS' does not exist or not authorized.
  compiled code at target\run\dbt_AI_financial_risk_project\models\gold\dim_product.sql.
[0m06:38:44.587483 [debug] [MainThread]: Connection 'master' was properly closed.
[0m06:38:44.588704 [debug] [MainThread]: Connection 'list_FINANCIAL_RISK_INTELLIGENCE' was left open.
[0m06:38:44.588704 [debug] [MainThread]: On list_FINANCIAL_RISK_INTELLIGENCE: Close
[0m06:38:45.243871 [debug] [MainThread]: Connection 'list_FINANCIAL_RISK_INTELLIGENCE_ANALYTICS' was left open.
[0m06:38:45.245865 [debug] [MainThread]: On list_FINANCIAL_RISK_INTELLIGENCE_ANALYTICS: Close
[0m06:38:45.828413 [debug] [MainThread]: Connection 'list_FINANCIAL_RISK_INTELLIGENCE_ANALYTICS_GOLD' was left open.
[0m06:38:45.831396 [debug] [MainThread]: On list_FINANCIAL_RISK_INTELLIGENCE_ANALYTICS_GOLD: Close
[0m06:38:46.456669 [debug] [MainThread]: Connection 'model.dbt_AI_financial_risk_project.dim_product' was left open.
[0m06:38:46.458664 [debug] [MainThread]: On model.dbt_AI_financial_risk_project.dim_product: Close
[0m06:38:47.047894 [info ] [MainThread]: 
[0m06:38:47.048840 [info ] [MainThread]: Finished running 1 table model in 0 hours 0 minutes and 8.71 seconds (8.71s).
[0m06:38:47.051919 [debug] [MainThread]: Command end result
[0m06:38:47.103602 [debug] [MainThread]: Wrote artifact WritableManifest to C:\Users\guruv\Downloads\Data\Project\AI-Powered-Financial-Risk-Intelligence-Platform\dbt_AI_financial_risk_project\target\manifest.json
[0m06:38:47.106581 [debug] [MainThread]: Wrote artifact SemanticManifest to C:\Users\guruv\Downloads\Data\Project\AI-Powered-Financial-Risk-Intelligence-Platform\dbt_AI_financial_risk_project\target\semantic_manifest.json
[0m06:38:47.111581 [debug] [MainThread]: Wrote artifact RunExecutionResult to C:\Users\guruv\Downloads\Data\Project\AI-Powered-Financial-Risk-Intelligence-Platform\dbt_AI_financial_risk_project\target\run_results.json
[0m06:38:47.112574 [info ] [MainThread]: 
[0m06:38:47.112574 [info ] [MainThread]: [31mCompleted with 1 error, 0 partial successes, and 0 warnings:[0m
[0m06:38:47.113546 [info ] [MainThread]: 
[0m06:38:47.114546 [error] [MainThread]: [31mFailure in model dim_product (models\gold\dim_product.sql)[0m
[0m06:38:47.115546 [error] [MainThread]:   Database Error in model dim_product (models\gold\dim_product.sql)
  002003 (42S02): SQL compilation error:
  Object 'FINANCIAL_RISK_INTELLIGENCE.ANALYTICS.STG_COMPLAINTS' does not exist or not authorized.
  compiled code at target\run\dbt_AI_financial_risk_project\models\gold\dim_product.sql
[0m06:38:47.115546 [info ] [MainThread]: 
[0m06:38:47.116547 [info ] [MainThread]:   compiled code at target\compiled\dbt_AI_financial_risk_project\models\gold\dim_product.sql
[0m06:38:47.117656 [info ] [MainThread]: 
[0m06:38:47.117656 [info ] [MainThread]: Done. PASS=0 WARN=0 ERROR=1 SKIP=0 NO-OP=0 TOTAL=1
[0m06:38:47.119656 [debug] [MainThread]: Command `dbt run` failed at 06:38:47.118657 after 11.01 seconds
[0m06:38:47.119656 [debug] [MainThread]: Sending event: {'category': 'dbt', 'action': 'invocation', 'label': 'end', 'context': [<snowplow_tracker.self_describing_json.SelfDescribingJson object at 0x000001CBC0E2A350>, <snowplow_tracker.self_describing_json.SelfDescribingJson object at 0x000001CBC7125A90>, <snowplow_tracker.self_describing_json.SelfDescribingJson object at 0x000001CBD8235650>]}
[0m06:38:47.120656 [debug] [MainThread]: Flushing usage events
[0m06:38:48.380742 [debug] [MainThread]: An error was encountered while trying to flush usage events
[0m06:45:26.329321 [debug] [MainThread]: Sending event: {'category': 'dbt', 'action': 'invocation', 'label': 'start', 'context': [<snowplow_tracker.self_describing_json.SelfDescribingJson object at 0x0000027287A7C7D0>, <snowplow_tracker.self_describing_json.SelfDescribingJson object at 0x000002728694FE50>, <snowplow_tracker.self_describing_json.SelfDescribingJson object at 0x000002728694FB50>]}


============================== 06:45:26.332466 | a5313a86-bc9d-4abb-895a-570d61aed85d ==============================
[0m06:45:26.332466 [info ] [MainThread]: Running with dbt=1.11.11
[0m06:45:26.333466 [debug] [MainThread]: running dbt with arguments {'static_parser': 'True', 'no_print': 'None', 'version_check': 'True', 'warn_error_options': 'WarnErrorOptionsV2(error=[], warn=[], silence=[])', 'target_path': 'None', 'printer_width': '80', 'write_json': 'True', 'introspect': 'True', 'log_cache_events': 'False', 'empty': 'False', 'cache_selected_only': 'False', 'log_format': 'default', 'debug': 'False', 'fail_fast': 'False', 'partial_parse': 'True', 'send_anonymous_usage_stats': 'True', 'quiet': 'False', 'warn_error': 'None', 'profiles_dir': '.', 'invocation_command': 'dbt run --select dim_product --profiles-dir .', 'use_colors': 'True', 'indirect_selection': 'eager', 'use_experimental_parser': 'False', 'log_path': 'C:\\Users\\guruv\\Downloads\\Data\\Project\\AI-Powered-Financial-Risk-Intelligence-Platform\\dbt_AI_financial_risk_project\\logs'}
[0m06:45:27.265678 [debug] [MainThread]: Snowflake adapter: Setting snowflake.connector to ERROR (file logging only)
[0m06:45:27.267040 [debug] [MainThread]: Snowflake adapter: Setting botocore to ERROR (file logging only)
[0m06:45:27.267040 [debug] [MainThread]: Snowflake adapter: Setting boto3 to ERROR (file logging only)
[0m06:45:27.473041 [debug] [MainThread]: Sending event: {'category': 'dbt', 'action': 'project_id', 'label': 'a5313a86-bc9d-4abb-895a-570d61aed85d', 'context': [<snowplow_tracker.self_describing_json.SelfDescribingJson object at 0x00000272992A7ED0>]}
[0m06:45:27.531041 [debug] [MainThread]: Sending event: {'category': 'dbt', 'action': 'adapter_info', 'label': 'a5313a86-bc9d-4abb-895a-570d61aed85d', 'context': [<snowplow_tracker.self_describing_json.SelfDescribingJson object at 0x0000027287A7FA90>]}
[0m06:45:27.533459 [info ] [MainThread]: Registered adapter: snowflake=1.11.5
[0m06:45:27.977984 [debug] [MainThread]: checksum: 30a8cc8fdcbf66701b0944d4ccce3fa46dd04b61e5df68b9f16d57b2e0e3f0be, vars: {}, profile: , target: , version: 1.11.11
[0m06:45:28.132527 [debug] [MainThread]: Partial parsing enabled: 0 files deleted, 0 files added, 1 files changed.
[0m06:45:28.133540 [debug] [MainThread]: Partial parsing: updated file: dbt_AI_financial_risk_project://models\gold\dim_product.sql
[0m06:45:28.381009 [debug] [MainThread]: Sending event: {'category': 'dbt', 'action': 'load_project', 'label': 'a5313a86-bc9d-4abb-895a-570d61aed85d', 'context': [<snowplow_tracker.self_describing_json.SelfDescribingJson object at 0x0000027283440D90>]}
[0m06:45:28.457968 [debug] [MainThread]: Wrote artifact WritableManifest to C:\Users\guruv\Downloads\Data\Project\AI-Powered-Financial-Risk-Intelligence-Platform\dbt_AI_financial_risk_project\target\manifest.json
[0m06:45:28.460015 [debug] [MainThread]: Wrote artifact SemanticManifest to C:\Users\guruv\Downloads\Data\Project\AI-Powered-Financial-Risk-Intelligence-Platform\dbt_AI_financial_risk_project\target\semantic_manifest.json
[0m06:45:28.472009 [debug] [MainThread]: Sending event: {'category': 'dbt', 'action': 'resource_counts', 'label': 'a5313a86-bc9d-4abb-895a-570d61aed85d', 'context': [<snowplow_tracker.self_describing_json.SelfDescribingJson object at 0x0000027299704C10>]}
[0m06:45:28.472009 [info ] [MainThread]: Found 4 models, 4 data tests, 536 macros
[0m06:45:28.473239 [debug] [MainThread]: Sending event: {'category': 'dbt', 'action': 'runnable_timing', 'label': 'a5313a86-bc9d-4abb-895a-570d61aed85d', 'context': [<snowplow_tracker.self_describing_json.SelfDescribingJson object at 0x0000027299738AD0>]}
[0m06:45:28.475250 [info ] [MainThread]: 
[0m06:45:28.475250 [info ] [MainThread]: Concurrency: 4 threads (target='dev')
[0m06:45:28.476289 [info ] [MainThread]: 
[0m06:45:28.477252 [debug] [MainThread]: Acquiring new snowflake connection 'master'
[0m06:45:28.478291 [debug] [ThreadPool]: Acquiring new snowflake connection 'list_FINANCIAL_RISK_INTELLIGENCE'
[0m06:45:28.558361 [debug] [ThreadPool]: Using snowflake connection "list_FINANCIAL_RISK_INTELLIGENCE"
[0m06:45:28.559359 [debug] [ThreadPool]: On list_FINANCIAL_RISK_INTELLIGENCE: show terse schemas in database FINANCIAL_RISK_INTELLIGENCE
    limit 10000
/* {"app": "dbt", "dbt_version": "1.11.11", "profile_name": "dbt_AI_financial_risk_project", "target_name": "dev", "connection_name": "list_FINANCIAL_RISK_INTELLIGENCE"} */
[0m06:45:28.559359 [debug] [ThreadPool]: Opening a new connection, currently in state init
[0m06:45:31.558371 [debug] [ThreadPool]: SQL status: SUCCESS 7 in 2.999 seconds
[0m06:45:31.582360 [debug] [ThreadPool]: Acquiring new snowflake connection 'list_FINANCIAL_RISK_INTELLIGENCE_ANALYTICS_GOLD'
[0m06:45:31.584349 [debug] [ThreadPool]: Acquiring new snowflake connection 'list_FINANCIAL_RISK_INTELLIGENCE_ANALYTICS'
[0m06:45:31.696038 [debug] [ThreadPool]: Using snowflake connection "list_FINANCIAL_RISK_INTELLIGENCE_ANALYTICS_GOLD"
[0m06:45:31.701048 [debug] [ThreadPool]: Using snowflake connection "list_FINANCIAL_RISK_INTELLIGENCE_ANALYTICS"
[0m06:45:31.702007 [debug] [ThreadPool]: On list_FINANCIAL_RISK_INTELLIGENCE_ANALYTICS_GOLD: show objects in FINANCIAL_RISK_INTELLIGENCE.ANALYTICS_GOLD
    limit 10000
    

/* {"app": "dbt", "dbt_version": "1.11.11", "profile_name": "dbt_AI_financial_risk_project", "target_name": "dev", "connection_name": "list_FINANCIAL_RISK_INTELLIGENCE_ANALYTICS_GOLD"} */;
[0m06:45:31.703007 [debug] [ThreadPool]: On list_FINANCIAL_RISK_INTELLIGENCE_ANALYTICS: show objects in FINANCIAL_RISK_INTELLIGENCE.ANALYTICS
    limit 10000
    

/* {"app": "dbt", "dbt_version": "1.11.11", "profile_name": "dbt_AI_financial_risk_project", "target_name": "dev", "connection_name": "list_FINANCIAL_RISK_INTELLIGENCE_ANALYTICS"} */;
[0m06:45:31.703007 [debug] [ThreadPool]: Opening a new connection, currently in state init
[0m06:45:31.704007 [debug] [ThreadPool]: Opening a new connection, currently in state init
[0m06:45:33.051126 [debug] [ThreadPool]: SQL status: SUCCESS 0 in 1.347 seconds
[0m06:45:33.491135 [debug] [ThreadPool]: SQL status: SUCCESS 6 in 1.786 seconds
[0m06:45:33.502388 [debug] [MainThread]: Sending event: {'category': 'dbt', 'action': 'runnable_timing', 'label': 'a5313a86-bc9d-4abb-895a-570d61aed85d', 'context': [<snowplow_tracker.self_describing_json.SelfDescribingJson object at 0x0000027299A397D0>]}
[0m06:45:33.512378 [debug] [Thread-2 (]: Began running node model.dbt_AI_financial_risk_project.dim_product
[0m06:45:33.514379 [info ] [Thread-2 (]: 1 of 1 START sql table model ANALYTICS_GOLD.dim_product ........................ [RUN]
[0m06:45:33.516435 [debug] [Thread-2 (]: Acquiring new snowflake connection 'model.dbt_AI_financial_risk_project.dim_product'
[0m06:45:33.517434 [debug] [Thread-2 (]: Began compiling node model.dbt_AI_financial_risk_project.dim_product
[0m06:45:33.534500 [debug] [Thread-2 (]: Writing injected SQL for node "model.dbt_AI_financial_risk_project.dim_product"
[0m06:45:33.535583 [debug] [Thread-2 (]: Began executing node model.dbt_AI_financial_risk_project.dim_product
[0m06:45:33.566731 [debug] [Thread-2 (]: Writing runtime sql for node "model.dbt_AI_financial_risk_project.dim_product"
[0m06:45:33.568721 [debug] [Thread-2 (]: Using snowflake connection "model.dbt_AI_financial_risk_project.dim_product"
[0m06:45:33.569724 [debug] [Thread-2 (]: On model.dbt_AI_financial_risk_project.dim_product: create or replace transient table FINANCIAL_RISK_INTELLIGENCE.ANALYTICS_GOLD.dim_product
    
    
    
    as (

WITH unique_products AS (
    -- Direct path to your pre-existing silver view/table
    SELECT DISTINCT product
    FROM FINANCIAL_RISK_INTELLIGENCE.SILVER.STG_COMPLAINTS
    WHERE product IS NOT NULL
)

SELECT
    ROW_NUMBER() OVER (ORDER BY product) AS product_key,
    product
FROM unique_products
    )

/* {"app": "dbt", "dbt_version": "1.11.11", "profile_name": "dbt_AI_financial_risk_project", "target_name": "dev", "node_id": "model.dbt_AI_financial_risk_project.dim_product"} */;
[0m06:45:33.569724 [debug] [Thread-2 (]: Opening a new connection, currently in state init
[0m06:45:35.492271 [debug] [Thread-2 (]: Snowflake adapter: Snowflake query id: 01c4c745-0309-3125-002e-65ff000472e6
[0m06:45:35.495255 [debug] [Thread-2 (]: Snowflake adapter: Snowflake error: 002037 (42601): SQL compilation error:
Failure during expansion of view 'STG_COMPLAINTS': SQL compilation error:
Object 'FINANCIAL_RISK_INTELLIGENCE.ANALYTICS.RAW_COMPLAINTS' does not exist or not authorized.
[0m06:45:35.506255 [debug] [Thread-2 (]: Database Error in model dim_product (models\gold\dim_product.sql)
  002037 (42601): SQL compilation error:
  Failure during expansion of view 'STG_COMPLAINTS': SQL compilation error:
  Object 'FINANCIAL_RISK_INTELLIGENCE.ANALYTICS.RAW_COMPLAINTS' does not exist or not authorized.
  compiled code at target\run\dbt_AI_financial_risk_project\models\gold\dim_product.sql
[0m06:45:35.511407 [debug] [Thread-2 (]: Sending event: {'category': 'dbt', 'action': 'run_model', 'label': 'a5313a86-bc9d-4abb-895a-570d61aed85d', 'context': [<snowplow_tracker.self_describing_json.SelfDescribingJson object at 0x00000272992FA3D0>]}
[0m06:45:35.513420 [error] [Thread-2 (]: 1 of 1 ERROR creating sql table model ANALYTICS_GOLD.dim_product ............... [[31mERROR[0m in 1.99s]
[0m06:45:35.515421 [debug] [Thread-2 (]: Finished running node model.dbt_AI_financial_risk_project.dim_product
[0m06:45:35.516788 [debug] [Thread-8 (]: Marking all children of 'model.dbt_AI_financial_risk_project.dim_product' to be skipped because of status 'error'.  Reason: Database Error in model dim_product (models\gold\dim_product.sql)
  002037 (42601): SQL compilation error:
  Failure during expansion of view 'STG_COMPLAINTS': SQL compilation error:
  Object 'FINANCIAL_RISK_INTELLIGENCE.ANALYTICS.RAW_COMPLAINTS' does not exist or not authorized.
  compiled code at target\run\dbt_AI_financial_risk_project\models\gold\dim_product.sql.
[0m06:45:35.521064 [debug] [MainThread]: Connection 'master' was properly closed.
[0m06:45:35.522060 [debug] [MainThread]: Connection 'list_FINANCIAL_RISK_INTELLIGENCE' was left open.
[0m06:45:35.523060 [debug] [MainThread]: On list_FINANCIAL_RISK_INTELLIGENCE: Close
[0m06:45:36.100107 [debug] [MainThread]: Connection 'list_FINANCIAL_RISK_INTELLIGENCE_ANALYTICS_GOLD' was left open.
[0m06:45:36.103047 [debug] [MainThread]: On list_FINANCIAL_RISK_INTELLIGENCE_ANALYTICS_GOLD: Close
[0m06:45:36.728277 [debug] [MainThread]: Connection 'list_FINANCIAL_RISK_INTELLIGENCE_ANALYTICS' was left open.
[0m06:45:36.731265 [debug] [MainThread]: On list_FINANCIAL_RISK_INTELLIGENCE_ANALYTICS: Close
[0m06:45:37.346052 [debug] [MainThread]: Connection 'model.dbt_AI_financial_risk_project.dim_product' was left open.
[0m06:45:37.349051 [debug] [MainThread]: On model.dbt_AI_financial_risk_project.dim_product: Close
[0m06:45:37.960206 [info ] [MainThread]: 
[0m06:45:37.963188 [info ] [MainThread]: Finished running 1 table model in 0 hours 0 minutes and 9.48 seconds (9.48s).
[0m06:45:37.968178 [debug] [MainThread]: Command end result
[0m06:45:38.011660 [debug] [MainThread]: Wrote artifact WritableManifest to C:\Users\guruv\Downloads\Data\Project\AI-Powered-Financial-Risk-Intelligence-Platform\dbt_AI_financial_risk_project\target\manifest.json
[0m06:45:38.014674 [debug] [MainThread]: Wrote artifact SemanticManifest to C:\Users\guruv\Downloads\Data\Project\AI-Powered-Financial-Risk-Intelligence-Platform\dbt_AI_financial_risk_project\target\semantic_manifest.json
[0m06:45:38.020708 [debug] [MainThread]: Wrote artifact RunExecutionResult to C:\Users\guruv\Downloads\Data\Project\AI-Powered-Financial-Risk-Intelligence-Platform\dbt_AI_financial_risk_project\target\run_results.json
[0m06:45:38.020708 [info ] [MainThread]: 
[0m06:45:38.021711 [info ] [MainThread]: [31mCompleted with 1 error, 0 partial successes, and 0 warnings:[0m
[0m06:45:38.022673 [info ] [MainThread]: 
[0m06:45:38.022673 [error] [MainThread]: [31mFailure in model dim_product (models\gold\dim_product.sql)[0m
[0m06:45:38.023683 [error] [MainThread]:   Database Error in model dim_product (models\gold\dim_product.sql)
  002037 (42601): SQL compilation error:
  Failure during expansion of view 'STG_COMPLAINTS': SQL compilation error:
  Object 'FINANCIAL_RISK_INTELLIGENCE.ANALYTICS.RAW_COMPLAINTS' does not exist or not authorized.
  compiled code at target\run\dbt_AI_financial_risk_project\models\gold\dim_product.sql
[0m06:45:38.023683 [info ] [MainThread]: 
[0m06:45:38.024671 [info ] [MainThread]:   compiled code at target\compiled\dbt_AI_financial_risk_project\models\gold\dim_product.sql
[0m06:45:38.025673 [info ] [MainThread]: 
[0m06:45:38.025673 [info ] [MainThread]: Done. PASS=0 WARN=0 ERROR=1 SKIP=0 NO-OP=0 TOTAL=1
[0m06:45:38.027672 [debug] [MainThread]: Command `dbt run` failed at 06:45:38.027672 after 11.79 seconds
[0m06:45:38.027672 [debug] [MainThread]: Sending event: {'category': 'dbt', 'action': 'invocation', 'label': 'end', 'context': [<snowplow_tracker.self_describing_json.SelfDescribingJson object at 0x00000272869FEF90>, <snowplow_tracker.self_describing_json.SelfDescribingJson object at 0x00000272869FDB50>, <snowplow_tracker.self_describing_json.SelfDescribingJson object at 0x00000272855FB790>]}
[0m06:45:38.028672 [debug] [MainThread]: Flushing usage events
[0m06:45:39.307939 [debug] [MainThread]: An error was encountered while trying to flush usage events
[0m06:49:18.034894 [debug] [MainThread]: Sending event: {'category': 'dbt', 'action': 'invocation', 'label': 'start', 'context': [<snowplow_tracker.self_describing_json.SelfDescribingJson object at 0x0000014275E3F650>, <snowplow_tracker.self_describing_json.SelfDescribingJson object at 0x0000014274CDFF90>, <snowplow_tracker.self_describing_json.SelfDescribingJson object at 0x0000014275E3DA50>]}


============================== 06:49:18.038931 | 79c91fad-0a37-4af8-afef-3e9ac5ff1034 ==============================
[0m06:49:18.038931 [info ] [MainThread]: Running with dbt=1.11.11
[0m06:49:18.039934 [debug] [MainThread]: running dbt with arguments {'version_check': 'True', 'no_print': 'None', 'static_parser': 'True', 'target_path': 'None', 'warn_error_options': 'WarnErrorOptionsV2(error=[], warn=[], silence=[])', 'printer_width': '80', 'write_json': 'True', 'empty': 'False', 'log_cache_events': 'False', 'introspect': 'True', 'cache_selected_only': 'False', 'fail_fast': 'False', 'debug': 'False', 'log_format': 'default', 'partial_parse': 'True', 'send_anonymous_usage_stats': 'True', 'quiet': 'False', 'warn_error': 'None', 'profiles_dir': '.', 'invocation_command': 'dbt run --select stg_complaints --profiles-dir .', 'use_colors': 'True', 'indirect_selection': 'eager', 'use_experimental_parser': 'False', 'log_path': 'C:\\Users\\guruv\\Downloads\\Data\\Project\\AI-Powered-Financial-Risk-Intelligence-Platform\\dbt_AI_financial_risk_project\\logs'}
[0m06:49:18.926440 [debug] [MainThread]: Snowflake adapter: Setting snowflake.connector to ERROR (file logging only)
[0m06:49:18.927446 [debug] [MainThread]: Snowflake adapter: Setting botocore to ERROR (file logging only)
[0m06:49:18.927446 [debug] [MainThread]: Snowflake adapter: Setting boto3 to ERROR (file logging only)
[0m06:49:19.135338 [debug] [MainThread]: Sending event: {'category': 'dbt', 'action': 'project_id', 'label': '79c91fad-0a37-4af8-afef-3e9ac5ff1034', 'context': [<snowplow_tracker.self_describing_json.SelfDescribingJson object at 0x0000014273D8E210>]}
[0m06:49:19.192887 [debug] [MainThread]: Sending event: {'category': 'dbt', 'action': 'adapter_info', 'label': '79c91fad-0a37-4af8-afef-3e9ac5ff1034', 'context': [<snowplow_tracker.self_describing_json.SelfDescribingJson object at 0x0000014273D6E310>]}
[0m06:49:19.194843 [info ] [MainThread]: Registered adapter: snowflake=1.11.5
[0m06:49:19.635651 [debug] [MainThread]: checksum: 30a8cc8fdcbf66701b0944d4ccce3fa46dd04b61e5df68b9f16d57b2e0e3f0be, vars: {}, profile: , target: , version: 1.11.11
[0m06:49:19.783553 [debug] [MainThread]: Partial parsing enabled: 0 files deleted, 0 files added, 0 files changed.
[0m06:49:19.783553 [debug] [MainThread]: Nothing changed, skipping partial parsing.
[0m06:49:19.784559 [debug] [MainThread]: Partial parsing enabled, no changes found, skipping parsing
[0m06:49:19.820082 [debug] [MainThread]: Sending event: {'category': 'dbt', 'action': 'load_project', 'label': '79c91fad-0a37-4af8-afef-3e9ac5ff1034', 'context': [<snowplow_tracker.self_describing_json.SelfDescribingJson object at 0x0000014207A8C5D0>]}
[0m06:49:19.900679 [debug] [MainThread]: Wrote artifact WritableManifest to C:\Users\guruv\Downloads\Data\Project\AI-Powered-Financial-Risk-Intelligence-Platform\dbt_AI_financial_risk_project\target\manifest.json
[0m06:49:19.902681 [debug] [MainThread]: Wrote artifact SemanticManifest to C:\Users\guruv\Downloads\Data\Project\AI-Powered-Financial-Risk-Intelligence-Platform\dbt_AI_financial_risk_project\target\semantic_manifest.json
[0m06:49:19.914441 [debug] [MainThread]: Sending event: {'category': 'dbt', 'action': 'resource_counts', 'label': '79c91fad-0a37-4af8-afef-3e9ac5ff1034', 'context': [<snowplow_tracker.self_describing_json.SelfDescribingJson object at 0x000001420793FB50>]}
[0m06:49:19.915442 [info ] [MainThread]: Found 4 models, 4 data tests, 536 macros
[0m06:49:19.916446 [debug] [MainThread]: Sending event: {'category': 'dbt', 'action': 'runnable_timing', 'label': '79c91fad-0a37-4af8-afef-3e9ac5ff1034', 'context': [<snowplow_tracker.self_describing_json.SelfDescribingJson object at 0x00000142078E2B10>]}
[0m06:49:19.917619 [info ] [MainThread]: 
[0m06:49:19.918677 [info ] [MainThread]: Concurrency: 4 threads (target='dev')
[0m06:49:19.919642 [info ] [MainThread]: 
[0m06:49:19.919642 [debug] [MainThread]: Acquiring new snowflake connection 'master'
[0m06:49:19.920678 [debug] [ThreadPool]: Acquiring new snowflake connection 'list_FINANCIAL_RISK_INTELLIGENCE'
[0m06:49:20.002344 [debug] [ThreadPool]: Using snowflake connection "list_FINANCIAL_RISK_INTELLIGENCE"
[0m06:49:20.002344 [debug] [ThreadPool]: On list_FINANCIAL_RISK_INTELLIGENCE: show terse schemas in database FINANCIAL_RISK_INTELLIGENCE
    limit 10000
/* {"app": "dbt", "dbt_version": "1.11.11", "profile_name": "dbt_AI_financial_risk_project", "target_name": "dev", "connection_name": "list_FINANCIAL_RISK_INTELLIGENCE"} */
[0m06:49:20.003344 [debug] [ThreadPool]: Opening a new connection, currently in state init
[0m06:49:22.077313 [debug] [ThreadPool]: SQL status: SUCCESS 7 in 2.073 seconds
[0m06:49:22.096285 [debug] [ThreadPool]: Acquiring new snowflake connection 'list_FINANCIAL_RISK_INTELLIGENCE_ANALYTICS_GOLD'
[0m06:49:22.098284 [debug] [ThreadPool]: Acquiring new snowflake connection 'list_FINANCIAL_RISK_INTELLIGENCE_ANALYTICS'
[0m06:49:22.120606 [debug] [ThreadPool]: Using snowflake connection "list_FINANCIAL_RISK_INTELLIGENCE_ANALYTICS_GOLD"
[0m06:49:22.125599 [debug] [ThreadPool]: Using snowflake connection "list_FINANCIAL_RISK_INTELLIGENCE_ANALYTICS"
[0m06:49:22.126602 [debug] [ThreadPool]: On list_FINANCIAL_RISK_INTELLIGENCE_ANALYTICS_GOLD: show objects in FINANCIAL_RISK_INTELLIGENCE.ANALYTICS_GOLD
    limit 10000
    

/* {"app": "dbt", "dbt_version": "1.11.11", "profile_name": "dbt_AI_financial_risk_project", "target_name": "dev", "connection_name": "list_FINANCIAL_RISK_INTELLIGENCE_ANALYTICS_GOLD"} */;
[0m06:49:22.126602 [debug] [ThreadPool]: On list_FINANCIAL_RISK_INTELLIGENCE_ANALYTICS: show objects in FINANCIAL_RISK_INTELLIGENCE.ANALYTICS
    limit 10000
    

/* {"app": "dbt", "dbt_version": "1.11.11", "profile_name": "dbt_AI_financial_risk_project", "target_name": "dev", "connection_name": "list_FINANCIAL_RISK_INTELLIGENCE_ANALYTICS"} */;
[0m06:49:22.127960 [debug] [ThreadPool]: Opening a new connection, currently in state init
[0m06:49:22.127960 [debug] [ThreadPool]: Opening a new connection, currently in state init
[0m06:49:23.829769 [debug] [ThreadPool]: SQL status: SUCCESS 6 in 1.701 seconds
[0m06:49:23.834836 [debug] [ThreadPool]: SQL status: SUCCESS 0 in 1.707 seconds
[0m06:49:23.842945 [debug] [MainThread]: Sending event: {'category': 'dbt', 'action': 'runnable_timing', 'label': '79c91fad-0a37-4af8-afef-3e9ac5ff1034', 'context': [<snowplow_tracker.self_describing_json.SelfDescribingJson object at 0x0000014207966010>]}
[0m06:49:23.848944 [debug] [Thread-2 (]: Began running node model.dbt_AI_financial_risk_project.stg_complaints
[0m06:49:23.849943 [info ] [Thread-2 (]: 1 of 1 START sql view model ANALYTICS.stg_complaints ........................... [RUN]
[0m06:49:23.850904 [debug] [Thread-2 (]: Acquiring new snowflake connection 'model.dbt_AI_financial_risk_project.stg_complaints'
[0m06:49:23.850904 [debug] [Thread-2 (]: Began compiling node model.dbt_AI_financial_risk_project.stg_complaints
[0m06:49:23.862934 [debug] [Thread-2 (]: Writing injected SQL for node "model.dbt_AI_financial_risk_project.stg_complaints"
[0m06:49:23.864929 [debug] [Thread-2 (]: Began executing node model.dbt_AI_financial_risk_project.stg_complaints
[0m06:49:23.895287 [debug] [Thread-2 (]: Writing runtime sql for node "model.dbt_AI_financial_risk_project.stg_complaints"
[0m06:49:23.898279 [debug] [Thread-2 (]: Using snowflake connection "model.dbt_AI_financial_risk_project.stg_complaints"
[0m06:49:23.899243 [debug] [Thread-2 (]: On model.dbt_AI_financial_risk_project.stg_complaints: create or replace   view FINANCIAL_RISK_INTELLIGENCE.ANALYTICS.stg_complaints
  
  
  
  
  as (
    WITH source_data AS (
    SELECT *
    -- Pointing directly to the database.schema.table where the raw complaints data lives
    FROM FINANCIAL_RISK_INTELLIGENCE.ANALYTICS.RAW_COMPLAINTS
),

-- cleaning steps to filter out records with missing critical fields and standardize text formatting
cleaned_data AS (
    SELECT *
    FROM source_data
    WHERE COMPLAINT_ID IS NOT NULL
      AND DATE_RECEIVED IS NOT NULL
),

-- deduplication step to retain only the most recent record for each unique complaint based on COMPLAINT_ID and DATE_RECEIVED
deduplicated AS (
    SELECT *
    FROM cleaned_data
    QUALIFY ROW_NUMBER() OVER (
        PARTITION BY COMPLAINT_ID
        ORDER BY DATE_RECEIVED DESC
    ) = 1
)

-- final selection and transformation to conform to the desired schema for the stg_complaints table
SELECT
    CAST(COMPLAINT_ID AS NUMBER)                          AS complaint_id,
    TO_DATE(DATE_RECEIVED)                                AS date_received,
    TRIM(PRODUCT)                                         AS product,
    TRIM(SUB_PRODUCT)                                     AS sub_product,
    TRIM(ISSUE)                                           AS issue,
    TRIM(SUB_ISSUE)                                       AS sub_issue,
    CONSUMER_COMPLAINT_NARRATIVE                          AS consumer_complaint_narrative,
    TRIM(COMPANY_PUBLIC_RESPONSE)                         AS company_public_response,
    UPPER(TRIM(COMPANY))                                  AS company,
    UPPER(TRIM(STATE))                                    AS state,
    TRIM(ZIP_CODE)                                        AS zip_code,
    TRIM(TAGS)                                            AS tags,
    TRIM(CONSUMER_CONSENT_PROVIDED)                       AS consumer_consent_provided,
    TRIM(SUBMITTED_VIA)                                   AS submitted_via,
    TO_DATE(DATE_SENT_TO_COMPANY)                         AS date_sent_to_company,
    TRIM(COMPANY_RESPONSE_TO_CONSUMER)                    AS company_response_to_consumer,
    TRIM(TIMELY_RESPONSE)                                 AS timely_response,
    TRIM(CONSUMER_DISPUTED)                               AS consumer_disputed
FROM deduplicated
  )
/* {"app": "dbt", "dbt_version": "1.11.11", "profile_name": "dbt_AI_financial_risk_project", "target_name": "dev", "node_id": "model.dbt_AI_financial_risk_project.stg_complaints"} */;
[0m06:49:23.899243 [debug] [Thread-2 (]: Opening a new connection, currently in state init
[0m06:49:25.529064 [debug] [Thread-2 (]: Snowflake adapter: Snowflake query id: 01c4c749-0309-2f74-002e-65ff00046362
[0m06:49:25.532068 [debug] [Thread-2 (]: Snowflake adapter: Snowflake error: 002003 (42S02): SQL compilation error:
Object 'FINANCIAL_RISK_INTELLIGENCE.ANALYTICS.RAW_COMPLAINTS' does not exist or not authorized.
[0m06:49:25.542047 [debug] [Thread-2 (]: Database Error in model stg_complaints (models\silver\stg_complaints.sql)
  002003 (42S02): SQL compilation error:
  Object 'FINANCIAL_RISK_INTELLIGENCE.ANALYTICS.RAW_COMPLAINTS' does not exist or not authorized.
  compiled code at target\run\dbt_AI_financial_risk_project\models\silver\stg_complaints.sql
[0m06:49:25.546615 [debug] [Thread-2 (]: Sending event: {'category': 'dbt', 'action': 'run_model', 'label': '79c91fad-0a37-4af8-afef-3e9ac5ff1034', 'context': [<snowplow_tracker.self_describing_json.SelfDescribingJson object at 0x00000142075F6910>]}
[0m06:49:25.547625 [error] [Thread-2 (]: 1 of 1 ERROR creating sql view model ANALYTICS.stg_complaints .................. [[31mERROR[0m in 1.69s]
[0m06:49:25.549627 [debug] [Thread-2 (]: Finished running node model.dbt_AI_financial_risk_project.stg_complaints
[0m06:49:25.550670 [debug] [Thread-8 (]: Marking all children of 'model.dbt_AI_financial_risk_project.stg_complaints' to be skipped because of status 'error'.  Reason: Database Error in model stg_complaints (models\silver\stg_complaints.sql)
  002003 (42S02): SQL compilation error:
  Object 'FINANCIAL_RISK_INTELLIGENCE.ANALYTICS.RAW_COMPLAINTS' does not exist or not authorized.
  compiled code at target\run\dbt_AI_financial_risk_project\models\silver\stg_complaints.sql.
[0m06:49:25.554623 [debug] [MainThread]: Connection 'master' was properly closed.
[0m06:49:25.554623 [debug] [MainThread]: Connection 'list_FINANCIAL_RISK_INTELLIGENCE' was left open.
[0m06:49:25.555623 [debug] [MainThread]: On list_FINANCIAL_RISK_INTELLIGENCE: Close
[0m06:49:26.174433 [debug] [MainThread]: Connection 'list_FINANCIAL_RISK_INTELLIGENCE_ANALYTICS_GOLD' was left open.
[0m06:49:26.177429 [debug] [MainThread]: On list_FINANCIAL_RISK_INTELLIGENCE_ANALYTICS_GOLD: Close
[0m06:49:26.791203 [debug] [MainThread]: Connection 'list_FINANCIAL_RISK_INTELLIGENCE_ANALYTICS' was left open.
[0m06:49:26.794148 [debug] [MainThread]: On list_FINANCIAL_RISK_INTELLIGENCE_ANALYTICS: Close
[0m06:49:27.359239 [debug] [MainThread]: Connection 'model.dbt_AI_financial_risk_project.stg_complaints' was left open.
[0m06:49:27.360243 [debug] [MainThread]: On model.dbt_AI_financial_risk_project.stg_complaints: Close
[0m06:49:28.850494 [info ] [MainThread]: 
[0m06:49:28.853482 [info ] [MainThread]: Finished running 1 view model in 0 hours 0 minutes and 8.93 seconds (8.93s).
[0m06:49:28.857480 [debug] [MainThread]: Command end result
[0m06:49:28.919287 [debug] [MainThread]: Wrote artifact WritableManifest to C:\Users\guruv\Downloads\Data\Project\AI-Powered-Financial-Risk-Intelligence-Platform\dbt_AI_financial_risk_project\target\manifest.json
[0m06:49:28.922311 [debug] [MainThread]: Wrote artifact SemanticManifest to C:\Users\guruv\Downloads\Data\Project\AI-Powered-Financial-Risk-Intelligence-Platform\dbt_AI_financial_risk_project\target\semantic_manifest.json
[0m06:49:28.928472 [debug] [MainThread]: Wrote artifact RunExecutionResult to C:\Users\guruv\Downloads\Data\Project\AI-Powered-Financial-Risk-Intelligence-Platform\dbt_AI_financial_risk_project\target\run_results.json
[0m06:49:28.929435 [info ] [MainThread]: 
[0m06:49:28.929435 [info ] [MainThread]: [31mCompleted with 1 error, 0 partial successes, and 0 warnings:[0m
[0m06:49:28.930436 [info ] [MainThread]: 
[0m06:49:28.930436 [error] [MainThread]: [31mFailure in model stg_complaints (models\silver\stg_complaints.sql)[0m
[0m06:49:28.931798 [error] [MainThread]:   Database Error in model stg_complaints (models\silver\stg_complaints.sql)
  002003 (42S02): SQL compilation error:
  Object 'FINANCIAL_RISK_INTELLIGENCE.ANALYTICS.RAW_COMPLAINTS' does not exist or not authorized.
  compiled code at target\run\dbt_AI_financial_risk_project\models\silver\stg_complaints.sql
[0m06:49:28.932758 [info ] [MainThread]: 
[0m06:49:28.932758 [info ] [MainThread]:   compiled code at target\compiled\dbt_AI_financial_risk_project\models\silver\stg_complaints.sql
[0m06:49:28.933757 [info ] [MainThread]: 
[0m06:49:28.933757 [info ] [MainThread]: Done. PASS=0 WARN=0 ERROR=1 SKIP=0 NO-OP=0 TOTAL=1
[0m06:49:28.934757 [debug] [MainThread]: Command `dbt run` failed at 06:49:28.934757 after 10.99 seconds
[0m06:49:28.936180 [debug] [MainThread]: Sending event: {'category': 'dbt', 'action': 'invocation', 'label': 'end', 'context': [<snowplow_tracker.self_describing_json.SelfDescribingJson object at 0x0000014274D8F0D0>, <snowplow_tracker.self_describing_json.SelfDescribingJson object at 0x0000014275E37750>, <snowplow_tracker.self_describing_json.SelfDescribingJson object at 0x0000014274E050D0>]}
[0m06:49:28.936180 [debug] [MainThread]: Flushing usage events
[0m06:49:30.189471 [debug] [MainThread]: An error was encountered while trying to flush usage events
[0m06:50:31.265394 [debug] [MainThread]: Sending event: {'category': 'dbt', 'action': 'invocation', 'label': 'start', 'context': [<snowplow_tracker.self_describing_json.SelfDescribingJson object at 0x000002CCAA03D9D0>, <snowplow_tracker.self_describing_json.SelfDescribingJson object at 0x000002CCA8EEF850>, <snowplow_tracker.self_describing_json.SelfDescribingJson object at 0x000002CCA8D2A2D0>]}


============================== 06:50:31.269419 | a05170e9-4802-4bd0-be2c-e381a7da896d ==============================
[0m06:50:31.269419 [info ] [MainThread]: Running with dbt=1.11.11
[0m06:50:31.269419 [debug] [MainThread]: running dbt with arguments {'version_check': 'True', 'no_print': 'None', 'static_parser': 'True', 'warn_error_options': 'WarnErrorOptionsV2(error=[], warn=[], silence=[])', 'target_path': 'None', 'printer_width': '80', 'write_json': 'True', 'introspect': 'True', 'log_cache_events': 'False', 'empty': 'False', 'cache_selected_only': 'False', 'log_format': 'default', 'debug': 'False', 'fail_fast': 'False', 'profiles_dir': '.', 'send_anonymous_usage_stats': 'True', 'quiet': 'False', 'warn_error': 'None', 'partial_parse': 'True', 'invocation_command': 'dbt run --select stg_complaints --profiles-dir .', 'use_colors': 'True', 'indirect_selection': 'eager', 'use_experimental_parser': 'False', 'log_path': 'C:\\Users\\guruv\\Downloads\\Data\\Project\\AI-Powered-Financial-Risk-Intelligence-Platform\\dbt_AI_financial_risk_project\\logs'}
[0m06:50:32.146251 [debug] [MainThread]: Snowflake adapter: Setting snowflake.connector to ERROR (file logging only)
[0m06:50:32.147565 [debug] [MainThread]: Snowflake adapter: Setting botocore to ERROR (file logging only)
[0m06:50:32.147565 [debug] [MainThread]: Snowflake adapter: Setting boto3 to ERROR (file logging only)
[0m06:50:32.355521 [debug] [MainThread]: Sending event: {'category': 'dbt', 'action': 'project_id', 'label': 'a05170e9-4802-4bd0-be2c-e381a7da896d', 'context': [<snowplow_tracker.self_describing_json.SelfDescribingJson object at 0x000002CCBB7D0990>]}
[0m06:50:32.414059 [debug] [MainThread]: Sending event: {'category': 'dbt', 'action': 'adapter_info', 'label': 'a05170e9-4802-4bd0-be2c-e381a7da896d', 'context': [<snowplow_tracker.self_describing_json.SelfDescribingJson object at 0x000002CCA7F5E210>]}
[0m06:50:32.415016 [info ] [MainThread]: Registered adapter: snowflake=1.11.5
[0m06:50:32.854020 [debug] [MainThread]: checksum: 30a8cc8fdcbf66701b0944d4ccce3fa46dd04b61e5df68b9f16d57b2e0e3f0be, vars: {}, profile: , target: , version: 1.11.11
[0m06:50:32.985530 [debug] [MainThread]: Partial parsing enabled: 0 files deleted, 0 files added, 0 files changed.
[0m06:50:32.986524 [debug] [MainThread]: Nothing changed, skipping partial parsing.
[0m06:50:32.986524 [debug] [MainThread]: Partial parsing enabled, no changes found, skipping parsing
[0m06:50:33.021836 [debug] [MainThread]: Sending event: {'category': 'dbt', 'action': 'load_project', 'label': 'a05170e9-4802-4bd0-be2c-e381a7da896d', 'context': [<snowplow_tracker.self_describing_json.SelfDescribingJson object at 0x000002CCBBCB02D0>]}
[0m06:50:33.102035 [debug] [MainThread]: Wrote artifact WritableManifest to C:\Users\guruv\Downloads\Data\Project\AI-Powered-Financial-Risk-Intelligence-Platform\dbt_AI_financial_risk_project\target\manifest.json
[0m06:50:33.104983 [debug] [MainThread]: Wrote artifact SemanticManifest to C:\Users\guruv\Downloads\Data\Project\AI-Powered-Financial-Risk-Intelligence-Platform\dbt_AI_financial_risk_project\target\semantic_manifest.json
[0m06:50:33.116418 [debug] [MainThread]: Sending event: {'category': 'dbt', 'action': 'resource_counts', 'label': 'a05170e9-4802-4bd0-be2c-e381a7da896d', 'context': [<snowplow_tracker.self_describing_json.SelfDescribingJson object at 0x000002CCBBB57E50>]}
[0m06:50:33.116418 [info ] [MainThread]: Found 4 models, 4 data tests, 536 macros
[0m06:50:33.117417 [debug] [MainThread]: Sending event: {'category': 'dbt', 'action': 'runnable_timing', 'label': 'a05170e9-4802-4bd0-be2c-e381a7da896d', 'context': [<snowplow_tracker.self_describing_json.SelfDescribingJson object at 0x000002CCBBC26A10>]}
[0m06:50:33.119457 [info ] [MainThread]: 
[0m06:50:33.119457 [info ] [MainThread]: Concurrency: 4 threads (target='dev')
[0m06:50:33.120468 [info ] [MainThread]: 
[0m06:50:33.120468 [debug] [MainThread]: Acquiring new snowflake connection 'master'
[0m06:50:33.122074 [debug] [ThreadPool]: Acquiring new snowflake connection 'list_FINANCIAL_RISK_INTELLIGENCE'
[0m06:50:33.203791 [debug] [ThreadPool]: Using snowflake connection "list_FINANCIAL_RISK_INTELLIGENCE"
[0m06:50:33.203791 [debug] [ThreadPool]: On list_FINANCIAL_RISK_INTELLIGENCE: show terse schemas in database FINANCIAL_RISK_INTELLIGENCE
    limit 10000
/* {"app": "dbt", "dbt_version": "1.11.11", "profile_name": "dbt_AI_financial_risk_project", "target_name": "dev", "connection_name": "list_FINANCIAL_RISK_INTELLIGENCE"} */
[0m06:50:33.204864 [debug] [ThreadPool]: Opening a new connection, currently in state init
[0m06:50:35.136901 [debug] [ThreadPool]: SQL status: SUCCESS 7 in 1.932 seconds
[0m06:50:35.156882 [debug] [ThreadPool]: Acquiring new snowflake connection 'list_FINANCIAL_RISK_INTELLIGENCE_ANALYTICS'
[0m06:50:35.158829 [debug] [ThreadPool]: Acquiring new snowflake connection 'list_FINANCIAL_RISK_INTELLIGENCE_ANALYTICS_GOLD'
[0m06:50:35.184355 [debug] [ThreadPool]: Using snowflake connection "list_FINANCIAL_RISK_INTELLIGENCE_ANALYTICS"
[0m06:50:35.189985 [debug] [ThreadPool]: Using snowflake connection "list_FINANCIAL_RISK_INTELLIGENCE_ANALYTICS_GOLD"
[0m06:50:35.190943 [debug] [ThreadPool]: On list_FINANCIAL_RISK_INTELLIGENCE_ANALYTICS: show objects in FINANCIAL_RISK_INTELLIGENCE.ANALYTICS
    limit 10000
    

/* {"app": "dbt", "dbt_version": "1.11.11", "profile_name": "dbt_AI_financial_risk_project", "target_name": "dev", "connection_name": "list_FINANCIAL_RISK_INTELLIGENCE_ANALYTICS"} */;
[0m06:50:35.190943 [debug] [ThreadPool]: On list_FINANCIAL_RISK_INTELLIGENCE_ANALYTICS_GOLD: show objects in FINANCIAL_RISK_INTELLIGENCE.ANALYTICS_GOLD
    limit 10000
    

/* {"app": "dbt", "dbt_version": "1.11.11", "profile_name": "dbt_AI_financial_risk_project", "target_name": "dev", "connection_name": "list_FINANCIAL_RISK_INTELLIGENCE_ANALYTICS_GOLD"} */;
[0m06:50:35.192308 [debug] [ThreadPool]: Opening a new connection, currently in state init
[0m06:50:35.193307 [debug] [ThreadPool]: Opening a new connection, currently in state init
[0m06:50:36.876720 [debug] [ThreadPool]: SQL status: SUCCESS 0 in 1.683 seconds
[0m06:50:37.118771 [debug] [ThreadPool]: SQL status: SUCCESS 6 in 1.926 seconds
[0m06:50:37.123761 [debug] [MainThread]: Sending event: {'category': 'dbt', 'action': 'runnable_timing', 'label': 'a05170e9-4802-4bd0-be2c-e381a7da896d', 'context': [<snowplow_tracker.self_describing_json.SelfDescribingJson object at 0x000002CCA86EEFD0>]}
[0m06:50:37.128967 [debug] [Thread-2 (]: Began running node model.dbt_AI_financial_risk_project.stg_complaints
[0m06:50:37.130223 [info ] [Thread-2 (]: 1 of 1 START sql view model ANALYTICS.stg_complaints ........................... [RUN]
[0m06:50:37.131224 [debug] [Thread-2 (]: Acquiring new snowflake connection 'model.dbt_AI_financial_risk_project.stg_complaints'
[0m06:50:37.131224 [debug] [Thread-2 (]: Began compiling node model.dbt_AI_financial_risk_project.stg_complaints
[0m06:50:37.141711 [debug] [Thread-2 (]: Writing injected SQL for node "model.dbt_AI_financial_risk_project.stg_complaints"
[0m06:50:37.142746 [debug] [Thread-2 (]: Began executing node model.dbt_AI_financial_risk_project.stg_complaints
[0m06:50:37.174787 [debug] [Thread-2 (]: Writing runtime sql for node "model.dbt_AI_financial_risk_project.stg_complaints"
[0m06:50:37.177781 [debug] [Thread-2 (]: Using snowflake connection "model.dbt_AI_financial_risk_project.stg_complaints"
[0m06:50:37.178781 [debug] [Thread-2 (]: On model.dbt_AI_financial_risk_project.stg_complaints: create or replace   view FINANCIAL_RISK_INTELLIGENCE.ANALYTICS.stg_complaints
  
  
  
  
  as (
    WITH source_data AS (
    SELECT *
    -- Pointing directly to the database.schema.table where the raw complaints data lives
    FROM FINANCIAL_RISK_INTELLIGENCE.ANALYTICS.RAW_COMPLAINTS
),

-- cleaning steps to filter out records with missing critical fields and standardize text formatting
cleaned_data AS (
    SELECT *
    FROM source_data
    WHERE COMPLAINT_ID IS NOT NULL
      AND DATE_RECEIVED IS NOT NULL
),

-- deduplication step to retain only the most recent record for each unique complaint based on COMPLAINT_ID and DATE_RECEIVED
deduplicated AS (
    SELECT *
    FROM cleaned_data
    QUALIFY ROW_NUMBER() OVER (
        PARTITION BY COMPLAINT_ID
        ORDER BY DATE_RECEIVED DESC
    ) = 1
)

-- final selection and transformation to conform to the desired schema for the stg_complaints table
SELECT
    CAST(COMPLAINT_ID AS NUMBER)                          AS complaint_id,
    TO_DATE(DATE_RECEIVED)                                AS date_received,
    TRIM(PRODUCT)                                         AS product,
    TRIM(SUB_PRODUCT)                                     AS sub_product,
    TRIM(ISSUE)                                           AS issue,
    TRIM(SUB_ISSUE)                                       AS sub_issue,
    CONSUMER_COMPLAINT_NARRATIVE                          AS consumer_complaint_narrative,
    TRIM(COMPANY_PUBLIC_RESPONSE)                         AS company_public_response,
    UPPER(TRIM(COMPANY))                                  AS company,
    UPPER(TRIM(STATE))                                    AS state,
    TRIM(ZIP_CODE)                                        AS zip_code,
    TRIM(TAGS)                                            AS tags,
    TRIM(CONSUMER_CONSENT_PROVIDED)                       AS consumer_consent_provided,
    TRIM(SUBMITTED_VIA)                                   AS submitted_via,
    TO_DATE(DATE_SENT_TO_COMPANY)                         AS date_sent_to_company,
    TRIM(COMPANY_RESPONSE_TO_CONSUMER)                    AS company_response_to_consumer,
    TRIM(TIMELY_RESPONSE)                                 AS timely_response,
    TRIM(CONSUMER_DISPUTED)                               AS consumer_disputed
FROM deduplicated
  )
/* {"app": "dbt", "dbt_version": "1.11.11", "profile_name": "dbt_AI_financial_risk_project", "target_name": "dev", "node_id": "model.dbt_AI_financial_risk_project.stg_complaints"} */;
[0m06:50:37.178781 [debug] [Thread-2 (]: Opening a new connection, currently in state init
[0m06:50:38.489897 [debug] [Thread-2 (]: Snowflake adapter: Snowflake query id: 01c4c74a-0309-2f74-002e-65ff0004636a
[0m06:50:38.492837 [debug] [Thread-2 (]: Snowflake adapter: Snowflake error: 002003 (42S02): SQL compilation error:
Object 'FINANCIAL_RISK_INTELLIGENCE.ANALYTICS.RAW_COMPLAINTS' does not exist or not authorized.
[0m06:50:38.501198 [debug] [Thread-2 (]: Database Error in model stg_complaints (models\silver\stg_complaints.sql)
  002003 (42S02): SQL compilation error:
  Object 'FINANCIAL_RISK_INTELLIGENCE.ANALYTICS.RAW_COMPLAINTS' does not exist or not authorized.
  compiled code at target\run\dbt_AI_financial_risk_project\models\silver\stg_complaints.sql
[0m06:50:38.505248 [debug] [Thread-2 (]: Sending event: {'category': 'dbt', 'action': 'run_model', 'label': 'a05170e9-4802-4bd0-be2c-e381a7da896d', 'context': [<snowplow_tracker.self_describing_json.SelfDescribingJson object at 0x000002CCBC49AA10>]}
[0m06:50:38.506258 [error] [Thread-2 (]: 1 of 1 ERROR creating sql view model ANALYTICS.stg_complaints .................. [[31mERROR[0m in 1.37s]
[0m06:50:38.508269 [debug] [Thread-2 (]: Finished running node model.dbt_AI_financial_risk_project.stg_complaints
[0m06:50:38.510266 [debug] [Thread-8 (]: Marking all children of 'model.dbt_AI_financial_risk_project.stg_complaints' to be skipped because of status 'error'.  Reason: Database Error in model stg_complaints (models\silver\stg_complaints.sql)
  002003 (42S02): SQL compilation error:
  Object 'FINANCIAL_RISK_INTELLIGENCE.ANALYTICS.RAW_COMPLAINTS' does not exist or not authorized.
  compiled code at target\run\dbt_AI_financial_risk_project\models\silver\stg_complaints.sql.
[0m06:50:38.512294 [debug] [MainThread]: Connection 'master' was properly closed.
[0m06:50:38.513588 [debug] [MainThread]: Connection 'list_FINANCIAL_RISK_INTELLIGENCE' was left open.
[0m06:50:38.514587 [debug] [MainThread]: On list_FINANCIAL_RISK_INTELLIGENCE: Close
[0m06:50:39.104714 [debug] [MainThread]: Connection 'list_FINANCIAL_RISK_INTELLIGENCE_ANALYTICS' was left open.
[0m06:50:39.107727 [debug] [MainThread]: On list_FINANCIAL_RISK_INTELLIGENCE_ANALYTICS: Close
[0m06:50:39.766927 [debug] [MainThread]: Connection 'list_FINANCIAL_RISK_INTELLIGENCE_ANALYTICS_GOLD' was left open.
[0m06:50:39.768927 [debug] [MainThread]: On list_FINANCIAL_RISK_INTELLIGENCE_ANALYTICS_GOLD: Close
[0m06:50:40.345343 [debug] [MainThread]: Connection 'model.dbt_AI_financial_risk_project.stg_complaints' was left open.
[0m06:50:40.348411 [debug] [MainThread]: On model.dbt_AI_financial_risk_project.stg_complaints: Close
[0m06:50:40.984025 [info ] [MainThread]: 
[0m06:50:40.986976 [info ] [MainThread]: Finished running 1 view model in 0 hours 0 minutes and 7.86 seconds (7.86s).
[0m06:50:40.990953 [debug] [MainThread]: Command end result
[0m06:50:41.042503 [debug] [MainThread]: Wrote artifact WritableManifest to C:\Users\guruv\Downloads\Data\Project\AI-Powered-Financial-Risk-Intelligence-Platform\dbt_AI_financial_risk_project\target\manifest.json
[0m06:50:41.045557 [debug] [MainThread]: Wrote artifact SemanticManifest to C:\Users\guruv\Downloads\Data\Project\AI-Powered-Financial-Risk-Intelligence-Platform\dbt_AI_financial_risk_project\target\semantic_manifest.json
[0m06:50:41.050854 [debug] [MainThread]: Wrote artifact RunExecutionResult to C:\Users\guruv\Downloads\Data\Project\AI-Powered-Financial-Risk-Intelligence-Platform\dbt_AI_financial_risk_project\target\run_results.json
[0m06:50:41.050854 [info ] [MainThread]: 
[0m06:50:41.051818 [info ] [MainThread]: [31mCompleted with 1 error, 0 partial successes, and 0 warnings:[0m
[0m06:50:41.052815 [info ] [MainThread]: 
[0m06:50:41.052815 [error] [MainThread]: [31mFailure in model stg_complaints (models\silver\stg_complaints.sql)[0m
[0m06:50:41.053833 [error] [MainThread]:   Database Error in model stg_complaints (models\silver\stg_complaints.sql)
  002003 (42S02): SQL compilation error:
  Object 'FINANCIAL_RISK_INTELLIGENCE.ANALYTICS.RAW_COMPLAINTS' does not exist or not authorized.
  compiled code at target\run\dbt_AI_financial_risk_project\models\silver\stg_complaints.sql
[0m06:50:41.054877 [info ] [MainThread]: 
[0m06:50:41.054877 [info ] [MainThread]:   compiled code at target\compiled\dbt_AI_financial_risk_project\models\silver\stg_complaints.sql
[0m06:50:41.055887 [info ] [MainThread]: 
[0m06:50:41.057295 [info ] [MainThread]: Done. PASS=0 WARN=0 ERROR=1 SKIP=0 NO-OP=0 TOTAL=1
[0m06:50:41.058344 [debug] [MainThread]: Command `dbt run` failed at 06:50:41.058344 after 9.88 seconds
[0m06:50:41.058344 [debug] [MainThread]: Sending event: {'category': 'dbt', 'action': 'invocation', 'label': 'end', 'context': [<snowplow_tracker.self_describing_json.SelfDescribingJson object at 0x000002CCA8F8DD50>, <snowplow_tracker.self_describing_json.SelfDescribingJson object at 0x000002CCA8F8F010>, <snowplow_tracker.self_describing_json.SelfDescribingJson object at 0x000002CCB855B690>]}
[0m06:50:41.059344 [debug] [MainThread]: Flushing usage events
[0m06:50:42.278501 [debug] [MainThread]: An error was encountered while trying to flush usage events
[0m06:51:32.346531 [debug] [MainThread]: Sending event: {'category': 'dbt', 'action': 'invocation', 'label': 'start', 'context': [<snowplow_tracker.self_describing_json.SelfDescribingJson object at 0x0000018A6B7CF4D0>, <snowplow_tracker.self_describing_json.SelfDescribingJson object at 0x0000018A6B7CC990>, <snowplow_tracker.self_describing_json.SelfDescribingJson object at 0x0000018A6B7CF790>]}


============================== 06:51:32.350059 | 1a72ad7f-6477-44c8-96c4-6b4c1f5ecb4d ==============================
[0m06:51:32.350059 [info ] [MainThread]: Running with dbt=1.11.11
[0m06:51:32.351222 [debug] [MainThread]: running dbt with arguments {'static_parser': 'True', 'no_print': 'None', 'version_check': 'True', 'target_path': 'None', 'warn_error_options': 'WarnErrorOptionsV2(error=[], warn=[], silence=[])', 'printer_width': '80', 'write_json': 'True', 'empty': 'False', 'log_cache_events': 'False', 'introspect': 'True', 'cache_selected_only': 'False', 'fail_fast': 'False', 'debug': 'False', 'log_format': 'default', 'partial_parse': 'True', 'send_anonymous_usage_stats': 'True', 'quiet': 'False', 'warn_error': 'None', 'profiles_dir': '.', 'indirect_selection': 'eager', 'invocation_command': 'dbt run --select dim_product --profiles-dir .', 'use_colors': 'True', 'use_experimental_parser': 'False', 'log_path': 'C:\\Users\\guruv\\Downloads\\Data\\Project\\AI-Powered-Financial-Risk-Intelligence-Platform\\dbt_AI_financial_risk_project\\logs'}
[0m06:51:33.239064 [debug] [MainThread]: Snowflake adapter: Setting snowflake.connector to ERROR (file logging only)
[0m06:51:33.240066 [debug] [MainThread]: Snowflake adapter: Setting botocore to ERROR (file logging only)
[0m06:51:33.241029 [debug] [MainThread]: Snowflake adapter: Setting boto3 to ERROR (file logging only)
[0m06:51:33.452680 [debug] [MainThread]: Sending event: {'category': 'dbt', 'action': 'project_id', 'label': '1a72ad7f-6477-44c8-96c4-6b4c1f5ecb4d', 'context': [<snowplow_tracker.self_describing_json.SelfDescribingJson object at 0x0000018A69ED38D0>]}
[0m06:51:33.510680 [debug] [MainThread]: Sending event: {'category': 'dbt', 'action': 'adapter_info', 'label': '1a72ad7f-6477-44c8-96c4-6b4c1f5ecb4d', 'context': [<snowplow_tracker.self_describing_json.SelfDescribingJson object at 0x0000018A6B79F7D0>]}
[0m06:51:33.511680 [info ] [MainThread]: Registered adapter: snowflake=1.11.5
[0m06:51:33.945975 [debug] [MainThread]: checksum: 30a8cc8fdcbf66701b0944d4ccce3fa46dd04b61e5df68b9f16d57b2e0e3f0be, vars: {}, profile: , target: , version: 1.11.11
[0m06:51:34.078494 [debug] [MainThread]: Partial parsing enabled: 0 files deleted, 0 files added, 0 files changed.
[0m06:51:34.078494 [debug] [MainThread]: Nothing changed, skipping partial parsing.
[0m06:51:34.079494 [debug] [MainThread]: Partial parsing enabled, no changes found, skipping parsing
[0m06:51:34.114493 [debug] [MainThread]: Sending event: {'category': 'dbt', 'action': 'load_project', 'label': '1a72ad7f-6477-44c8-96c4-6b4c1f5ecb4d', 'context': [<snowplow_tracker.self_describing_json.SelfDescribingJson object at 0x0000018A7D3D9BD0>]}
[0m06:51:34.195492 [debug] [MainThread]: Wrote artifact WritableManifest to C:\Users\guruv\Downloads\Data\Project\AI-Powered-Financial-Risk-Intelligence-Platform\dbt_AI_financial_risk_project\target\manifest.json
[0m06:51:34.198766 [debug] [MainThread]: Wrote artifact SemanticManifest to C:\Users\guruv\Downloads\Data\Project\AI-Powered-Financial-Risk-Intelligence-Platform\dbt_AI_financial_risk_project\target\semantic_manifest.json
[0m06:51:34.210202 [debug] [MainThread]: Sending event: {'category': 'dbt', 'action': 'resource_counts', 'label': '1a72ad7f-6477-44c8-96c4-6b4c1f5ecb4d', 'context': [<snowplow_tracker.self_describing_json.SelfDescribingJson object at 0x0000018A7D2E7910>]}
[0m06:51:34.210202 [info ] [MainThread]: Found 4 models, 4 data tests, 536 macros
[0m06:51:34.211201 [debug] [MainThread]: Sending event: {'category': 'dbt', 'action': 'runnable_timing', 'label': '1a72ad7f-6477-44c8-96c4-6b4c1f5ecb4d', 'context': [<snowplow_tracker.self_describing_json.SelfDescribingJson object at 0x0000018A7D2CF990>]}
[0m06:51:34.213240 [info ] [MainThread]: 
[0m06:51:34.214250 [info ] [MainThread]: Concurrency: 4 threads (target='dev')
[0m06:51:34.214250 [info ] [MainThread]: 
[0m06:51:34.215250 [debug] [MainThread]: Acquiring new snowflake connection 'master'
[0m06:51:34.216252 [debug] [ThreadPool]: Acquiring new snowflake connection 'list_FINANCIAL_RISK_INTELLIGENCE'
[0m06:51:34.299474 [debug] [ThreadPool]: Using snowflake connection "list_FINANCIAL_RISK_INTELLIGENCE"
[0m06:51:34.299474 [debug] [ThreadPool]: On list_FINANCIAL_RISK_INTELLIGENCE: show terse schemas in database FINANCIAL_RISK_INTELLIGENCE
    limit 10000
/* {"app": "dbt", "dbt_version": "1.11.11", "profile_name": "dbt_AI_financial_risk_project", "target_name": "dev", "connection_name": "list_FINANCIAL_RISK_INTELLIGENCE"} */
[0m06:51:34.300527 [debug] [ThreadPool]: Opening a new connection, currently in state init
[0m06:51:36.383263 [debug] [ThreadPool]: SQL status: SUCCESS 7 in 2.083 seconds
[0m06:51:36.402236 [debug] [ThreadPool]: Acquiring new snowflake connection 'list_FINANCIAL_RISK_INTELLIGENCE_ANALYTICS'
[0m06:51:36.403237 [debug] [ThreadPool]: Acquiring new snowflake connection 'list_FINANCIAL_RISK_INTELLIGENCE_ANALYTICS_GOLD'
[0m06:51:36.422607 [debug] [ThreadPool]: Using snowflake connection "list_FINANCIAL_RISK_INTELLIGENCE_ANALYTICS"
[0m06:51:36.426603 [debug] [ThreadPool]: Using snowflake connection "list_FINANCIAL_RISK_INTELLIGENCE_ANALYTICS_GOLD"
[0m06:51:36.427562 [debug] [ThreadPool]: On list_FINANCIAL_RISK_INTELLIGENCE_ANALYTICS: show objects in FINANCIAL_RISK_INTELLIGENCE.ANALYTICS
    limit 10000
    

/* {"app": "dbt", "dbt_version": "1.11.11", "profile_name": "dbt_AI_financial_risk_project", "target_name": "dev", "connection_name": "list_FINANCIAL_RISK_INTELLIGENCE_ANALYTICS"} */;
[0m06:51:36.427562 [debug] [ThreadPool]: On list_FINANCIAL_RISK_INTELLIGENCE_ANALYTICS_GOLD: show objects in FINANCIAL_RISK_INTELLIGENCE.ANALYTICS_GOLD
    limit 10000
    

/* {"app": "dbt", "dbt_version": "1.11.11", "profile_name": "dbt_AI_financial_risk_project", "target_name": "dev", "connection_name": "list_FINANCIAL_RISK_INTELLIGENCE_ANALYTICS_GOLD"} */;
[0m06:51:36.428591 [debug] [ThreadPool]: Opening a new connection, currently in state init
[0m06:51:36.428591 [debug] [ThreadPool]: Opening a new connection, currently in state init
[0m06:51:38.096416 [debug] [ThreadPool]: SQL status: SUCCESS 0 in 1.667 seconds
[0m06:51:38.205507 [debug] [ThreadPool]: SQL status: SUCCESS 6 in 1.777 seconds
[0m06:51:38.219441 [debug] [MainThread]: Sending event: {'category': 'dbt', 'action': 'runnable_timing', 'label': '1a72ad7f-6477-44c8-96c4-6b4c1f5ecb4d', 'context': [<snowplow_tracker.self_describing_json.SelfDescribingJson object at 0x0000018A7D844150>]}
[0m06:51:38.233512 [debug] [Thread-2 (]: Began running node model.dbt_AI_financial_risk_project.dim_product
[0m06:51:38.236451 [info ] [Thread-2 (]: 1 of 1 START sql table model ANALYTICS_GOLD.dim_product ........................ [RUN]
[0m06:51:38.240505 [debug] [Thread-2 (]: Acquiring new snowflake connection 'model.dbt_AI_financial_risk_project.dim_product'
[0m06:51:38.242457 [debug] [Thread-2 (]: Began compiling node model.dbt_AI_financial_risk_project.dim_product
[0m06:51:38.263278 [debug] [Thread-2 (]: Writing injected SQL for node "model.dbt_AI_financial_risk_project.dim_product"
[0m06:51:38.266277 [debug] [Thread-2 (]: Began executing node model.dbt_AI_financial_risk_project.dim_product
[0m06:51:38.299309 [debug] [Thread-2 (]: Writing runtime sql for node "model.dbt_AI_financial_risk_project.dim_product"
[0m06:51:38.300268 [debug] [Thread-2 (]: Using snowflake connection "model.dbt_AI_financial_risk_project.dim_product"
[0m06:51:38.301312 [debug] [Thread-2 (]: On model.dbt_AI_financial_risk_project.dim_product: create or replace transient table FINANCIAL_RISK_INTELLIGENCE.ANALYTICS_GOLD.dim_product
    
    
    
    as (

WITH unique_products AS (
    -- Direct path to your pre-existing silver view/table
    SELECT DISTINCT product
    FROM FINANCIAL_RISK_INTELLIGENCE.SILVER.STG_COMPLAINTS
    WHERE product IS NOT NULL
)

SELECT
    ROW_NUMBER() OVER (ORDER BY product) AS product_key,
    product
FROM unique_products
    )

/* {"app": "dbt", "dbt_version": "1.11.11", "profile_name": "dbt_AI_financial_risk_project", "target_name": "dev", "node_id": "model.dbt_AI_financial_risk_project.dim_product"} */;
[0m06:51:38.301312 [debug] [Thread-2 (]: Opening a new connection, currently in state init
[0m06:51:39.782764 [debug] [Thread-2 (]: Snowflake adapter: Snowflake query id: 01c4c74b-0309-1f1e-002e-65ff0004c1b2
[0m06:51:39.784762 [debug] [Thread-2 (]: Snowflake adapter: Snowflake error: 002037 (42601): SQL compilation error:
Failure during expansion of view 'STG_COMPLAINTS': SQL compilation error:
Object 'FINANCIAL_RISK_INTELLIGENCE.ANALYTICS.RAW_COMPLAINTS' does not exist or not authorized.
[0m06:51:39.794758 [debug] [Thread-2 (]: Database Error in model dim_product (models\gold\dim_product.sql)
  002037 (42601): SQL compilation error:
  Failure during expansion of view 'STG_COMPLAINTS': SQL compilation error:
  Object 'FINANCIAL_RISK_INTELLIGENCE.ANALYTICS.RAW_COMPLAINTS' does not exist or not authorized.
  compiled code at target\run\dbt_AI_financial_risk_project\models\gold\dim_product.sql
[0m06:51:39.799831 [debug] [Thread-2 (]: Sending event: {'category': 'dbt', 'action': 'run_model', 'label': '1a72ad7f-6477-44c8-96c4-6b4c1f5ecb4d', 'context': [<snowplow_tracker.self_describing_json.SelfDescribingJson object at 0x0000018A7DB87F10>]}
[0m06:51:39.801846 [error] [Thread-2 (]: 1 of 1 ERROR creating sql table model ANALYTICS_GOLD.dim_product ............... [[31mERROR[0m in 1.56s]
[0m06:51:39.803907 [debug] [Thread-2 (]: Finished running node model.dbt_AI_financial_risk_project.dim_product
[0m06:51:39.804891 [debug] [Thread-8 (]: Marking all children of 'model.dbt_AI_financial_risk_project.dim_product' to be skipped because of status 'error'.  Reason: Database Error in model dim_product (models\gold\dim_product.sql)
  002037 (42601): SQL compilation error:
  Failure during expansion of view 'STG_COMPLAINTS': SQL compilation error:
  Object 'FINANCIAL_RISK_INTELLIGENCE.ANALYTICS.RAW_COMPLAINTS' does not exist or not authorized.
  compiled code at target\run\dbt_AI_financial_risk_project\models\gold\dim_product.sql.
[0m06:51:39.808847 [debug] [MainThread]: Connection 'master' was properly closed.
[0m06:51:39.809855 [debug] [MainThread]: Connection 'list_FINANCIAL_RISK_INTELLIGENCE' was left open.
[0m06:51:39.811855 [debug] [MainThread]: On list_FINANCIAL_RISK_INTELLIGENCE: Close
[0m06:51:40.748689 [debug] [MainThread]: Connection 'list_FINANCIAL_RISK_INTELLIGENCE_ANALYTICS' was left open.
[0m06:51:40.750667 [debug] [MainThread]: On list_FINANCIAL_RISK_INTELLIGENCE_ANALYTICS: Close
[0m06:51:41.383274 [debug] [MainThread]: Connection 'list_FINANCIAL_RISK_INTELLIGENCE_ANALYTICS_GOLD' was left open.
[0m06:51:41.385201 [debug] [MainThread]: On list_FINANCIAL_RISK_INTELLIGENCE_ANALYTICS_GOLD: Close
[0m06:51:42.025125 [debug] [MainThread]: Connection 'model.dbt_AI_financial_risk_project.dim_product' was left open.
[0m06:51:42.028126 [debug] [MainThread]: On model.dbt_AI_financial_risk_project.dim_product: Close
[0m06:51:42.613633 [info ] [MainThread]: 
[0m06:51:42.616697 [info ] [MainThread]: Finished running 1 table model in 0 hours 0 minutes and 8.40 seconds (8.40s).
[0m06:51:42.621861 [debug] [MainThread]: Command end result
[0m06:51:42.671891 [debug] [MainThread]: Wrote artifact WritableManifest to C:\Users\guruv\Downloads\Data\Project\AI-Powered-Financial-Risk-Intelligence-Platform\dbt_AI_financial_risk_project\target\manifest.json
[0m06:51:42.673848 [debug] [MainThread]: Wrote artifact SemanticManifest to C:\Users\guruv\Downloads\Data\Project\AI-Powered-Financial-Risk-Intelligence-Platform\dbt_AI_financial_risk_project\target\semantic_manifest.json
[0m06:51:42.679930 [debug] [MainThread]: Wrote artifact RunExecutionResult to C:\Users\guruv\Downloads\Data\Project\AI-Powered-Financial-Risk-Intelligence-Platform\dbt_AI_financial_risk_project\target\run_results.json
[0m06:51:42.680889 [info ] [MainThread]: 
[0m06:51:42.680889 [info ] [MainThread]: [31mCompleted with 1 error, 0 partial successes, and 0 warnings:[0m
[0m06:51:42.681893 [info ] [MainThread]: 
[0m06:51:42.682893 [error] [MainThread]: [31mFailure in model dim_product (models\gold\dim_product.sql)[0m
[0m06:51:42.682893 [error] [MainThread]:   Database Error in model dim_product (models\gold\dim_product.sql)
  002037 (42601): SQL compilation error:
  Failure during expansion of view 'STG_COMPLAINTS': SQL compilation error:
  Object 'FINANCIAL_RISK_INTELLIGENCE.ANALYTICS.RAW_COMPLAINTS' does not exist or not authorized.
  compiled code at target\run\dbt_AI_financial_risk_project\models\gold\dim_product.sql
[0m06:51:42.683933 [info ] [MainThread]: 
[0m06:51:42.683933 [info ] [MainThread]:   compiled code at target\compiled\dbt_AI_financial_risk_project\models\gold\dim_product.sql
[0m06:51:42.685374 [info ] [MainThread]: 
[0m06:51:42.685374 [info ] [MainThread]: Done. PASS=0 WARN=0 ERROR=1 SKIP=0 NO-OP=0 TOTAL=1
[0m06:51:42.687387 [debug] [MainThread]: Command `dbt run` failed at 06:51:42.687387 after 10.43 seconds
[0m06:51:42.687387 [debug] [MainThread]: Sending event: {'category': 'dbt', 'action': 'invocation', 'label': 'end', 'context': [<snowplow_tracker.self_describing_json.SelfDescribingJson object at 0x0000018A6A71F010>, <snowplow_tracker.self_describing_json.SelfDescribingJson object at 0x0000018A697984D0>, <snowplow_tracker.self_describing_json.SelfDescribingJson object at 0x0000018A63960710>]}
[0m06:51:42.688387 [debug] [MainThread]: Flushing usage events
[0m06:51:43.939042 [debug] [MainThread]: An error was encountered while trying to flush usage events
[0m06:52:45.332925 [debug] [MainThread]: Sending event: {'category': 'dbt', 'action': 'invocation', 'label': 'start', 'context': [<snowplow_tracker.self_describing_json.SelfDescribingJson object at 0x000001848CD1F310>, <snowplow_tracker.self_describing_json.SelfDescribingJson object at 0x000001848CD1FAD0>, <snowplow_tracker.self_describing_json.SelfDescribingJson object at 0x000001848BEEE390>]}


============================== 06:52:45.336717 | 8e60b4ed-1318-4f10-bb58-bf8cdba7191d ==============================
[0m06:52:45.336717 [info ] [MainThread]: Running with dbt=1.11.11
[0m06:52:45.337736 [debug] [MainThread]: running dbt with arguments {'version_check': 'True', 'no_print': 'None', 'static_parser': 'True', 'warn_error_options': 'WarnErrorOptionsV2(error=[], warn=[], silence=[])', 'target_path': 'None', 'printer_width': '80', 'write_json': 'True', 'introspect': 'True', 'log_cache_events': 'False', 'empty': 'False', 'cache_selected_only': 'False', 'fail_fast': 'False', 'debug': 'False', 'log_format': 'default', 'profiles_dir': '.', 'send_anonymous_usage_stats': 'True', 'quiet': 'False', 'warn_error': 'None', 'partial_parse': 'True', 'indirect_selection': 'eager', 'invocation_command': 'dbt run --select dim_product --profiles-dir .', 'use_colors': 'True', 'use_experimental_parser': 'False', 'log_path': 'C:\\Users\\guruv\\Downloads\\Data\\Project\\AI-Powered-Financial-Risk-Intelligence-Platform\\dbt_AI_financial_risk_project\\logs'}
[0m06:52:46.226992 [debug] [MainThread]: Snowflake adapter: Setting snowflake.connector to ERROR (file logging only)
[0m06:52:46.228035 [debug] [MainThread]: Snowflake adapter: Setting botocore to ERROR (file logging only)
[0m06:52:46.229034 [debug] [MainThread]: Snowflake adapter: Setting boto3 to ERROR (file logging only)
[0m06:52:46.435188 [debug] [MainThread]: Sending event: {'category': 'dbt', 'action': 'project_id', 'label': '8e60b4ed-1318-4f10-bb58-bf8cdba7191d', 'context': [<snowplow_tracker.self_describing_json.SelfDescribingJson object at 0x000001849F673D10>]}
[0m06:52:46.492961 [debug] [MainThread]: Sending event: {'category': 'dbt', 'action': 'adapter_info', 'label': '8e60b4ed-1318-4f10-bb58-bf8cdba7191d', 'context': [<snowplow_tracker.self_describing_json.SelfDescribingJson object at 0x000001848BDAE4D0>]}
[0m06:52:46.494922 [info ] [MainThread]: Registered adapter: snowflake=1.11.5
[0m06:52:46.953800 [debug] [MainThread]: checksum: 30a8cc8fdcbf66701b0944d4ccce3fa46dd04b61e5df68b9f16d57b2e0e3f0be, vars: {}, profile: , target: , version: 1.11.11
[0m06:52:47.098304 [debug] [MainThread]: Partial parsing enabled: 0 files deleted, 0 files added, 1 files changed.
[0m06:52:47.098304 [debug] [MainThread]: Partial parsing: updated file: dbt_AI_financial_risk_project://models\silver\stg_complaints.sql
[0m06:52:47.348599 [debug] [MainThread]: Sending event: {'category': 'dbt', 'action': 'load_project', 'label': '8e60b4ed-1318-4f10-bb58-bf8cdba7191d', 'context': [<snowplow_tracker.self_describing_json.SelfDescribingJson object at 0x000001849FCC0D10>]}
[0m06:52:47.426342 [debug] [MainThread]: Wrote artifact WritableManifest to C:\Users\guruv\Downloads\Data\Project\AI-Powered-Financial-Risk-Intelligence-Platform\dbt_AI_financial_risk_project\target\manifest.json
[0m06:52:47.428955 [debug] [MainThread]: Wrote artifact SemanticManifest to C:\Users\guruv\Downloads\Data\Project\AI-Powered-Financial-Risk-Intelligence-Platform\dbt_AI_financial_risk_project\target\semantic_manifest.json
[0m06:52:47.439176 [debug] [MainThread]: Sending event: {'category': 'dbt', 'action': 'resource_counts', 'label': '8e60b4ed-1318-4f10-bb58-bf8cdba7191d', 'context': [<snowplow_tracker.self_describing_json.SelfDescribingJson object at 0x000001849FAA9610>]}
[0m06:52:47.440176 [info ] [MainThread]: Found 4 models, 4 data tests, 536 macros
[0m06:52:47.441176 [debug] [MainThread]: Sending event: {'category': 'dbt', 'action': 'runnable_timing', 'label': '8e60b4ed-1318-4f10-bb58-bf8cdba7191d', 'context': [<snowplow_tracker.self_describing_json.SelfDescribingJson object at 0x000001849F54C050>]}
[0m06:52:47.442699 [info ] [MainThread]: 
[0m06:52:47.443753 [info ] [MainThread]: Concurrency: 4 threads (target='dev')
[0m06:52:47.443753 [info ] [MainThread]: 
[0m06:52:47.444714 [debug] [MainThread]: Acquiring new snowflake connection 'master'
[0m06:52:47.445714 [debug] [ThreadPool]: Acquiring new snowflake connection 'list_FINANCIAL_RISK_INTELLIGENCE'
[0m06:52:47.530386 [debug] [ThreadPool]: Using snowflake connection "list_FINANCIAL_RISK_INTELLIGENCE"
[0m06:52:47.530386 [debug] [ThreadPool]: On list_FINANCIAL_RISK_INTELLIGENCE: show terse schemas in database FINANCIAL_RISK_INTELLIGENCE
    limit 10000
/* {"app": "dbt", "dbt_version": "1.11.11", "profile_name": "dbt_AI_financial_risk_project", "target_name": "dev", "connection_name": "list_FINANCIAL_RISK_INTELLIGENCE"} */
[0m06:52:47.531337 [debug] [ThreadPool]: Opening a new connection, currently in state init
[0m06:52:49.384287 [debug] [ThreadPool]: SQL status: SUCCESS 7 in 1.853 seconds
[0m06:52:49.407265 [debug] [ThreadPool]: Acquiring new snowflake connection 'list_FINANCIAL_RISK_INTELLIGENCE_ANALYTICS'
[0m06:52:49.409223 [debug] [ThreadPool]: Acquiring new snowflake connection 'list_FINANCIAL_RISK_INTELLIGENCE_ANALYTICS_GOLD'
[0m06:52:49.534773 [debug] [ThreadPool]: Using snowflake connection "list_FINANCIAL_RISK_INTELLIGENCE_ANALYTICS"
[0m06:52:49.535773 [debug] [ThreadPool]: Using snowflake connection "list_FINANCIAL_RISK_INTELLIGENCE_ANALYTICS_GOLD"
[0m06:52:49.536809 [debug] [ThreadPool]: On list_FINANCIAL_RISK_INTELLIGENCE_ANALYTICS: show objects in FINANCIAL_RISK_INTELLIGENCE.ANALYTICS
    limit 10000
    

/* {"app": "dbt", "dbt_version": "1.11.11", "profile_name": "dbt_AI_financial_risk_project", "target_name": "dev", "connection_name": "list_FINANCIAL_RISK_INTELLIGENCE_ANALYTICS"} */;
[0m06:52:49.537816 [debug] [ThreadPool]: On list_FINANCIAL_RISK_INTELLIGENCE_ANALYTICS_GOLD: show objects in FINANCIAL_RISK_INTELLIGENCE.ANALYTICS_GOLD
    limit 10000
    

/* {"app": "dbt", "dbt_version": "1.11.11", "profile_name": "dbt_AI_financial_risk_project", "target_name": "dev", "connection_name": "list_FINANCIAL_RISK_INTELLIGENCE_ANALYTICS_GOLD"} */;
[0m06:52:49.538767 [debug] [ThreadPool]: Opening a new connection, currently in state init
[0m06:52:49.539768 [debug] [ThreadPool]: Opening a new connection, currently in state init
[0m06:52:51.135463 [debug] [ThreadPool]: SQL status: SUCCESS 0 in 1.595 seconds
[0m06:52:51.881844 [debug] [ThreadPool]: SQL status: SUCCESS 6 in 2.343 seconds
[0m06:52:51.887804 [debug] [MainThread]: Sending event: {'category': 'dbt', 'action': 'runnable_timing', 'label': '8e60b4ed-1318-4f10-bb58-bf8cdba7191d', 'context': [<snowplow_tracker.self_describing_json.SelfDescribingJson object at 0x000001849FD7E850>]}
[0m06:52:51.893802 [debug] [Thread-2 (]: Began running node model.dbt_AI_financial_risk_project.dim_product
[0m06:52:51.894802 [info ] [Thread-2 (]: 1 of 1 START sql table model ANALYTICS_GOLD.dim_product ........................ [RUN]
[0m06:52:51.895841 [debug] [Thread-2 (]: Acquiring new snowflake connection 'model.dbt_AI_financial_risk_project.dim_product'
[0m06:52:51.896845 [debug] [Thread-2 (]: Began compiling node model.dbt_AI_financial_risk_project.dim_product
[0m06:52:51.909794 [debug] [Thread-2 (]: Writing injected SQL for node "model.dbt_AI_financial_risk_project.dim_product"
[0m06:52:51.911798 [debug] [Thread-2 (]: Began executing node model.dbt_AI_financial_risk_project.dim_product
[0m06:52:51.946207 [debug] [Thread-2 (]: Writing runtime sql for node "model.dbt_AI_financial_risk_project.dim_product"
[0m06:52:51.948208 [debug] [Thread-2 (]: Using snowflake connection "model.dbt_AI_financial_risk_project.dim_product"
[0m06:52:51.949184 [debug] [Thread-2 (]: On model.dbt_AI_financial_risk_project.dim_product: create or replace transient table FINANCIAL_RISK_INTELLIGENCE.ANALYTICS_GOLD.dim_product
    
    
    
    as (

WITH unique_products AS (
    -- Direct path to your pre-existing silver view/table
    SELECT DISTINCT product
    FROM FINANCIAL_RISK_INTELLIGENCE.SILVER.STG_COMPLAINTS
    WHERE product IS NOT NULL
)

SELECT
    ROW_NUMBER() OVER (ORDER BY product) AS product_key,
    product
FROM unique_products
    )

/* {"app": "dbt", "dbt_version": "1.11.11", "profile_name": "dbt_AI_financial_risk_project", "target_name": "dev", "node_id": "model.dbt_AI_financial_risk_project.dim_product"} */;
[0m06:52:51.949184 [debug] [Thread-2 (]: Opening a new connection, currently in state init
[0m06:52:53.590598 [debug] [Thread-2 (]: Snowflake adapter: Snowflake query id: 01c4c74c-0309-1f7b-002e-65ff0004b276
[0m06:52:53.591598 [debug] [Thread-2 (]: Snowflake adapter: Snowflake error: 002037 (42601): SQL compilation error:
Failure during expansion of view 'STG_COMPLAINTS': SQL compilation error:
Object 'FINANCIAL_RISK_INTELLIGENCE.ANALYTICS.RAW_COMPLAINTS' does not exist or not authorized.
[0m06:52:53.595637 [debug] [Thread-2 (]: Database Error in model dim_product (models\gold\dim_product.sql)
  002037 (42601): SQL compilation error:
  Failure during expansion of view 'STG_COMPLAINTS': SQL compilation error:
  Object 'FINANCIAL_RISK_INTELLIGENCE.ANALYTICS.RAW_COMPLAINTS' does not exist or not authorized.
  compiled code at target\run\dbt_AI_financial_risk_project\models\gold\dim_product.sql
[0m06:52:53.598595 [debug] [Thread-2 (]: Sending event: {'category': 'dbt', 'action': 'run_model', 'label': '8e60b4ed-1318-4f10-bb58-bf8cdba7191d', 'context': [<snowplow_tracker.self_describing_json.SelfDescribingJson object at 0x000001849FA9C510>]}
[0m06:52:53.599636 [error] [Thread-2 (]: 1 of 1 ERROR creating sql table model ANALYTICS_GOLD.dim_product ............... [[31mERROR[0m in 1.70s]
[0m06:52:53.600596 [debug] [Thread-2 (]: Finished running node model.dbt_AI_financial_risk_project.dim_product
[0m06:52:53.601595 [debug] [Thread-8 (]: Marking all children of 'model.dbt_AI_financial_risk_project.dim_product' to be skipped because of status 'error'.  Reason: Database Error in model dim_product (models\gold\dim_product.sql)
  002037 (42601): SQL compilation error:
  Failure during expansion of view 'STG_COMPLAINTS': SQL compilation error:
  Object 'FINANCIAL_RISK_INTELLIGENCE.ANALYTICS.RAW_COMPLAINTS' does not exist or not authorized.
  compiled code at target\run\dbt_AI_financial_risk_project\models\gold\dim_product.sql.
[0m06:52:53.603599 [debug] [MainThread]: Connection 'master' was properly closed.
[0m06:52:53.604884 [debug] [MainThread]: Connection 'list_FINANCIAL_RISK_INTELLIGENCE' was left open.
[0m06:52:53.604884 [debug] [MainThread]: On list_FINANCIAL_RISK_INTELLIGENCE: Close
[0m06:52:54.568164 [debug] [MainThread]: Connection 'list_FINANCIAL_RISK_INTELLIGENCE_ANALYTICS' was left open.
[0m06:52:54.570171 [debug] [MainThread]: On list_FINANCIAL_RISK_INTELLIGENCE_ANALYTICS: Close
[0m06:52:55.219280 [debug] [MainThread]: Connection 'list_FINANCIAL_RISK_INTELLIGENCE_ANALYTICS_GOLD' was left open.
[0m06:52:55.222225 [debug] [MainThread]: On list_FINANCIAL_RISK_INTELLIGENCE_ANALYTICS_GOLD: Close
[0m06:52:55.794046 [debug] [MainThread]: Connection 'model.dbt_AI_financial_risk_project.dim_product' was left open.
[0m06:52:55.795047 [debug] [MainThread]: On model.dbt_AI_financial_risk_project.dim_product: Close
[0m06:52:56.365470 [info ] [MainThread]: 
[0m06:52:56.368420 [info ] [MainThread]: Finished running 1 table model in 0 hours 0 minutes and 8.92 seconds (8.92s).
[0m06:52:56.372390 [debug] [MainThread]: Command end result
[0m06:52:56.421737 [debug] [MainThread]: Wrote artifact WritableManifest to C:\Users\guruv\Downloads\Data\Project\AI-Powered-Financial-Risk-Intelligence-Platform\dbt_AI_financial_risk_project\target\manifest.json
[0m06:52:56.424996 [debug] [MainThread]: Wrote artifact SemanticManifest to C:\Users\guruv\Downloads\Data\Project\AI-Powered-Financial-Risk-Intelligence-Platform\dbt_AI_financial_risk_project\target\semantic_manifest.json
[0m06:52:56.431994 [debug] [MainThread]: Wrote artifact RunExecutionResult to C:\Users\guruv\Downloads\Data\Project\AI-Powered-Financial-Risk-Intelligence-Platform\dbt_AI_financial_risk_project\target\run_results.json
[0m06:52:56.432993 [info ] [MainThread]: 
[0m06:52:56.432993 [info ] [MainThread]: [31mCompleted with 1 error, 0 partial successes, and 0 warnings:[0m
[0m06:52:56.433994 [info ] [MainThread]: 
[0m06:52:56.434995 [error] [MainThread]: [31mFailure in model dim_product (models\gold\dim_product.sql)[0m
[0m06:52:56.434995 [error] [MainThread]:   Database Error in model dim_product (models\gold\dim_product.sql)
  002037 (42601): SQL compilation error:
  Failure during expansion of view 'STG_COMPLAINTS': SQL compilation error:
  Object 'FINANCIAL_RISK_INTELLIGENCE.ANALYTICS.RAW_COMPLAINTS' does not exist or not authorized.
  compiled code at target\run\dbt_AI_financial_risk_project\models\gold\dim_product.sql
[0m06:52:56.435993 [info ] [MainThread]: 
[0m06:52:56.436997 [info ] [MainThread]:   compiled code at target\compiled\dbt_AI_financial_risk_project\models\gold\dim_product.sql
[0m06:52:56.436997 [info ] [MainThread]: 
[0m06:52:56.437997 [info ] [MainThread]: Done. PASS=0 WARN=0 ERROR=1 SKIP=0 NO-OP=0 TOTAL=1
[0m06:52:56.439296 [debug] [MainThread]: Command `dbt run` failed at 06:52:56.439296 after 11.20 seconds
[0m06:52:56.440312 [debug] [MainThread]: Sending event: {'category': 'dbt', 'action': 'invocation', 'label': 'end', 'context': [<snowplow_tracker.self_describing_json.SelfDescribingJson object at 0x00000184860A0A90>, <snowplow_tracker.self_describing_json.SelfDescribingJson object at 0x00000184860A0190>, <snowplow_tracker.self_describing_json.SelfDescribingJson object at 0x00000184A145C450>]}
[0m06:52:56.441310 [debug] [MainThread]: Flushing usage events
[0m06:52:57.951093 [debug] [MainThread]: An error was encountered while trying to flush usage events
[0m06:53:07.907681 [debug] [MainThread]: Sending event: {'category': 'dbt', 'action': 'invocation', 'label': 'start', 'context': [<snowplow_tracker.self_describing_json.SelfDescribingJson object at 0x000002063DE2AB90>, <snowplow_tracker.self_describing_json.SelfDescribingJson object at 0x000002063DCFFAD0>, <snowplow_tracker.self_describing_json.SelfDescribingJson object at 0x000002063DE2A910>]}


============================== 06:53:07.910669 | bfda5aee-9305-470e-bd31-30b42911641d ==============================
[0m06:53:07.910669 [info ] [MainThread]: Running with dbt=1.11.11
[0m06:53:07.911671 [debug] [MainThread]: running dbt with arguments {'version_check': 'True', 'no_print': 'None', 'static_parser': 'True', 'warn_error_options': 'WarnErrorOptionsV2(error=[], warn=[], silence=[])', 'target_path': 'None', 'printer_width': '80', 'write_json': 'True', 'introspect': 'True', 'log_cache_events': 'False', 'empty': 'None', 'cache_selected_only': 'False', 'fail_fast': 'False', 'debug': 'False', 'log_format': 'default', 'profiles_dir': '.', 'send_anonymous_usage_stats': 'True', 'quiet': 'False', 'warn_error': 'None', 'partial_parse': 'True', 'indirect_selection': 'eager', 'invocation_command': 'dbt clean --profiles-dir .', 'use_colors': 'True', 'use_experimental_parser': 'False', 'log_path': 'C:\\Users\\guruv\\Downloads\\Data\\Project\\AI-Powered-Financial-Risk-Intelligence-Platform\\dbt_AI_financial_risk_project\\logs'}
[0m06:53:08.055794 [debug] [MainThread]: Sending event: {'category': 'dbt', 'action': 'project_id', 'label': 'bfda5aee-9305-470e-bd31-30b42911641d', 'context': [<snowplow_tracker.self_describing_json.SelfDescribingJson object at 0x000002063D587D10>]}
[0m06:53:08.081749 [debug] [MainThread]: Command `dbt clean` succeeded at 06:53:08.081749 after 0.26 seconds
[0m06:53:08.081749 [debug] [MainThread]: Sending event: {'category': 'dbt', 'action': 'invocation', 'label': 'end', 'context': [<snowplow_tracker.self_describing_json.SelfDescribingJson object at 0x000002063DDAD690>, <snowplow_tracker.self_describing_json.SelfDescribingJson object at 0x000002063DE22ED0>, <snowplow_tracker.self_describing_json.SelfDescribingJson object at 0x000002063DE23D50>]}
[0m06:53:08.083257 [debug] [MainThread]: Flushing usage events
[0m06:53:09.314626 [debug] [MainThread]: An error was encountered while trying to flush usage events
[0m06:53:17.901770 [debug] [MainThread]: Sending event: {'category': 'dbt', 'action': 'invocation', 'label': 'start', 'context': [<snowplow_tracker.self_describing_json.SelfDescribingJson object at 0x0000016D8558EF10>, <snowplow_tracker.self_describing_json.SelfDescribingJson object at 0x0000016D86637B10>, <snowplow_tracker.self_describing_json.SelfDescribingJson object at 0x0000016D8663F0D0>]}


============================== 06:53:17.905766 | 895a81ba-51a0-4dab-9b55-ac8a0b80c0b2 ==============================
[0m06:53:17.905766 [info ] [MainThread]: Running with dbt=1.11.11
[0m06:53:17.905766 [debug] [MainThread]: running dbt with arguments {'static_parser': 'True', 'no_print': 'None', 'version_check': 'True', 'warn_error_options': 'WarnErrorOptionsV2(error=[], warn=[], silence=[])', 'target_path': 'None', 'printer_width': '80', 'write_json': 'True', 'empty': 'False', 'log_cache_events': 'False', 'introspect': 'True', 'cache_selected_only': 'False', 'fail_fast': 'False', 'debug': 'False', 'log_format': 'default', 'partial_parse': 'True', 'send_anonymous_usage_stats': 'True', 'quiet': 'False', 'warn_error': 'None', 'profiles_dir': '.', 'use_colors': 'True', 'invocation_command': 'dbt run --select dim_product --profiles-dir .', 'indirect_selection': 'eager', 'use_experimental_parser': 'False', 'log_path': 'C:\\Users\\guruv\\Downloads\\Data\\Project\\AI-Powered-Financial-Risk-Intelligence-Platform\\dbt_AI_financial_risk_project\\logs'}
[0m06:53:18.791593 [debug] [MainThread]: Snowflake adapter: Setting snowflake.connector to ERROR (file logging only)
[0m06:53:18.792593 [debug] [MainThread]: Snowflake adapter: Setting botocore to ERROR (file logging only)
[0m06:53:18.793552 [debug] [MainThread]: Snowflake adapter: Setting boto3 to ERROR (file logging only)
[0m06:53:19.003035 [debug] [MainThread]: Sending event: {'category': 'dbt', 'action': 'project_id', 'label': '895a81ba-51a0-4dab-9b55-ac8a0b80c0b2', 'context': [<snowplow_tracker.self_describing_json.SelfDescribingJson object at 0x0000016D854EF650>]}
[0m06:53:19.060227 [debug] [MainThread]: Sending event: {'category': 'dbt', 'action': 'adapter_info', 'label': '895a81ba-51a0-4dab-9b55-ac8a0b80c0b2', 'context': [<snowplow_tracker.self_describing_json.SelfDescribingJson object at 0x0000016D8660F9D0>]}
[0m06:53:19.062593 [info ] [MainThread]: Registered adapter: snowflake=1.11.5
[0m06:53:19.507315 [debug] [MainThread]: checksum: 30a8cc8fdcbf66701b0944d4ccce3fa46dd04b61e5df68b9f16d57b2e0e3f0be, vars: {}, profile: , target: , version: 1.11.11
[0m06:53:19.508331 [info ] [MainThread]: Unable to do partial parsing because saved manifest not found. Starting full parse.
[0m06:53:19.509314 [debug] [MainThread]: Sending event: {'category': 'dbt', 'action': 'partial_parser', 'label': '895a81ba-51a0-4dab-9b55-ac8a0b80c0b2', 'context': [<snowplow_tracker.self_describing_json.SelfDescribingJson object at 0x0000016D97EA9550>]}
[0m06:53:20.729957 [debug] [MainThread]: Sending event: {'category': 'dbt', 'action': 'load_project', 'label': '895a81ba-51a0-4dab-9b55-ac8a0b80c0b2', 'context': [<snowplow_tracker.self_describing_json.SelfDescribingJson object at 0x0000016D984EBCD0>]}
[0m06:53:20.899019 [debug] [MainThread]: Wrote artifact WritableManifest to C:\Users\guruv\Downloads\Data\Project\AI-Powered-Financial-Risk-Intelligence-Platform\dbt_AI_financial_risk_project\target\manifest.json
[0m06:53:20.903422 [debug] [MainThread]: Wrote artifact SemanticManifest to C:\Users\guruv\Downloads\Data\Project\AI-Powered-Financial-Risk-Intelligence-Platform\dbt_AI_financial_risk_project\target\semantic_manifest.json
[0m06:53:20.915662 [debug] [MainThread]: Sending event: {'category': 'dbt', 'action': 'resource_counts', 'label': '895a81ba-51a0-4dab-9b55-ac8a0b80c0b2', 'context': [<snowplow_tracker.self_describing_json.SelfDescribingJson object at 0x0000016D98568750>]}
[0m06:53:20.916621 [info ] [MainThread]: Found 4 models, 4 data tests, 536 macros
[0m06:53:20.917661 [debug] [MainThread]: Sending event: {'category': 'dbt', 'action': 'runnable_timing', 'label': '895a81ba-51a0-4dab-9b55-ac8a0b80c0b2', 'context': [<snowplow_tracker.self_describing_json.SelfDescribingJson object at 0x0000016D9854BC10>]}
[0m06:53:20.919658 [info ] [MainThread]: 
[0m06:53:20.920675 [info ] [MainThread]: Concurrency: 4 threads (target='dev')
[0m06:53:20.920675 [info ] [MainThread]: 
[0m06:53:20.921711 [debug] [MainThread]: Acquiring new snowflake connection 'master'
[0m06:53:20.922728 [debug] [ThreadPool]: Acquiring new snowflake connection 'list_FINANCIAL_RISK_INTELLIGENCE'
[0m06:53:21.005797 [debug] [ThreadPool]: Using snowflake connection "list_FINANCIAL_RISK_INTELLIGENCE"
[0m06:53:21.005797 [debug] [ThreadPool]: On list_FINANCIAL_RISK_INTELLIGENCE: show terse schemas in database FINANCIAL_RISK_INTELLIGENCE
    limit 10000
/* {"app": "dbt", "dbt_version": "1.11.11", "profile_name": "dbt_AI_financial_risk_project", "target_name": "dev", "connection_name": "list_FINANCIAL_RISK_INTELLIGENCE"} */
[0m06:53:21.006797 [debug] [ThreadPool]: Opening a new connection, currently in state init
[0m06:53:22.991322 [debug] [ThreadPool]: SQL status: SUCCESS 7 in 1.984 seconds
[0m06:53:23.010322 [debug] [ThreadPool]: Acquiring new snowflake connection 'list_FINANCIAL_RISK_INTELLIGENCE_ANALYTICS'
[0m06:53:23.011298 [debug] [ThreadPool]: Acquiring new snowflake connection 'list_FINANCIAL_RISK_INTELLIGENCE_ANALYTICS_GOLD'
[0m06:53:23.034253 [debug] [ThreadPool]: Using snowflake connection "list_FINANCIAL_RISK_INTELLIGENCE_ANALYTICS"
[0m06:53:23.039250 [debug] [ThreadPool]: Using snowflake connection "list_FINANCIAL_RISK_INTELLIGENCE_ANALYTICS_GOLD"
[0m06:53:23.039250 [debug] [ThreadPool]: On list_FINANCIAL_RISK_INTELLIGENCE_ANALYTICS: show objects in FINANCIAL_RISK_INTELLIGENCE.ANALYTICS
    limit 10000
    

/* {"app": "dbt", "dbt_version": "1.11.11", "profile_name": "dbt_AI_financial_risk_project", "target_name": "dev", "connection_name": "list_FINANCIAL_RISK_INTELLIGENCE_ANALYTICS"} */;
[0m06:53:23.040251 [debug] [ThreadPool]: On list_FINANCIAL_RISK_INTELLIGENCE_ANALYTICS_GOLD: show objects in FINANCIAL_RISK_INTELLIGENCE.ANALYTICS_GOLD
    limit 10000
    

/* {"app": "dbt", "dbt_version": "1.11.11", "profile_name": "dbt_AI_financial_risk_project", "target_name": "dev", "connection_name": "list_FINANCIAL_RISK_INTELLIGENCE_ANALYTICS_GOLD"} */;
[0m06:53:23.041250 [debug] [ThreadPool]: Opening a new connection, currently in state init
[0m06:53:23.041250 [debug] [ThreadPool]: Opening a new connection, currently in state init
[0m06:53:24.582319 [debug] [ThreadPool]: SQL status: SUCCESS 0 in 1.541 seconds
[0m06:53:24.751775 [debug] [ThreadPool]: SQL status: SUCCESS 6 in 1.711 seconds
[0m06:53:24.764729 [debug] [MainThread]: Sending event: {'category': 'dbt', 'action': 'runnable_timing', 'label': '895a81ba-51a0-4dab-9b55-ac8a0b80c0b2', 'context': [<snowplow_tracker.self_describing_json.SelfDescribingJson object at 0x0000016D98650250>]}
[0m06:53:24.772358 [debug] [Thread-2 (]: Began running node model.dbt_AI_financial_risk_project.dim_product
[0m06:53:24.773354 [info ] [Thread-2 (]: 1 of 1 START sql table model ANALYTICS_GOLD.dim_product ........................ [RUN]
[0m06:53:24.774315 [debug] [Thread-2 (]: Acquiring new snowflake connection 'model.dbt_AI_financial_risk_project.dim_product'
[0m06:53:24.775313 [debug] [Thread-2 (]: Began compiling node model.dbt_AI_financial_risk_project.dim_product
[0m06:53:24.785313 [debug] [Thread-2 (]: Writing injected SQL for node "model.dbt_AI_financial_risk_project.dim_product"
[0m06:53:24.788313 [debug] [Thread-2 (]: Began executing node model.dbt_AI_financial_risk_project.dim_product
[0m06:53:24.824367 [debug] [Thread-2 (]: Writing runtime sql for node "model.dbt_AI_financial_risk_project.dim_product"
[0m06:53:24.826334 [debug] [Thread-2 (]: Using snowflake connection "model.dbt_AI_financial_risk_project.dim_product"
[0m06:53:24.827336 [debug] [Thread-2 (]: On model.dbt_AI_financial_risk_project.dim_product: create or replace transient table FINANCIAL_RISK_INTELLIGENCE.ANALYTICS_GOLD.dim_product
    
    
    
    as (

WITH unique_products AS (
    -- Direct path to your pre-existing silver view/table
    SELECT DISTINCT product
    FROM FINANCIAL_RISK_INTELLIGENCE.SILVER.STG_COMPLAINTS
    WHERE product IS NOT NULL
)

SELECT
    ROW_NUMBER() OVER (ORDER BY product) AS product_key,
    product
FROM unique_products
    )

/* {"app": "dbt", "dbt_version": "1.11.11", "profile_name": "dbt_AI_financial_risk_project", "target_name": "dev", "node_id": "model.dbt_AI_financial_risk_project.dim_product"} */;
[0m06:53:24.827336 [debug] [Thread-2 (]: Opening a new connection, currently in state init
[0m06:53:26.271417 [debug] [Thread-2 (]: Snowflake adapter: Snowflake query id: 01c4c74d-0309-3074-002e-65ff00049316
[0m06:53:26.272421 [debug] [Thread-2 (]: Snowflake adapter: Snowflake error: 002037 (42601): SQL compilation error:
Failure during expansion of view 'STG_COMPLAINTS': SQL compilation error:
Object 'FINANCIAL_RISK_INTELLIGENCE.ANALYTICS.RAW_COMPLAINTS' does not exist or not authorized.
[0m06:53:26.278424 [debug] [Thread-2 (]: Database Error in model dim_product (models\gold\dim_product.sql)
  002037 (42601): SQL compilation error:
  Failure during expansion of view 'STG_COMPLAINTS': SQL compilation error:
  Object 'FINANCIAL_RISK_INTELLIGENCE.ANALYTICS.RAW_COMPLAINTS' does not exist or not authorized.
  compiled code at target\run\dbt_AI_financial_risk_project\models\gold\dim_product.sql
[0m06:53:26.281597 [debug] [Thread-2 (]: Sending event: {'category': 'dbt', 'action': 'run_model', 'label': '895a81ba-51a0-4dab-9b55-ac8a0b80c0b2', 'context': [<snowplow_tracker.self_describing_json.SelfDescribingJson object at 0x0000016D99B61950>]}
[0m06:53:26.282605 [error] [Thread-2 (]: 1 of 1 ERROR creating sql table model ANALYTICS_GOLD.dim_product ............... [[31mERROR[0m in 1.51s]
[0m06:53:26.283603 [debug] [Thread-2 (]: Finished running node model.dbt_AI_financial_risk_project.dim_product
[0m06:53:26.285651 [debug] [Thread-8 (]: Marking all children of 'model.dbt_AI_financial_risk_project.dim_product' to be skipped because of status 'error'.  Reason: Database Error in model dim_product (models\gold\dim_product.sql)
  002037 (42601): SQL compilation error:
  Failure during expansion of view 'STG_COMPLAINTS': SQL compilation error:
  Object 'FINANCIAL_RISK_INTELLIGENCE.ANALYTICS.RAW_COMPLAINTS' does not exist or not authorized.
  compiled code at target\run\dbt_AI_financial_risk_project\models\gold\dim_product.sql.
[0m06:53:26.287610 [debug] [MainThread]: Connection 'master' was properly closed.
[0m06:53:26.288661 [debug] [MainThread]: Connection 'list_FINANCIAL_RISK_INTELLIGENCE' was left open.
[0m06:53:26.289652 [debug] [MainThread]: On list_FINANCIAL_RISK_INTELLIGENCE: Close
[0m06:53:26.905081 [debug] [MainThread]: Connection 'list_FINANCIAL_RISK_INTELLIGENCE_ANALYTICS' was left open.
[0m06:53:26.908090 [debug] [MainThread]: On list_FINANCIAL_RISK_INTELLIGENCE_ANALYTICS: Close
[0m06:53:27.529435 [debug] [MainThread]: Connection 'list_FINANCIAL_RISK_INTELLIGENCE_ANALYTICS_GOLD' was left open.
[0m06:53:27.530442 [debug] [MainThread]: On list_FINANCIAL_RISK_INTELLIGENCE_ANALYTICS_GOLD: Close
[0m06:53:28.079716 [debug] [MainThread]: Connection 'model.dbt_AI_financial_risk_project.dim_product' was left open.
[0m06:53:28.083015 [debug] [MainThread]: On model.dbt_AI_financial_risk_project.dim_product: Close
[0m06:53:28.706331 [info ] [MainThread]: 
[0m06:53:28.709332 [info ] [MainThread]: Finished running 1 table model in 0 hours 0 minutes and 7.78 seconds (7.78s).
[0m06:53:28.713384 [debug] [MainThread]: Command end result
[0m06:53:28.769212 [debug] [MainThread]: Wrote artifact WritableManifest to C:\Users\guruv\Downloads\Data\Project\AI-Powered-Financial-Risk-Intelligence-Platform\dbt_AI_financial_risk_project\target\manifest.json
[0m06:53:28.772177 [debug] [MainThread]: Wrote artifact SemanticManifest to C:\Users\guruv\Downloads\Data\Project\AI-Powered-Financial-Risk-Intelligence-Platform\dbt_AI_financial_risk_project\target\semantic_manifest.json
[0m06:53:28.778212 [debug] [MainThread]: Wrote artifact RunExecutionResult to C:\Users\guruv\Downloads\Data\Project\AI-Powered-Financial-Risk-Intelligence-Platform\dbt_AI_financial_risk_project\target\run_results.json
[0m06:53:28.779177 [info ] [MainThread]: 
[0m06:53:28.779177 [info ] [MainThread]: [31mCompleted with 1 error, 0 partial successes, and 0 warnings:[0m
[0m06:53:28.780180 [info ] [MainThread]: 
[0m06:53:28.781180 [error] [MainThread]: [31mFailure in model dim_product (models\gold\dim_product.sql)[0m
[0m06:53:28.781180 [error] [MainThread]:   Database Error in model dim_product (models\gold\dim_product.sql)
  002037 (42601): SQL compilation error:
  Failure during expansion of view 'STG_COMPLAINTS': SQL compilation error:
  Object 'FINANCIAL_RISK_INTELLIGENCE.ANALYTICS.RAW_COMPLAINTS' does not exist or not authorized.
  compiled code at target\run\dbt_AI_financial_risk_project\models\gold\dim_product.sql
[0m06:53:28.782178 [info ] [MainThread]: 
[0m06:53:28.783178 [info ] [MainThread]:   compiled code at target\compiled\dbt_AI_financial_risk_project\models\gold\dim_product.sql
[0m06:53:28.783178 [info ] [MainThread]: 
[0m06:53:28.784203 [info ] [MainThread]: Done. PASS=0 WARN=0 ERROR=1 SKIP=0 NO-OP=0 TOTAL=1
[0m06:53:28.785175 [debug] [MainThread]: Command `dbt run` failed at 06:53:28.785175 after 10.98 seconds
[0m06:53:28.786378 [debug] [MainThread]: Sending event: {'category': 'dbt', 'action': 'invocation', 'label': 'end', 'context': [<snowplow_tracker.self_describing_json.SelfDescribingJson object at 0x0000016D85607810>, <snowplow_tracker.self_describing_json.SelfDescribingJson object at 0x0000016D8558F010>, <snowplow_tracker.self_describing_json.SelfDescribingJson object at 0x0000016D97C96690>]}
[0m06:53:28.786378 [debug] [MainThread]: Flushing usage events
[0m06:53:30.029541 [debug] [MainThread]: An error was encountered while trying to flush usage events
[0m06:57:19.086722 [debug] [MainThread]: Sending event: {'category': 'dbt', 'action': 'invocation', 'label': 'start', 'context': [<snowplow_tracker.self_describing_json.SelfDescribingJson object at 0x000001FE7D406310>, <snowplow_tracker.self_describing_json.SelfDescribingJson object at 0x000001FE7DBCFAD0>, <snowplow_tracker.self_describing_json.SelfDescribingJson object at 0x000001FE7ED2D950>]}


============================== 06:57:19.089811 | d9117fb8-f1dd-4f23-9b85-e21cb83ec0ec ==============================
[0m06:57:19.089811 [info ] [MainThread]: Running with dbt=1.11.11
[0m06:57:19.090810 [debug] [MainThread]: running dbt with arguments {'version_check': 'True', 'no_print': 'None', 'static_parser': 'True', 'warn_error_options': 'WarnErrorOptionsV2(error=[], warn=[], silence=[])', 'target_path': 'None', 'printer_width': '80', 'write_json': 'True', 'introspect': 'True', 'log_cache_events': 'False', 'empty': 'False', 'cache_selected_only': 'False', 'log_format': 'default', 'debug': 'False', 'fail_fast': 'False', 'profiles_dir': '.', 'send_anonymous_usage_stats': 'True', 'quiet': 'False', 'warn_error': 'None', 'partial_parse': 'True', 'use_colors': 'True', 'indirect_selection': 'eager', 'invocation_command': 'dbt run --select stg_complaints --profiles-dir .', 'use_experimental_parser': 'False', 'log_path': 'C:\\Users\\guruv\\Downloads\\Data\\Project\\AI-Powered-Financial-Risk-Intelligence-Platform\\dbt_AI_financial_risk_project\\logs'}
[0m06:57:19.973286 [debug] [MainThread]: Snowflake adapter: Setting snowflake.connector to ERROR (file logging only)
[0m06:57:19.974284 [debug] [MainThread]: Snowflake adapter: Setting botocore to ERROR (file logging only)
[0m06:57:19.975692 [debug] [MainThread]: Snowflake adapter: Setting boto3 to ERROR (file logging only)
[0m06:57:20.183268 [debug] [MainThread]: Sending event: {'category': 'dbt', 'action': 'project_id', 'label': 'd9117fb8-f1dd-4f23-9b85-e21cb83ec0ec', 'context': [<snowplow_tracker.self_describing_json.SelfDescribingJson object at 0x000001FE7ECFCA10>]}
[0m06:57:20.241753 [debug] [MainThread]: Sending event: {'category': 'dbt', 'action': 'adapter_info', 'label': 'd9117fb8-f1dd-4f23-9b85-e21cb83ec0ec', 'context': [<snowplow_tracker.self_describing_json.SelfDescribingJson object at 0x000001FE7ECFF990>]}
[0m06:57:20.243764 [info ] [MainThread]: Registered adapter: snowflake=1.11.5
[0m06:57:20.689779 [debug] [MainThread]: checksum: 30a8cc8fdcbf66701b0944d4ccce3fa46dd04b61e5df68b9f16d57b2e0e3f0be, vars: {}, profile: , target: , version: 1.11.11
[0m06:57:20.850477 [debug] [MainThread]: Partial parsing enabled: 0 files deleted, 0 files added, 1 files changed.
[0m06:57:20.850477 [debug] [MainThread]: Partial parsing: updated file: dbt_AI_financial_risk_project://models\silver\stg_complaints.sql
[0m06:57:21.100780 [debug] [MainThread]: Sending event: {'category': 'dbt', 'action': 'load_project', 'label': 'd9117fb8-f1dd-4f23-9b85-e21cb83ec0ec', 'context': [<snowplow_tracker.self_describing_json.SelfDescribingJson object at 0x000001FE10B85AD0>]}
[0m06:57:21.177802 [debug] [MainThread]: Wrote artifact WritableManifest to C:\Users\guruv\Downloads\Data\Project\AI-Powered-Financial-Risk-Intelligence-Platform\dbt_AI_financial_risk_project\target\manifest.json
[0m06:57:21.180805 [debug] [MainThread]: Wrote artifact SemanticManifest to C:\Users\guruv\Downloads\Data\Project\AI-Powered-Financial-Risk-Intelligence-Platform\dbt_AI_financial_risk_project\target\semantic_manifest.json
[0m06:57:21.191992 [debug] [MainThread]: Sending event: {'category': 'dbt', 'action': 'resource_counts', 'label': 'd9117fb8-f1dd-4f23-9b85-e21cb83ec0ec', 'context': [<snowplow_tracker.self_describing_json.SelfDescribingJson object at 0x000001FE10978CD0>]}
[0m06:57:21.192992 [info ] [MainThread]: Found 4 models, 4 data tests, 536 macros
[0m06:57:21.192992 [debug] [MainThread]: Sending event: {'category': 'dbt', 'action': 'runnable_timing', 'label': 'd9117fb8-f1dd-4f23-9b85-e21cb83ec0ec', 'context': [<snowplow_tracker.self_describing_json.SelfDescribingJson object at 0x000001FE10B77010>]}
[0m06:57:21.195036 [info ] [MainThread]: 
[0m06:57:21.196046 [info ] [MainThread]: Concurrency: 4 threads (target='dev')
[0m06:57:21.196046 [info ] [MainThread]: 
[0m06:57:21.196046 [debug] [MainThread]: Acquiring new snowflake connection 'master'
[0m06:57:21.198375 [debug] [ThreadPool]: Acquiring new snowflake connection 'list_FINANCIAL_RISK_INTELLIGENCE'
[0m06:57:21.279035 [debug] [ThreadPool]: Using snowflake connection "list_FINANCIAL_RISK_INTELLIGENCE"
[0m06:57:21.280039 [debug] [ThreadPool]: On list_FINANCIAL_RISK_INTELLIGENCE: show terse schemas in database FINANCIAL_RISK_INTELLIGENCE
    limit 10000
/* {"app": "dbt", "dbt_version": "1.11.11", "profile_name": "dbt_AI_financial_risk_project", "target_name": "dev", "connection_name": "list_FINANCIAL_RISK_INTELLIGENCE"} */
[0m06:57:21.280039 [debug] [ThreadPool]: Opening a new connection, currently in state init
[0m06:57:23.308969 [debug] [ThreadPool]: SQL status: SUCCESS 7 in 2.028 seconds
[0m06:57:23.317072 [debug] [ThreadPool]: Re-using an available connection from the pool (formerly list_FINANCIAL_RISK_INTELLIGENCE, now create_FINANCIAL_RISK_INTELLIGENCE_ANALYTICS_SILVER)
[0m06:57:23.319079 [debug] [ThreadPool]: Creating schema "database: "FINANCIAL_RISK_INTELLIGENCE"
schema: "ANALYTICS_SILVER"
"
[0m06:57:23.418672 [debug] [ThreadPool]: Using snowflake connection "create_FINANCIAL_RISK_INTELLIGENCE_ANALYTICS_SILVER"
[0m06:57:23.419674 [debug] [ThreadPool]: On create_FINANCIAL_RISK_INTELLIGENCE_ANALYTICS_SILVER: create schema if not exists FINANCIAL_RISK_INTELLIGENCE.ANALYTICS_SILVER
/* {"app": "dbt", "dbt_version": "1.11.11", "profile_name": "dbt_AI_financial_risk_project", "target_name": "dev", "connection_name": "create_FINANCIAL_RISK_INTELLIGENCE_ANALYTICS_SILVER"} */
[0m06:57:23.840401 [debug] [ThreadPool]: SQL status: SUCCESS 1 in 0.419 seconds
[0m06:57:23.861396 [debug] [ThreadPool]: Acquiring new snowflake connection 'list_FINANCIAL_RISK_INTELLIGENCE_ANALYTICS_GOLD'
[0m06:57:23.863328 [debug] [ThreadPool]: Acquiring new snowflake connection 'list_FINANCIAL_RISK_INTELLIGENCE_ANALYTICS_SILVER'
[0m06:57:23.880323 [debug] [ThreadPool]: Using snowflake connection "list_FINANCIAL_RISK_INTELLIGENCE_ANALYTICS_GOLD"
[0m06:57:23.881325 [debug] [ThreadPool]: Acquiring new snowflake connection 'list_FINANCIAL_RISK_INTELLIGENCE_ANALYTICS'
[0m06:57:23.883323 [debug] [ThreadPool]: Using snowflake connection "list_FINANCIAL_RISK_INTELLIGENCE_ANALYTICS_SILVER"
[0m06:57:23.884645 [debug] [ThreadPool]: On list_FINANCIAL_RISK_INTELLIGENCE_ANALYTICS_GOLD: show objects in FINANCIAL_RISK_INTELLIGENCE.ANALYTICS_GOLD
    limit 10000
    

/* {"app": "dbt", "dbt_version": "1.11.11", "profile_name": "dbt_AI_financial_risk_project", "target_name": "dev", "connection_name": "list_FINANCIAL_RISK_INTELLIGENCE_ANALYTICS_GOLD"} */;
[0m06:57:23.887651 [debug] [ThreadPool]: Using snowflake connection "list_FINANCIAL_RISK_INTELLIGENCE_ANALYTICS"
[0m06:57:23.887651 [debug] [ThreadPool]: On list_FINANCIAL_RISK_INTELLIGENCE_ANALYTICS_SILVER: show objects in FINANCIAL_RISK_INTELLIGENCE.ANALYTICS_SILVER
    limit 10000
    

/* {"app": "dbt", "dbt_version": "1.11.11", "profile_name": "dbt_AI_financial_risk_project", "target_name": "dev", "connection_name": "list_FINANCIAL_RISK_INTELLIGENCE_ANALYTICS_SILVER"} */;
[0m06:57:23.888651 [debug] [ThreadPool]: Opening a new connection, currently in state init
[0m06:57:23.888651 [debug] [ThreadPool]: On list_FINANCIAL_RISK_INTELLIGENCE_ANALYTICS: show objects in FINANCIAL_RISK_INTELLIGENCE.ANALYTICS
    limit 10000
    

/* {"app": "dbt", "dbt_version": "1.11.11", "profile_name": "dbt_AI_financial_risk_project", "target_name": "dev", "connection_name": "list_FINANCIAL_RISK_INTELLIGENCE_ANALYTICS"} */;
[0m06:57:23.889651 [debug] [ThreadPool]: Opening a new connection, currently in state init
[0m06:57:23.890709 [debug] [ThreadPool]: Opening a new connection, currently in state init
[0m06:57:25.337386 [debug] [ThreadPool]: SQL status: SUCCESS 6 in 1.446 seconds
[0m06:57:25.529467 [debug] [ThreadPool]: SQL status: SUCCESS 0 in 1.640 seconds
[0m06:57:25.559927 [debug] [ThreadPool]: SQL status: SUCCESS 0 in 1.672 seconds
[0m06:57:25.564869 [debug] [MainThread]: Sending event: {'category': 'dbt', 'action': 'runnable_timing', 'label': 'd9117fb8-f1dd-4f23-9b85-e21cb83ec0ec', 'context': [<snowplow_tracker.self_describing_json.SelfDescribingJson object at 0x000001FE10F80ED0>]}
[0m06:57:25.573877 [debug] [Thread-2 (]: Began running node model.dbt_AI_financial_risk_project.stg_complaints
[0m06:57:25.575936 [info ] [Thread-2 (]: 1 of 1 START sql table model ANALYTICS_SILVER.stg_complaints ................... [RUN]
[0m06:57:25.578983 [debug] [Thread-2 (]: Acquiring new snowflake connection 'model.dbt_AI_financial_risk_project.stg_complaints'
[0m06:57:25.580924 [debug] [Thread-2 (]: Began compiling node model.dbt_AI_financial_risk_project.stg_complaints
[0m06:57:25.606391 [debug] [Thread-2 (]: Writing injected SQL for node "model.dbt_AI_financial_risk_project.stg_complaints"
[0m06:57:25.608860 [debug] [Thread-2 (]: Began executing node model.dbt_AI_financial_risk_project.stg_complaints
[0m06:57:25.648230 [debug] [Thread-2 (]: Writing runtime sql for node "model.dbt_AI_financial_risk_project.stg_complaints"
[0m06:57:25.653227 [debug] [Thread-2 (]: Using snowflake connection "model.dbt_AI_financial_risk_project.stg_complaints"
[0m06:57:25.653227 [debug] [Thread-2 (]: On model.dbt_AI_financial_risk_project.stg_complaints: create or replace transient table FINANCIAL_RISK_INTELLIGENCE.ANALYTICS_SILVER.stg_complaints
    
    
    
    as (

WITH source_data AS (
    SELECT *
    -- Pointing directly to the database.schema.table where the raw complaints data lives
    FROM FINANCIAL_RISK_INTELLIGENCE.RAW.RAW_COMPLAINTS
),

-- cleaning steps to filter out records with missing critical fields and standardize text formatting
cleaned_data AS (
    SELECT *
    FROM source_data
    WHERE COMPLAINT_ID IS NOT NULL
      AND DATE_RECEIVED IS NOT NULL
),

-- deduplication step to retain only the most recent record for each unique complaint based on COMPLAINT_ID and DATE_RECEIVED
deduplicated AS (
    SELECT *
    FROM cleaned_data
    QUALIFY ROW_NUMBER() OVER (
        PARTITION BY COMPLAINT_ID
        ORDER BY DATE_RECEIVED DESC
    ) = 1
)

-- final selection and transformation to conform to the desired schema for the stg_complaints table
SELECT
    CAST(COMPLAINT_ID AS NUMBER)                          AS complaint_id,
    TO_DATE(DATE_RECEIVED)                                AS date_received,
    TRIM(PRODUCT)                                         AS product,
    TRIM(SUB_PRODUCT)                                     AS sub_product,
    TRIM(ISSUE)                                           AS issue,
    TRIM(SUB_ISSUE)                                       AS sub_issue,
    CONSUMER_COMPLAINT_NARRATIVE                          AS consumer_complaint_narrative,
    TRIM(COMPANY_PUBLIC_RESPONSE)                         AS company_public_response,
    UPPER(TRIM(COMPANY))                                  AS company,
    UPPER(TRIM(STATE))                                    AS state,
    TRIM(ZIP_CODE)                                        AS zip_code,
    TRIM(TAGS)                                            AS tags,
    TRIM(CONSUMER_CONSENT_PROVIDED)                       AS consumer_consent_provided,
    TRIM(SUBMITTED_VIA)                                   AS submitted_via,
    TO_DATE(DATE_SENT_TO_COMPANY)                         AS date_sent_to_company,
    TRIM(COMPANY_RESPONSE_TO_CONSUMER)                    AS company_response_to_consumer,
    TRIM(TIMELY_RESPONSE)                                 AS timely_response,
    TRIM(CONSUMER_DISPUTED)                               AS consumer_disputed
FROM deduplicated
    )

/* {"app": "dbt", "dbt_version": "1.11.11", "profile_name": "dbt_AI_financial_risk_project", "target_name": "dev", "node_id": "model.dbt_AI_financial_risk_project.stg_complaints"} */;
[0m06:57:25.654227 [debug] [Thread-2 (]: Opening a new connection, currently in state init
[0m06:57:29.098763 [debug] [Thread-2 (]: SQL status: SUCCESS 10000 in 3.444 seconds
[0m06:57:29.153340 [debug] [Thread-2 (]: Sending event: {'category': 'dbt', 'action': 'run_model', 'label': 'd9117fb8-f1dd-4f23-9b85-e21cb83ec0ec', 'context': [<snowplow_tracker.self_describing_json.SelfDescribingJson object at 0x000001FE10371AD0>]}
[0m06:57:29.154349 [info ] [Thread-2 (]: 1 of 1 OK created sql table model ANALYTICS_SILVER.stg_complaints .............. [[32mSUCCESS 10000[0m in 3.57s]
[0m06:57:29.155355 [debug] [Thread-2 (]: Finished running node model.dbt_AI_financial_risk_project.stg_complaints
[0m06:57:29.157623 [debug] [MainThread]: Connection 'master' was properly closed.
[0m06:57:29.158643 [debug] [MainThread]: Connection 'create_FINANCIAL_RISK_INTELLIGENCE_ANALYTICS_SILVER' was left open.
[0m06:57:29.158643 [debug] [MainThread]: On create_FINANCIAL_RISK_INTELLIGENCE_ANALYTICS_SILVER: Close
[0m06:57:29.760926 [debug] [MainThread]: Connection 'list_FINANCIAL_RISK_INTELLIGENCE_ANALYTICS_GOLD' was left open.
[0m06:57:29.762879 [debug] [MainThread]: On list_FINANCIAL_RISK_INTELLIGENCE_ANALYTICS_GOLD: Close
[0m06:57:30.349963 [debug] [MainThread]: Connection 'list_FINANCIAL_RISK_INTELLIGENCE_ANALYTICS_SILVER' was left open.
[0m06:57:30.352972 [debug] [MainThread]: On list_FINANCIAL_RISK_INTELLIGENCE_ANALYTICS_SILVER: Close
[0m06:57:30.977898 [debug] [MainThread]: Connection 'list_FINANCIAL_RISK_INTELLIGENCE_ANALYTICS' was left open.
[0m06:57:30.978858 [debug] [MainThread]: On list_FINANCIAL_RISK_INTELLIGENCE_ANALYTICS: Close
[0m06:57:31.569849 [debug] [MainThread]: Connection 'model.dbt_AI_financial_risk_project.stg_complaints' was left open.
[0m06:57:31.571836 [debug] [MainThread]: On model.dbt_AI_financial_risk_project.stg_complaints: Close
[0m06:57:32.152511 [info ] [MainThread]: 
[0m06:57:32.154588 [info ] [MainThread]: Finished running 1 table model in 0 hours 0 minutes and 10.96 seconds (10.96s).
[0m06:57:32.159199 [debug] [MainThread]: Command end result
[0m06:57:32.209810 [debug] [MainThread]: Wrote artifact WritableManifest to C:\Users\guruv\Downloads\Data\Project\AI-Powered-Financial-Risk-Intelligence-Platform\dbt_AI_financial_risk_project\target\manifest.json
[0m06:57:32.212864 [debug] [MainThread]: Wrote artifact SemanticManifest to C:\Users\guruv\Downloads\Data\Project\AI-Powered-Financial-Risk-Intelligence-Platform\dbt_AI_financial_risk_project\target\semantic_manifest.json
[0m06:57:32.218487 [debug] [MainThread]: Wrote artifact RunExecutionResult to C:\Users\guruv\Downloads\Data\Project\AI-Powered-Financial-Risk-Intelligence-Platform\dbt_AI_financial_risk_project\target\run_results.json
[0m06:57:32.218487 [info ] [MainThread]: 
[0m06:57:32.219493 [info ] [MainThread]: [32mCompleted successfully[0m
[0m06:57:32.220456 [info ] [MainThread]: 
[0m06:57:32.221596 [info ] [MainThread]: Done. PASS=1 WARN=0 ERROR=0 SKIP=0 NO-OP=0 TOTAL=1
[0m06:57:32.222955 [debug] [MainThread]: Command `dbt run` succeeded at 06:57:32.221596 after 13.22 seconds
[0m06:57:32.222955 [debug] [MainThread]: Sending event: {'category': 'dbt', 'action': 'invocation', 'label': 'end', 'context': [<snowplow_tracker.self_describing_json.SelfDescribingJson object at 0x000001FE76E30950>, <snowplow_tracker.self_describing_json.SelfDescribingJson object at 0x000001FE76E30510>, <snowplow_tracker.self_describing_json.SelfDescribingJson object at 0x000001FE7CC22F90>]}
[0m06:57:32.223955 [debug] [MainThread]: Flushing usage events
[0m06:57:33.458168 [debug] [MainThread]: An error was encountered while trying to flush usage events
[0m06:59:15.599019 [debug] [MainThread]: Sending event: {'category': 'dbt', 'action': 'invocation', 'label': 'start', 'context': [<snowplow_tracker.self_describing_json.SelfDescribingJson object at 0x0000017E54DEED50>, <snowplow_tracker.self_describing_json.SelfDescribingJson object at 0x0000017E54DEE210>, <snowplow_tracker.self_describing_json.SelfDescribingJson object at 0x0000017E55E97E50>]}


============================== 06:59:15.603019 | b3ceb2a5-7618-4ffe-b403-f0e85e03a165 ==============================
[0m06:59:15.603019 [info ] [MainThread]: Running with dbt=1.11.11
[0m06:59:15.604019 [debug] [MainThread]: running dbt with arguments {'static_parser': 'True', 'no_print': 'None', 'version_check': 'True', 'warn_error_options': 'WarnErrorOptionsV2(error=[], warn=[], silence=[])', 'target_path': 'None', 'printer_width': '80', 'write_json': 'True', 'empty': 'False', 'log_cache_events': 'False', 'introspect': 'True', 'cache_selected_only': 'False', 'log_format': 'default', 'debug': 'False', 'fail_fast': 'False', 'profiles_dir': '.', 'send_anonymous_usage_stats': 'True', 'quiet': 'False', 'warn_error': 'None', 'partial_parse': 'True', 'use_colors': 'True', 'invocation_command': 'dbt run --select dim_product --profiles-dir .', 'indirect_selection': 'eager', 'use_experimental_parser': 'False', 'log_path': 'C:\\Users\\guruv\\Downloads\\Data\\Project\\AI-Powered-Financial-Risk-Intelligence-Platform\\dbt_AI_financial_risk_project\\logs'}
[0m06:59:16.493526 [debug] [MainThread]: Snowflake adapter: Setting snowflake.connector to ERROR (file logging only)
[0m06:59:16.493526 [debug] [MainThread]: Snowflake adapter: Setting botocore to ERROR (file logging only)
[0m06:59:16.494562 [debug] [MainThread]: Snowflake adapter: Setting boto3 to ERROR (file logging only)
[0m06:59:16.703749 [debug] [MainThread]: Sending event: {'category': 'dbt', 'action': 'project_id', 'label': 'b3ceb2a5-7618-4ffe-b403-f0e85e03a165', 'context': [<snowplow_tracker.self_describing_json.SelfDescribingJson object at 0x0000017E54E692D0>]}
[0m06:59:16.762748 [debug] [MainThread]: Sending event: {'category': 'dbt', 'action': 'adapter_info', 'label': 'b3ceb2a5-7618-4ffe-b403-f0e85e03a165', 'context': [<snowplow_tracker.self_describing_json.SelfDescribingJson object at 0x0000017E53DCE110>]}
[0m06:59:16.764749 [info ] [MainThread]: Registered adapter: snowflake=1.11.5
[0m06:59:17.214150 [debug] [MainThread]: checksum: 30a8cc8fdcbf66701b0944d4ccce3fa46dd04b61e5df68b9f16d57b2e0e3f0be, vars: {}, profile: , target: , version: 1.11.11
[0m06:59:17.362807 [debug] [MainThread]: Partial parsing enabled: 0 files deleted, 0 files added, 0 files changed.
[0m06:59:17.363848 [debug] [MainThread]: Nothing changed, skipping partial parsing.
[0m06:59:17.363848 [debug] [MainThread]: Partial parsing enabled, no changes found, skipping parsing
[0m06:59:17.399904 [debug] [MainThread]: Sending event: {'category': 'dbt', 'action': 'load_project', 'label': 'b3ceb2a5-7618-4ffe-b403-f0e85e03a165', 'context': [<snowplow_tracker.self_describing_json.SelfDescribingJson object at 0x0000017E55E57E50>]}
[0m06:59:17.480900 [debug] [MainThread]: Wrote artifact WritableManifest to C:\Users\guruv\Downloads\Data\Project\AI-Powered-Financial-Risk-Intelligence-Platform\dbt_AI_financial_risk_project\target\manifest.json
[0m06:59:17.483889 [debug] [MainThread]: Wrote artifact SemanticManifest to C:\Users\guruv\Downloads\Data\Project\AI-Powered-Financial-Risk-Intelligence-Platform\dbt_AI_financial_risk_project\target\semantic_manifest.json
[0m06:59:17.495518 [debug] [MainThread]: Sending event: {'category': 'dbt', 'action': 'resource_counts', 'label': 'b3ceb2a5-7618-4ffe-b403-f0e85e03a165', 'context': [<snowplow_tracker.self_describing_json.SelfDescribingJson object at 0x0000017E6799FB10>]}
[0m06:59:17.495518 [info ] [MainThread]: Found 4 models, 4 data tests, 536 macros
[0m06:59:17.496825 [debug] [MainThread]: Sending event: {'category': 'dbt', 'action': 'runnable_timing', 'label': 'b3ceb2a5-7618-4ffe-b403-f0e85e03a165', 'context': [<snowplow_tracker.self_describing_json.SelfDescribingJson object at 0x0000017E679A3B10>]}
[0m06:59:17.498015 [info ] [MainThread]: 
[0m06:59:17.499026 [info ] [MainThread]: Concurrency: 4 threads (target='dev')
[0m06:59:17.500066 [info ] [MainThread]: 
[0m06:59:17.500066 [debug] [MainThread]: Acquiring new snowflake connection 'master'
[0m06:59:17.501315 [debug] [ThreadPool]: Acquiring new snowflake connection 'list_FINANCIAL_RISK_INTELLIGENCE'
[0m06:59:17.583572 [debug] [ThreadPool]: Using snowflake connection "list_FINANCIAL_RISK_INTELLIGENCE"
[0m06:59:17.584572 [debug] [ThreadPool]: On list_FINANCIAL_RISK_INTELLIGENCE: show terse schemas in database FINANCIAL_RISK_INTELLIGENCE
    limit 10000
/* {"app": "dbt", "dbt_version": "1.11.11", "profile_name": "dbt_AI_financial_risk_project", "target_name": "dev", "connection_name": "list_FINANCIAL_RISK_INTELLIGENCE"} */
[0m06:59:17.585572 [debug] [ThreadPool]: Opening a new connection, currently in state init
[0m06:59:19.453240 [debug] [ThreadPool]: SQL status: SUCCESS 8 in 1.867 seconds
[0m06:59:19.477160 [debug] [ThreadPool]: Acquiring new snowflake connection 'list_FINANCIAL_RISK_INTELLIGENCE_ANALYTICS_GOLD'
[0m06:59:19.489190 [debug] [ThreadPool]: Acquiring new snowflake connection 'list_FINANCIAL_RISK_INTELLIGENCE_ANALYTICS'
[0m06:59:19.497188 [debug] [ThreadPool]: Using snowflake connection "list_FINANCIAL_RISK_INTELLIGENCE_ANALYTICS_GOLD"
[0m06:59:19.500144 [debug] [ThreadPool]: Using snowflake connection "list_FINANCIAL_RISK_INTELLIGENCE_ANALYTICS"
[0m06:59:19.501145 [debug] [ThreadPool]: Acquiring new snowflake connection 'list_FINANCIAL_RISK_INTELLIGENCE_ANALYTICS_SILVER'
[0m06:59:19.501145 [debug] [ThreadPool]: On list_FINANCIAL_RISK_INTELLIGENCE_ANALYTICS_GOLD: show objects in FINANCIAL_RISK_INTELLIGENCE.ANALYTICS_GOLD
    limit 10000
    

/* {"app": "dbt", "dbt_version": "1.11.11", "profile_name": "dbt_AI_financial_risk_project", "target_name": "dev", "connection_name": "list_FINANCIAL_RISK_INTELLIGENCE_ANALYTICS_GOLD"} */;
[0m06:59:19.502187 [debug] [ThreadPool]: On list_FINANCIAL_RISK_INTELLIGENCE_ANALYTICS: show objects in FINANCIAL_RISK_INTELLIGENCE.ANALYTICS
    limit 10000
    

/* {"app": "dbt", "dbt_version": "1.11.11", "profile_name": "dbt_AI_financial_risk_project", "target_name": "dev", "connection_name": "list_FINANCIAL_RISK_INTELLIGENCE_ANALYTICS"} */;
[0m06:59:19.505190 [debug] [ThreadPool]: Using snowflake connection "list_FINANCIAL_RISK_INTELLIGENCE_ANALYTICS_SILVER"
[0m06:59:19.505190 [debug] [ThreadPool]: Opening a new connection, currently in state init
[0m06:59:19.506191 [debug] [ThreadPool]: Opening a new connection, currently in state init
[0m06:59:19.506191 [debug] [ThreadPool]: On list_FINANCIAL_RISK_INTELLIGENCE_ANALYTICS_SILVER: show objects in FINANCIAL_RISK_INTELLIGENCE.ANALYTICS_SILVER
    limit 10000
    

/* {"app": "dbt", "dbt_version": "1.11.11", "profile_name": "dbt_AI_financial_risk_project", "target_name": "dev", "connection_name": "list_FINANCIAL_RISK_INTELLIGENCE_ANALYTICS_SILVER"} */;
[0m06:59:19.509144 [debug] [ThreadPool]: Opening a new connection, currently in state init
[0m06:59:21.041810 [debug] [ThreadPool]: SQL status: SUCCESS 0 in 1.536 seconds
[0m06:59:21.128800 [debug] [ThreadPool]: SQL status: SUCCESS 1 in 1.620 seconds
[0m06:59:21.207464 [debug] [ThreadPool]: SQL status: SUCCESS 6 in 1.701 seconds
[0m06:59:21.220409 [debug] [MainThread]: Sending event: {'category': 'dbt', 'action': 'runnable_timing', 'label': 'b3ceb2a5-7618-4ffe-b403-f0e85e03a165', 'context': [<snowplow_tracker.self_describing_json.SelfDescribingJson object at 0x0000017E67B50C10>]}
[0m06:59:21.231840 [debug] [Thread-2 (]: Began running node model.dbt_AI_financial_risk_project.dim_product
[0m06:59:21.233891 [info ] [Thread-2 (]: 1 of 1 START sql table model ANALYTICS_GOLD.dim_product ........................ [RUN]
[0m06:59:21.236882 [debug] [Thread-2 (]: Acquiring new snowflake connection 'model.dbt_AI_financial_risk_project.dim_product'
[0m06:59:21.237882 [debug] [Thread-2 (]: Began compiling node model.dbt_AI_financial_risk_project.dim_product
[0m06:59:21.253648 [debug] [Thread-2 (]: Writing injected SQL for node "model.dbt_AI_financial_risk_project.dim_product"
[0m06:59:21.255653 [debug] [Thread-2 (]: Began executing node model.dbt_AI_financial_risk_project.dim_product
[0m06:59:21.289171 [debug] [Thread-2 (]: Writing runtime sql for node "model.dbt_AI_financial_risk_project.dim_product"
[0m06:59:21.291126 [debug] [Thread-2 (]: Using snowflake connection "model.dbt_AI_financial_risk_project.dim_product"
[0m06:59:21.291126 [debug] [Thread-2 (]: On model.dbt_AI_financial_risk_project.dim_product: create or replace transient table FINANCIAL_RISK_INTELLIGENCE.ANALYTICS_GOLD.dim_product
    
    
    
    as (

WITH unique_products AS (
    -- Direct path to your pre-existing silver view/table
    SELECT DISTINCT product
    FROM FINANCIAL_RISK_INTELLIGENCE.SILVER.STG_COMPLAINTS
    WHERE product IS NOT NULL
)

SELECT
    ROW_NUMBER() OVER (ORDER BY product) AS product_key,
    product
FROM unique_products
    )

/* {"app": "dbt", "dbt_version": "1.11.11", "profile_name": "dbt_AI_financial_risk_project", "target_name": "dev", "node_id": "model.dbt_AI_financial_risk_project.dim_product"} */;
[0m06:59:21.292165 [debug] [Thread-2 (]: Opening a new connection, currently in state init
[0m06:59:22.602070 [debug] [Thread-2 (]: Snowflake adapter: Snowflake query id: 01c4c753-0309-1f7b-002e-65ff0004b306
[0m06:59:22.604113 [debug] [Thread-2 (]: Snowflake adapter: Snowflake error: 002037 (42601): SQL compilation error:
Failure during expansion of view 'STG_COMPLAINTS': SQL compilation error:
Object 'FINANCIAL_RISK_INTELLIGENCE.ANALYTICS.RAW_COMPLAINTS' does not exist or not authorized.
[0m06:59:22.616738 [debug] [Thread-2 (]: Database Error in model dim_product (models\gold\dim_product.sql)
  002037 (42601): SQL compilation error:
  Failure during expansion of view 'STG_COMPLAINTS': SQL compilation error:
  Object 'FINANCIAL_RISK_INTELLIGENCE.ANALYTICS.RAW_COMPLAINTS' does not exist or not authorized.
  compiled code at target\run\dbt_AI_financial_risk_project\models\gold\dim_product.sql
[0m06:59:22.622677 [debug] [Thread-2 (]: Sending event: {'category': 'dbt', 'action': 'run_model', 'label': 'b3ceb2a5-7618-4ffe-b403-f0e85e03a165', 'context': [<snowplow_tracker.self_describing_json.SelfDescribingJson object at 0x0000017E676A6490>]}
[0m06:59:22.624730 [error] [Thread-2 (]: 1 of 1 ERROR creating sql table model ANALYTICS_GOLD.dim_product ............... [[31mERROR[0m in 1.38s]
[0m06:59:22.626680 [debug] [Thread-2 (]: Finished running node model.dbt_AI_financial_risk_project.dim_product
[0m06:59:22.627726 [debug] [Thread-8 (]: Marking all children of 'model.dbt_AI_financial_risk_project.dim_product' to be skipped because of status 'error'.  Reason: Database Error in model dim_product (models\gold\dim_product.sql)
  002037 (42601): SQL compilation error:
  Failure during expansion of view 'STG_COMPLAINTS': SQL compilation error:
  Object 'FINANCIAL_RISK_INTELLIGENCE.ANALYTICS.RAW_COMPLAINTS' does not exist or not authorized.
  compiled code at target\run\dbt_AI_financial_risk_project\models\gold\dim_product.sql.
[0m06:59:22.631540 [debug] [MainThread]: Connection 'master' was properly closed.
[0m06:59:22.632542 [debug] [MainThread]: Connection 'list_FINANCIAL_RISK_INTELLIGENCE' was left open.
[0m06:59:22.633542 [debug] [MainThread]: On list_FINANCIAL_RISK_INTELLIGENCE: Close
[0m06:59:23.211792 [debug] [MainThread]: Connection 'list_FINANCIAL_RISK_INTELLIGENCE_ANALYTICS_GOLD' was left open.
[0m06:59:23.212999 [debug] [MainThread]: On list_FINANCIAL_RISK_INTELLIGENCE_ANALYTICS_GOLD: Close
[0m06:59:23.851681 [debug] [MainThread]: Connection 'list_FINANCIAL_RISK_INTELLIGENCE_ANALYTICS' was left open.
[0m06:59:23.853679 [debug] [MainThread]: On list_FINANCIAL_RISK_INTELLIGENCE_ANALYTICS: Close
[0m06:59:24.429427 [debug] [MainThread]: Connection 'list_FINANCIAL_RISK_INTELLIGENCE_ANALYTICS_SILVER' was left open.
[0m06:59:24.432383 [debug] [MainThread]: On list_FINANCIAL_RISK_INTELLIGENCE_ANALYTICS_SILVER: Close
[0m06:59:25.070098 [debug] [MainThread]: Connection 'model.dbt_AI_financial_risk_project.dim_product' was left open.
[0m06:59:25.073109 [debug] [MainThread]: On model.dbt_AI_financial_risk_project.dim_product: Close
[0m06:59:25.640293 [info ] [MainThread]: 
[0m06:59:25.644289 [info ] [MainThread]: Finished running 1 table model in 0 hours 0 minutes and 8.14 seconds (8.14s).
[0m06:59:25.648290 [debug] [MainThread]: Command end result
[0m06:59:25.707705 [debug] [MainThread]: Wrote artifact WritableManifest to C:\Users\guruv\Downloads\Data\Project\AI-Powered-Financial-Risk-Intelligence-Platform\dbt_AI_financial_risk_project\target\manifest.json
[0m06:59:25.710667 [debug] [MainThread]: Wrote artifact SemanticManifest to C:\Users\guruv\Downloads\Data\Project\AI-Powered-Financial-Risk-Intelligence-Platform\dbt_AI_financial_risk_project\target\semantic_manifest.json
[0m06:59:25.715815 [debug] [MainThread]: Wrote artifact RunExecutionResult to C:\Users\guruv\Downloads\Data\Project\AI-Powered-Financial-Risk-Intelligence-Platform\dbt_AI_financial_risk_project\target\run_results.json
[0m06:59:25.716777 [info ] [MainThread]: 
[0m06:59:25.716777 [info ] [MainThread]: [31mCompleted with 1 error, 0 partial successes, and 0 warnings:[0m
[0m06:59:25.717789 [info ] [MainThread]: 
[0m06:59:25.717789 [error] [MainThread]: [31mFailure in model dim_product (models\gold\dim_product.sql)[0m
[0m06:59:25.718777 [error] [MainThread]:   Database Error in model dim_product (models\gold\dim_product.sql)
  002037 (42601): SQL compilation error:
  Failure during expansion of view 'STG_COMPLAINTS': SQL compilation error:
  Object 'FINANCIAL_RISK_INTELLIGENCE.ANALYTICS.RAW_COMPLAINTS' does not exist or not authorized.
  compiled code at target\run\dbt_AI_financial_risk_project\models\gold\dim_product.sql
[0m06:59:25.719779 [info ] [MainThread]: 
[0m06:59:25.719779 [info ] [MainThread]:   compiled code at target\compiled\dbt_AI_financial_risk_project\models\gold\dim_product.sql
[0m06:59:25.720805 [info ] [MainThread]: 
[0m06:59:25.720805 [info ] [MainThread]: Done. PASS=0 WARN=0 ERROR=1 SKIP=0 NO-OP=0 TOTAL=1
[0m06:59:25.721955 [debug] [MainThread]: Command `dbt run` failed at 06:59:25.721955 after 10.21 seconds
[0m06:59:25.722962 [debug] [MainThread]: Sending event: {'category': 'dbt', 'action': 'invocation', 'label': 'end', 'context': [<snowplow_tracker.self_describing_json.SelfDescribingJson object at 0x0000017E54B8A4D0>, <snowplow_tracker.self_describing_json.SelfDescribingJson object at 0x0000017E4DFB0710>, <snowplow_tracker.self_describing_json.SelfDescribingJson object at 0x0000017E67E5E510>]}
[0m06:59:25.722962 [debug] [MainThread]: Flushing usage events
[0m06:59:26.972974 [debug] [MainThread]: An error was encountered while trying to flush usage events
[0m07:01:15.437659 [debug] [MainThread]: Sending event: {'category': 'dbt', 'action': 'invocation', 'label': 'start', 'context': [<snowplow_tracker.self_describing_json.SelfDescribingJson object at 0x000001BD5BD4F350>, <snowplow_tracker.self_describing_json.SelfDescribingJson object at 0x000001BD5CDFD990>, <snowplow_tracker.self_describing_json.SelfDescribingJson object at 0x000001BD5CDFF510>]}


============================== 07:01:15.440659 | cdb0bfae-5794-4098-956b-f92dacaaec9d ==============================
[0m07:01:15.440659 [info ] [MainThread]: Running with dbt=1.11.11
[0m07:01:15.441659 [debug] [MainThread]: running dbt with arguments {'static_parser': 'True', 'no_print': 'None', 'version_check': 'True', 'warn_error_options': 'WarnErrorOptionsV2(error=[], warn=[], silence=[])', 'target_path': 'None', 'printer_width': '80', 'write_json': 'True', 'empty': 'False', 'log_cache_events': 'False', 'introspect': 'True', 'cache_selected_only': 'False', 'fail_fast': 'False', 'debug': 'False', 'log_format': 'default', 'partial_parse': 'True', 'send_anonymous_usage_stats': 'True', 'quiet': 'False', 'warn_error': 'None', 'profiles_dir': '.', 'use_colors': 'True', 'indirect_selection': 'eager', 'invocation_command': 'dbt run --select dim_product --profiles-dir .', 'use_experimental_parser': 'False', 'log_path': 'C:\\Users\\guruv\\Downloads\\Data\\Project\\AI-Powered-Financial-Risk-Intelligence-Platform\\dbt_AI_financial_risk_project\\logs'}
[0m07:01:16.340555 [debug] [MainThread]: Snowflake adapter: Setting snowflake.connector to ERROR (file logging only)
[0m07:01:16.340555 [debug] [MainThread]: Snowflake adapter: Setting botocore to ERROR (file logging only)
[0m07:01:16.341794 [debug] [MainThread]: Snowflake adapter: Setting boto3 to ERROR (file logging only)
[0m07:01:16.551439 [debug] [MainThread]: Sending event: {'category': 'dbt', 'action': 'project_id', 'label': 'cdb0bfae-5794-4098-956b-f92dacaaec9d', 'context': [<snowplow_tracker.self_describing_json.SelfDescribingJson object at 0x000001BD6E5F6610>]}
[0m07:01:16.608441 [debug] [MainThread]: Sending event: {'category': 'dbt', 'action': 'adapter_info', 'label': 'cdb0bfae-5794-4098-956b-f92dacaaec9d', 'context': [<snowplow_tracker.self_describing_json.SelfDescribingJson object at 0x000001BD5AD2DF50>]}
[0m07:01:16.610436 [info ] [MainThread]: Registered adapter: snowflake=1.11.5
[0m07:01:17.080154 [debug] [MainThread]: checksum: 30a8cc8fdcbf66701b0944d4ccce3fa46dd04b61e5df68b9f16d57b2e0e3f0be, vars: {}, profile: , target: , version: 1.11.11
[0m07:01:17.222774 [debug] [MainThread]: Partial parsing enabled: 0 files deleted, 0 files added, 1 files changed.
[0m07:01:17.223774 [debug] [MainThread]: Partial parsing: updated file: dbt_AI_financial_risk_project://models\gold\dim_product.sql
[0m07:01:17.478059 [debug] [MainThread]: Sending event: {'category': 'dbt', 'action': 'load_project', 'label': 'cdb0bfae-5794-4098-956b-f92dacaaec9d', 'context': [<snowplow_tracker.self_describing_json.SelfDescribingJson object at 0x000001BD6E958B10>]}
[0m07:01:17.555392 [debug] [MainThread]: Wrote artifact WritableManifest to C:\Users\guruv\Downloads\Data\Project\AI-Powered-Financial-Risk-Intelligence-Platform\dbt_AI_financial_risk_project\target\manifest.json
[0m07:01:17.557396 [debug] [MainThread]: Wrote artifact SemanticManifest to C:\Users\guruv\Downloads\Data\Project\AI-Powered-Financial-Risk-Intelligence-Platform\dbt_AI_financial_risk_project\target\semantic_manifest.json
[0m07:01:17.570262 [debug] [MainThread]: Sending event: {'category': 'dbt', 'action': 'resource_counts', 'label': 'cdb0bfae-5794-4098-956b-f92dacaaec9d', 'context': [<snowplow_tracker.self_describing_json.SelfDescribingJson object at 0x000001BD5B4C2610>]}
[0m07:01:17.570262 [info ] [MainThread]: Found 4 models, 4 data tests, 536 macros
[0m07:01:17.571269 [debug] [MainThread]: Sending event: {'category': 'dbt', 'action': 'runnable_timing', 'label': 'cdb0bfae-5794-4098-956b-f92dacaaec9d', 'context': [<snowplow_tracker.self_describing_json.SelfDescribingJson object at 0x000001BD6ED89FD0>]}
[0m07:01:17.573256 [info ] [MainThread]: 
[0m07:01:17.573256 [info ] [MainThread]: Concurrency: 4 threads (target='dev')
[0m07:01:17.574219 [info ] [MainThread]: 
[0m07:01:17.574219 [debug] [MainThread]: Acquiring new snowflake connection 'master'
[0m07:01:17.575650 [debug] [ThreadPool]: Acquiring new snowflake connection 'list_FINANCIAL_RISK_INTELLIGENCE'
[0m07:01:17.654477 [debug] [ThreadPool]: Using snowflake connection "list_FINANCIAL_RISK_INTELLIGENCE"
[0m07:01:17.655473 [debug] [ThreadPool]: On list_FINANCIAL_RISK_INTELLIGENCE: show terse schemas in database FINANCIAL_RISK_INTELLIGENCE
    limit 10000
/* {"app": "dbt", "dbt_version": "1.11.11", "profile_name": "dbt_AI_financial_risk_project", "target_name": "dev", "connection_name": "list_FINANCIAL_RISK_INTELLIGENCE"} */
[0m07:01:17.655473 [debug] [ThreadPool]: Opening a new connection, currently in state init
[0m07:01:19.768771 [debug] [ThreadPool]: SQL status: SUCCESS 8 in 2.113 seconds
[0m07:01:19.780980 [debug] [ThreadPool]: Acquiring new snowflake connection 'list_FINANCIAL_RISK_INTELLIGENCE_ANALYTICS_GOLD'
[0m07:01:19.781986 [debug] [ThreadPool]: Acquiring new snowflake connection 'list_FINANCIAL_RISK_INTELLIGENCE_ANALYTICS_SILVER'
[0m07:01:19.892250 [debug] [ThreadPool]: Using snowflake connection "list_FINANCIAL_RISK_INTELLIGENCE_ANALYTICS_GOLD"
[0m07:01:19.893210 [debug] [ThreadPool]: Acquiring new snowflake connection 'list_FINANCIAL_RISK_INTELLIGENCE_ANALYTICS'
[0m07:01:19.896252 [debug] [ThreadPool]: Using snowflake connection "list_FINANCIAL_RISK_INTELLIGENCE_ANALYTICS_SILVER"
[0m07:01:19.897249 [debug] [ThreadPool]: On list_FINANCIAL_RISK_INTELLIGENCE_ANALYTICS_GOLD: show objects in FINANCIAL_RISK_INTELLIGENCE.ANALYTICS_GOLD
    limit 10000
    

/* {"app": "dbt", "dbt_version": "1.11.11", "profile_name": "dbt_AI_financial_risk_project", "target_name": "dev", "connection_name": "list_FINANCIAL_RISK_INTELLIGENCE_ANALYTICS_GOLD"} */;
[0m07:01:19.901258 [debug] [ThreadPool]: Using snowflake connection "list_FINANCIAL_RISK_INTELLIGENCE_ANALYTICS"
[0m07:01:19.902208 [debug] [ThreadPool]: On list_FINANCIAL_RISK_INTELLIGENCE_ANALYTICS_SILVER: show objects in FINANCIAL_RISK_INTELLIGENCE.ANALYTICS_SILVER
    limit 10000
    

/* {"app": "dbt", "dbt_version": "1.11.11", "profile_name": "dbt_AI_financial_risk_project", "target_name": "dev", "connection_name": "list_FINANCIAL_RISK_INTELLIGENCE_ANALYTICS_SILVER"} */;
[0m07:01:19.902208 [debug] [ThreadPool]: Opening a new connection, currently in state init
[0m07:01:19.903251 [debug] [ThreadPool]: On list_FINANCIAL_RISK_INTELLIGENCE_ANALYTICS: show objects in FINANCIAL_RISK_INTELLIGENCE.ANALYTICS
    limit 10000
    

/* {"app": "dbt", "dbt_version": "1.11.11", "profile_name": "dbt_AI_financial_risk_project", "target_name": "dev", "connection_name": "list_FINANCIAL_RISK_INTELLIGENCE_ANALYTICS"} */;
[0m07:01:19.904213 [debug] [ThreadPool]: Opening a new connection, currently in state init
[0m07:01:19.905212 [debug] [ThreadPool]: Opening a new connection, currently in state init
[0m07:01:21.317033 [debug] [ThreadPool]: SQL status: SUCCESS 1 in 1.413 seconds
[0m07:01:21.512472 [debug] [ThreadPool]: SQL status: SUCCESS 6 in 1.607 seconds
[0m07:01:21.657463 [debug] [ThreadPool]: SQL status: SUCCESS 0 in 1.755 seconds
[0m07:01:21.666565 [debug] [MainThread]: Sending event: {'category': 'dbt', 'action': 'runnable_timing', 'label': 'cdb0bfae-5794-4098-956b-f92dacaaec9d', 'context': [<snowplow_tracker.self_describing_json.SelfDescribingJson object at 0x000001BD6E89F950>]}
[0m07:01:21.690753 [debug] [Thread-2 (]: Began running node model.dbt_AI_financial_risk_project.dim_product
[0m07:01:21.693807 [info ] [Thread-2 (]: 1 of 1 START sql table model ANALYTICS_GOLD.dim_product ........................ [RUN]
[0m07:01:21.695741 [debug] [Thread-2 (]: Acquiring new snowflake connection 'model.dbt_AI_financial_risk_project.dim_product'
[0m07:01:21.697740 [debug] [Thread-2 (]: Began compiling node model.dbt_AI_financial_risk_project.dim_product
[0m07:01:21.709735 [debug] [Thread-2 (]: Writing injected SQL for node "model.dbt_AI_financial_risk_project.dim_product"
[0m07:01:21.710734 [debug] [Thread-2 (]: Began executing node model.dbt_AI_financial_risk_project.dim_product
[0m07:01:21.743479 [debug] [Thread-2 (]: Writing runtime sql for node "model.dbt_AI_financial_risk_project.dim_product"
[0m07:01:21.744438 [debug] [Thread-2 (]: Using snowflake connection "model.dbt_AI_financial_risk_project.dim_product"
[0m07:01:21.745480 [debug] [Thread-2 (]: On model.dbt_AI_financial_risk_project.dim_product: create or replace transient table FINANCIAL_RISK_INTELLIGENCE.ANALYTICS_GOLD.dim_product
    
    
    
    as (

WITH unique_products AS (
    -- Point to the exact table dbt just successfully built
    SELECT DISTINCT product
    FROM FINANCIAL_RISK_INTELLIGENCE.ANALYTICS_SILVER.STG_COMPLAINTS
    WHERE product IS NOT NULL
)

SELECT
    ROW_NUMBER() OVER (ORDER BY product) AS product_key,
    product
FROM unique_products
    )

/* {"app": "dbt", "dbt_version": "1.11.11", "profile_name": "dbt_AI_financial_risk_project", "target_name": "dev", "node_id": "model.dbt_AI_financial_risk_project.dim_product"} */;
[0m07:01:21.746440 [debug] [Thread-2 (]: Opening a new connection, currently in state init
[0m07:01:24.650274 [debug] [Thread-2 (]: SQL status: SUCCESS 19 in 2.903 seconds
[0m07:01:24.681173 [debug] [Thread-2 (]: Sending event: {'category': 'dbt', 'action': 'run_model', 'label': 'cdb0bfae-5794-4098-956b-f92dacaaec9d', 'context': [<snowplow_tracker.self_describing_json.SelfDescribingJson object at 0x000001BD6E565610>]}
[0m07:01:24.681894 [info ] [Thread-2 (]: 1 of 1 OK created sql table model ANALYTICS_GOLD.dim_product ................... [[32mSUCCESS 19[0m in 2.98s]
[0m07:01:24.682894 [debug] [Thread-2 (]: Finished running node model.dbt_AI_financial_risk_project.dim_product
[0m07:01:24.683895 [debug] [MainThread]: Connection 'master' was properly closed.
[0m07:01:24.684894 [debug] [MainThread]: Connection 'list_FINANCIAL_RISK_INTELLIGENCE' was left open.
[0m07:01:24.685904 [debug] [MainThread]: On list_FINANCIAL_RISK_INTELLIGENCE: Close
[0m07:01:25.285004 [debug] [MainThread]: Connection 'list_FINANCIAL_RISK_INTELLIGENCE_ANALYTICS_GOLD' was left open.
[0m07:01:25.287001 [debug] [MainThread]: On list_FINANCIAL_RISK_INTELLIGENCE_ANALYTICS_GOLD: Close
[0m07:01:26.122594 [debug] [MainThread]: Connection 'list_FINANCIAL_RISK_INTELLIGENCE_ANALYTICS_SILVER' was left open.
[0m07:01:26.125541 [debug] [MainThread]: On list_FINANCIAL_RISK_INTELLIGENCE_ANALYTICS_SILVER: Close
[0m07:01:26.780825 [debug] [MainThread]: Connection 'list_FINANCIAL_RISK_INTELLIGENCE_ANALYTICS' was left open.
[0m07:01:26.783220 [debug] [MainThread]: On list_FINANCIAL_RISK_INTELLIGENCE_ANALYTICS: Close
[0m07:01:27.360603 [debug] [MainThread]: Connection 'model.dbt_AI_financial_risk_project.dim_product' was left open.
[0m07:01:27.363535 [debug] [MainThread]: On model.dbt_AI_financial_risk_project.dim_product: Close
[0m07:01:27.940169 [info ] [MainThread]: 
[0m07:01:27.944133 [info ] [MainThread]: Finished running 1 table model in 0 hours 0 minutes and 10.37 seconds (10.37s).
[0m07:01:27.948784 [debug] [MainThread]: Command end result
[0m07:01:27.993504 [debug] [MainThread]: Wrote artifact WritableManifest to C:\Users\guruv\Downloads\Data\Project\AI-Powered-Financial-Risk-Intelligence-Platform\dbt_AI_financial_risk_project\target\manifest.json
[0m07:01:27.996463 [debug] [MainThread]: Wrote artifact SemanticManifest to C:\Users\guruv\Downloads\Data\Project\AI-Powered-Financial-Risk-Intelligence-Platform\dbt_AI_financial_risk_project\target\semantic_manifest.json
[0m07:01:28.002600 [debug] [MainThread]: Wrote artifact RunExecutionResult to C:\Users\guruv\Downloads\Data\Project\AI-Powered-Financial-Risk-Intelligence-Platform\dbt_AI_financial_risk_project\target\run_results.json
[0m07:01:28.002600 [info ] [MainThread]: 
[0m07:01:28.003586 [info ] [MainThread]: [32mCompleted successfully[0m
[0m07:01:28.004600 [info ] [MainThread]: 
[0m07:01:28.004600 [info ] [MainThread]: Done. PASS=1 WARN=0 ERROR=0 SKIP=0 NO-OP=0 TOTAL=1
[0m07:01:28.005549 [debug] [MainThread]: Command `dbt run` succeeded at 07:01:28.005549 after 12.66 seconds
[0m07:01:28.006712 [debug] [MainThread]: Sending event: {'category': 'dbt', 'action': 'invocation', 'label': 'end', 'context': [<snowplow_tracker.self_describing_json.SelfDescribingJson object at 0x000001BD5CDF3ED0>, <snowplow_tracker.self_describing_json.SelfDescribingJson object at 0x000001BD5AE6E050>, <snowplow_tracker.self_describing_json.SelfDescribingJson object at 0x000001BD54F00510>]}
[0m07:01:28.006712 [debug] [MainThread]: Flushing usage events
[0m07:01:29.257347 [debug] [MainThread]: An error was encountered while trying to flush usage events
[0m07:07:07.286814 [debug] [MainThread]: Sending event: {'category': 'dbt', 'action': 'invocation', 'label': 'start', 'context': [<snowplow_tracker.self_describing_json.SelfDescribingJson object at 0x000001E4C60C7050>, <snowplow_tracker.self_describing_json.SelfDescribingJson object at 0x000001E4C501E210>, <snowplow_tracker.self_describing_json.SelfDescribingJson object at 0x000001E4C60C7B50>]}


============================== 07:07:07.290813 | 325f4ba9-1310-4c6a-9aba-6831c9f77e43 ==============================
[0m07:07:07.290813 [info ] [MainThread]: Running with dbt=1.11.11
[0m07:07:07.290813 [debug] [MainThread]: running dbt with arguments {'static_parser': 'True', 'no_print': 'None', 'version_check': 'True', 'warn_error_options': 'WarnErrorOptionsV2(error=[], warn=[], silence=[])', 'target_path': 'None', 'printer_width': '80', 'write_json': 'True', 'introspect': 'True', 'log_cache_events': 'False', 'empty': 'False', 'cache_selected_only': 'False', 'fail_fast': 'False', 'debug': 'False', 'log_format': 'default', 'profiles_dir': '.', 'send_anonymous_usage_stats': 'True', 'quiet': 'False', 'warn_error': 'None', 'partial_parse': 'True', 'invocation_command': 'dbt run --select stg_complaints --profiles-dir .', 'use_colors': 'True', 'indirect_selection': 'eager', 'use_experimental_parser': 'False', 'log_path': 'C:\\Users\\guruv\\Downloads\\Data\\Project\\AI-Powered-Financial-Risk-Intelligence-Platform\\dbt_AI_financial_risk_project\\logs'}
[0m07:07:08.175147 [debug] [MainThread]: Snowflake adapter: Setting snowflake.connector to ERROR (file logging only)
[0m07:07:08.176146 [debug] [MainThread]: Snowflake adapter: Setting botocore to ERROR (file logging only)
[0m07:07:08.177146 [debug] [MainThread]: Snowflake adapter: Setting boto3 to ERROR (file logging only)
[0m07:07:08.381300 [debug] [MainThread]: Sending event: {'category': 'dbt', 'action': 'project_id', 'label': '325f4ba9-1310-4c6a-9aba-6831c9f77e43', 'context': [<snowplow_tracker.self_describing_json.SelfDescribingJson object at 0x000001E4C4094410>]}
[0m07:07:08.438306 [debug] [MainThread]: Sending event: {'category': 'dbt', 'action': 'adapter_info', 'label': '325f4ba9-1310-4c6a-9aba-6831c9f77e43', 'context': [<snowplow_tracker.self_describing_json.SelfDescribingJson object at 0x000001E4C3FEE110>]}
[0m07:07:08.440604 [info ] [MainThread]: Registered adapter: snowflake=1.11.5
[0m07:07:08.877286 [debug] [MainThread]: checksum: 30a8cc8fdcbf66701b0944d4ccce3fa46dd04b61e5df68b9f16d57b2e0e3f0be, vars: {}, profile: , target: , version: 1.11.11
[0m07:07:09.031915 [debug] [MainThread]: Partial parsing enabled: 0 files deleted, 0 files added, 1 files changed.
[0m07:07:09.032915 [debug] [MainThread]: Partial parsing: updated file: dbt_AI_financial_risk_project://models\silver\stg_complaints.sql
[0m07:07:09.279722 [debug] [MainThread]: Sending event: {'category': 'dbt', 'action': 'load_project', 'label': '325f4ba9-1310-4c6a-9aba-6831c9f77e43', 'context': [<snowplow_tracker.self_describing_json.SelfDescribingJson object at 0x000001E4D7FCCFD0>]}
[0m07:07:09.357200 [debug] [MainThread]: Wrote artifact WritableManifest to C:\Users\guruv\Downloads\Data\Project\AI-Powered-Financial-Risk-Intelligence-Platform\dbt_AI_financial_risk_project\target\manifest.json
[0m07:07:09.360148 [debug] [MainThread]: Wrote artifact SemanticManifest to C:\Users\guruv\Downloads\Data\Project\AI-Powered-Financial-Risk-Intelligence-Platform\dbt_AI_financial_risk_project\target\semantic_manifest.json
[0m07:07:09.370513 [debug] [MainThread]: Sending event: {'category': 'dbt', 'action': 'resource_counts', 'label': '325f4ba9-1310-4c6a-9aba-6831c9f77e43', 'context': [<snowplow_tracker.self_describing_json.SelfDescribingJson object at 0x000001E4D7CF91D0>]}
[0m07:07:09.371515 [info ] [MainThread]: Found 4 models, 4 data tests, 536 macros
[0m07:07:09.372513 [debug] [MainThread]: Sending event: {'category': 'dbt', 'action': 'runnable_timing', 'label': '325f4ba9-1310-4c6a-9aba-6831c9f77e43', 'context': [<snowplow_tracker.self_describing_json.SelfDescribingJson object at 0x000001E4D805A110>]}
[0m07:07:09.373514 [info ] [MainThread]: 
[0m07:07:09.374513 [info ] [MainThread]: Concurrency: 4 threads (target='dev')
[0m07:07:09.374513 [info ] [MainThread]: 
[0m07:07:09.375946 [debug] [MainThread]: Acquiring new snowflake connection 'master'
[0m07:07:09.376946 [debug] [ThreadPool]: Acquiring new snowflake connection 'list_FINANCIAL_RISK_INTELLIGENCE'
[0m07:07:09.459028 [debug] [ThreadPool]: Using snowflake connection "list_FINANCIAL_RISK_INTELLIGENCE"
[0m07:07:09.459028 [debug] [ThreadPool]: On list_FINANCIAL_RISK_INTELLIGENCE: show terse schemas in database FINANCIAL_RISK_INTELLIGENCE
    limit 10000
/* {"app": "dbt", "dbt_version": "1.11.11", "profile_name": "dbt_AI_financial_risk_project", "target_name": "dev", "connection_name": "list_FINANCIAL_RISK_INTELLIGENCE"} */
[0m07:07:09.460029 [debug] [ThreadPool]: Opening a new connection, currently in state init
[0m07:07:11.276267 [debug] [ThreadPool]: SQL status: SUCCESS 6 in 1.816 seconds
[0m07:07:11.287155 [debug] [ThreadPool]: Acquiring new snowflake connection 'list_FINANCIAL_RISK_INTELLIGENCE_ANALYTICS_SILVER'
[0m07:07:11.288151 [debug] [ThreadPool]: Acquiring new snowflake connection 'list_FINANCIAL_RISK_INTELLIGENCE_ANALYTICS'
[0m07:07:11.374635 [debug] [ThreadPool]: Acquiring new snowflake connection 'list_FINANCIAL_RISK_INTELLIGENCE_ANALYTICS_GOLD'
[0m07:07:11.399633 [debug] [ThreadPool]: Using snowflake connection "list_FINANCIAL_RISK_INTELLIGENCE_ANALYTICS_SILVER"
[0m07:07:11.403631 [debug] [ThreadPool]: Using snowflake connection "list_FINANCIAL_RISK_INTELLIGENCE_ANALYTICS"
[0m07:07:11.407631 [debug] [ThreadPool]: Using snowflake connection "list_FINANCIAL_RISK_INTELLIGENCE_ANALYTICS_GOLD"
[0m07:07:11.408163 [debug] [ThreadPool]: On list_FINANCIAL_RISK_INTELLIGENCE_ANALYTICS_SILVER: show objects in FINANCIAL_RISK_INTELLIGENCE.ANALYTICS_SILVER
    limit 10000
    

/* {"app": "dbt", "dbt_version": "1.11.11", "profile_name": "dbt_AI_financial_risk_project", "target_name": "dev", "connection_name": "list_FINANCIAL_RISK_INTELLIGENCE_ANALYTICS_SILVER"} */;
[0m07:07:11.409171 [debug] [ThreadPool]: On list_FINANCIAL_RISK_INTELLIGENCE_ANALYTICS: show objects in FINANCIAL_RISK_INTELLIGENCE.ANALYTICS
    limit 10000
    

/* {"app": "dbt", "dbt_version": "1.11.11", "profile_name": "dbt_AI_financial_risk_project", "target_name": "dev", "connection_name": "list_FINANCIAL_RISK_INTELLIGENCE_ANALYTICS"} */;
[0m07:07:11.409171 [debug] [ThreadPool]: On list_FINANCIAL_RISK_INTELLIGENCE_ANALYTICS_GOLD: show objects in FINANCIAL_RISK_INTELLIGENCE.ANALYTICS_GOLD
    limit 10000
    

/* {"app": "dbt", "dbt_version": "1.11.11", "profile_name": "dbt_AI_financial_risk_project", "target_name": "dev", "connection_name": "list_FINANCIAL_RISK_INTELLIGENCE_ANALYTICS_GOLD"} */;
[0m07:07:11.410258 [debug] [ThreadPool]: Opening a new connection, currently in state init
[0m07:07:11.411316 [debug] [ThreadPool]: Opening a new connection, currently in state init
[0m07:07:11.411316 [debug] [ThreadPool]: Opening a new connection, currently in state init
[0m07:07:13.040157 [debug] [ThreadPool]: SQL status: SUCCESS 0 in 1.630 seconds
[0m07:07:13.044163 [debug] [ThreadPool]: SQL status: SUCCESS 0 in 1.633 seconds
[0m07:07:13.426139 [debug] [ThreadPool]: SQL status: SUCCESS 6 in 2.015 seconds
[0m07:07:13.440072 [debug] [MainThread]: Sending event: {'category': 'dbt', 'action': 'runnable_timing', 'label': '325f4ba9-1310-4c6a-9aba-6831c9f77e43', 'context': [<snowplow_tracker.self_describing_json.SelfDescribingJson object at 0x000001E4D83AED10>]}
[0m07:07:13.450222 [debug] [Thread-2 (]: Began running node model.dbt_AI_financial_risk_project.stg_complaints
[0m07:07:13.452179 [info ] [Thread-2 (]: 1 of 1 START sql table model ANALYTICS_SILVER.stg_complaints ................... [RUN]
[0m07:07:13.454225 [debug] [Thread-2 (]: Acquiring new snowflake connection 'model.dbt_AI_financial_risk_project.stg_complaints'
[0m07:07:13.456176 [debug] [Thread-2 (]: Began compiling node model.dbt_AI_financial_risk_project.stg_complaints
[0m07:07:13.471301 [debug] [Thread-2 (]: Writing injected SQL for node "model.dbt_AI_financial_risk_project.stg_complaints"
[0m07:07:13.473302 [debug] [Thread-2 (]: Began executing node model.dbt_AI_financial_risk_project.stg_complaints
[0m07:07:13.512415 [debug] [Thread-2 (]: Writing runtime sql for node "model.dbt_AI_financial_risk_project.stg_complaints"
[0m07:07:13.514466 [debug] [Thread-2 (]: Using snowflake connection "model.dbt_AI_financial_risk_project.stg_complaints"
[0m07:07:13.515457 [debug] [Thread-2 (]: On model.dbt_AI_financial_risk_project.stg_complaints: create or replace transient table FINANCIAL_RISK_INTELLIGENCE.ANALYTICS_SILVER.stg_complaints
    
    
    
    as (""""""

WITH source_data AS (
    SELECT *
    -- Pointing directly to the database.schema.table where the raw complaints data lives
    FROM FINANCIAL_RISK_INTELLIGENCE.RAW.RAW_COMPLAINTS
),

-- cleaning steps to filter out records with missing critical fields and standardize text formatting
cleaned_data AS (
    SELECT *
    FROM source_data
    WHERE COMPLAINT_ID IS NOT NULL
      AND DATE_RECEIVED IS NOT NULL
),

-- deduplication step to retain only the most recent record for each unique complaint based on COMPLAINT_ID and DATE_RECEIVED
deduplicated AS (
    SELECT *
    FROM cleaned_data
    QUALIFY ROW_NUMBER() OVER (
        PARTITION BY COMPLAINT_ID
        ORDER BY DATE_RECEIVED DESC
    ) = 1
)

-- final selection and transformation to conform to the desired schema for the stg_complaints table
SELECT
    CAST(COMPLAINT_ID AS NUMBER)                          AS complaint_id,
    TO_DATE(DATE_RECEIVED)                                AS date_received,
    TRIM(PRODUCT)                                         AS product,
    TRIM(SUB_PRODUCT)                                     AS sub_product,
    TRIM(ISSUE)                                           AS issue,
    TRIM(SUB_ISSUE)                                       AS sub_issue,
    CONSUMER_COMPLAINT_NARRATIVE                          AS consumer_complaint_narrative,
    TRIM(COMPANY_PUBLIC_RESPONSE)                         AS company_public_response,
    UPPER(TRIM(COMPANY))                                  AS company,
    UPPER(TRIM(STATE))                                    AS state,
    TRIM(ZIP_CODE)                                        AS zip_code,
    TRIM(TAGS)                                            AS tags,
    TRIM(CONSUMER_CONSENT_PROVIDED)                       AS consumer_consent_provided,
    TRIM(SUBMITTED_VIA)                                   AS submitted_via,
    TO_DATE(DATE_SENT_TO_COMPANY)                         AS date_sent_to_company,
    TRIM(COMPANY_RESPONSE_TO_CONSUMER)                    AS company_response_to_consumer,
    TRIM(TIMELY_RESPONSE)                                 AS timely_response,
    TRIM(CONSUMER_DISPUTED)                               AS consumer_disputed
FROM deduplicated
    )

/* {"app": "dbt", "dbt_version": "1.11.11", "profile_name": "dbt_AI_financial_risk_project", "target_name": "dev", "node_id": "model.dbt_AI_financial_risk_project.stg_complaints"} */;
[0m07:07:13.516428 [debug] [Thread-2 (]: Opening a new connection, currently in state init
[0m07:07:14.882743 [debug] [Thread-2 (]: Snowflake adapter: Snowflake query id: 01c4c75b-0309-1f78-002e-65ff0004e23e
[0m07:07:14.885738 [debug] [Thread-2 (]: Snowflake adapter: Snowflake error: 001003 (42000): SQL compilation error:
syntax error line 5 at position 8 unexpected '""""""'.
syntax error line 11 at position 1 unexpected ','.
[0m07:07:14.898725 [debug] [Thread-2 (]: Database Error in model stg_complaints (models\silver\stg_complaints.sql)
  001003 (42000): SQL compilation error:
  syntax error line 5 at position 8 unexpected '""""""'.
  syntax error line 11 at position 1 unexpected ','.
  compiled code at target\run\dbt_AI_financial_risk_project\models\silver\stg_complaints.sql
[0m07:07:14.902718 [debug] [Thread-2 (]: Sending event: {'category': 'dbt', 'action': 'run_model', 'label': '325f4ba9-1310-4c6a-9aba-6831c9f77e43', 'context': [<snowplow_tracker.self_describing_json.SelfDescribingJson object at 0x000001E4D7726110>]}
[0m07:07:14.904667 [error] [Thread-2 (]: 1 of 1 ERROR creating sql table model ANALYTICS_SILVER.stg_complaints .......... [[31mERROR[0m in 1.45s]
[0m07:07:14.906745 [debug] [Thread-2 (]: Finished running node model.dbt_AI_financial_risk_project.stg_complaints
[0m07:07:14.907799 [debug] [Thread-8 (]: Marking all children of 'model.dbt_AI_financial_risk_project.stg_complaints' to be skipped because of status 'error'.  Reason: Database Error in model stg_complaints (models\silver\stg_complaints.sql)
  001003 (42000): SQL compilation error:
  syntax error line 5 at position 8 unexpected '""""""'.
  syntax error line 11 at position 1 unexpected ','.
  compiled code at target\run\dbt_AI_financial_risk_project\models\silver\stg_complaints.sql.
[0m07:07:14.911744 [debug] [MainThread]: Connection 'master' was properly closed.
[0m07:07:14.912737 [debug] [MainThread]: Connection 'list_FINANCIAL_RISK_INTELLIGENCE' was left open.
[0m07:07:14.913737 [debug] [MainThread]: On list_FINANCIAL_RISK_INTELLIGENCE: Close
[0m07:07:15.566763 [debug] [MainThread]: Connection 'list_FINANCIAL_RISK_INTELLIGENCE_ANALYTICS_SILVER' was left open.
[0m07:07:15.569751 [debug] [MainThread]: On list_FINANCIAL_RISK_INTELLIGENCE_ANALYTICS_SILVER: Close
[0m07:07:16.168437 [debug] [MainThread]: Connection 'list_FINANCIAL_RISK_INTELLIGENCE_ANALYTICS' was left open.
[0m07:07:16.170427 [debug] [MainThread]: On list_FINANCIAL_RISK_INTELLIGENCE_ANALYTICS: Close
[0m07:07:16.781780 [debug] [MainThread]: Connection 'list_FINANCIAL_RISK_INTELLIGENCE_ANALYTICS_GOLD' was left open.
[0m07:07:16.782777 [debug] [MainThread]: On list_FINANCIAL_RISK_INTELLIGENCE_ANALYTICS_GOLD: Close
[0m07:07:17.354911 [debug] [MainThread]: Connection 'model.dbt_AI_financial_risk_project.stg_complaints' was left open.
[0m07:07:17.355848 [debug] [MainThread]: On model.dbt_AI_financial_risk_project.stg_complaints: Close
[0m07:07:17.966007 [info ] [MainThread]: 
[0m07:07:17.968959 [info ] [MainThread]: Finished running 1 table model in 0 hours 0 minutes and 8.59 seconds (8.59s).
[0m07:07:17.973012 [debug] [MainThread]: Command end result
[0m07:07:18.035936 [debug] [MainThread]: Wrote artifact WritableManifest to C:\Users\guruv\Downloads\Data\Project\AI-Powered-Financial-Risk-Intelligence-Platform\dbt_AI_financial_risk_project\target\manifest.json
[0m07:07:18.038937 [debug] [MainThread]: Wrote artifact SemanticManifest to C:\Users\guruv\Downloads\Data\Project\AI-Powered-Financial-Risk-Intelligence-Platform\dbt_AI_financial_risk_project\target\semantic_manifest.json
[0m07:07:18.044973 [debug] [MainThread]: Wrote artifact RunExecutionResult to C:\Users\guruv\Downloads\Data\Project\AI-Powered-Financial-Risk-Intelligence-Platform\dbt_AI_financial_risk_project\target\run_results.json
[0m07:07:18.044973 [info ] [MainThread]: 
[0m07:07:18.045991 [info ] [MainThread]: [31mCompleted with 1 error, 0 partial successes, and 0 warnings:[0m
[0m07:07:18.046935 [info ] [MainThread]: 
[0m07:07:18.046935 [error] [MainThread]: [31mFailure in model stg_complaints (models\silver\stg_complaints.sql)[0m
[0m07:07:18.047936 [error] [MainThread]:   Database Error in model stg_complaints (models\silver\stg_complaints.sql)
  001003 (42000): SQL compilation error:
  syntax error line 5 at position 8 unexpected '""""""'.
  syntax error line 11 at position 1 unexpected ','.
  compiled code at target\run\dbt_AI_financial_risk_project\models\silver\stg_complaints.sql
[0m07:07:18.048937 [info ] [MainThread]: 
[0m07:07:18.048937 [info ] [MainThread]:   compiled code at target\compiled\dbt_AI_financial_risk_project\models\silver\stg_complaints.sql
[0m07:07:18.049969 [info ] [MainThread]: 
[0m07:07:18.050939 [info ] [MainThread]: Done. PASS=0 WARN=0 ERROR=1 SKIP=0 NO-OP=0 TOTAL=1
[0m07:07:18.052288 [debug] [MainThread]: Command `dbt run` failed at 07:07:18.050939 after 10.86 seconds
[0m07:07:18.052288 [debug] [MainThread]: Sending event: {'category': 'dbt', 'action': 'invocation', 'label': 'end', 'context': [<snowplow_tracker.self_describing_json.SelfDescribingJson object at 0x000001E4BE4AA950>, <snowplow_tracker.self_describing_json.SelfDescribingJson object at 0x000001E4C0E3EB50>, <snowplow_tracker.self_describing_json.SelfDescribingJson object at 0x000001E4C0E3DA10>]}
[0m07:07:18.053300 [debug] [MainThread]: Flushing usage events
[0m07:07:20.354492 [debug] [MainThread]: An error was encountered while trying to flush usage events
[0m07:10:00.496418 [debug] [MainThread]: Sending event: {'category': 'dbt', 'action': 'invocation', 'label': 'start', 'context': [<snowplow_tracker.self_describing_json.SelfDescribingJson object at 0x000001E3429BD650>, <snowplow_tracker.self_describing_json.SelfDescribingJson object at 0x000001E34193FE50>, <snowplow_tracker.self_describing_json.SelfDescribingJson object at 0x000001E34193FAD0>]}


============================== 07:10:00.499468 | 0e6ad6a2-116d-4070-8bb5-7a0cf0c48094 ==============================
[0m07:10:00.499468 [info ] [MainThread]: Running with dbt=1.11.11
[0m07:10:00.500471 [debug] [MainThread]: running dbt with arguments {'static_parser': 'True', 'no_print': 'None', 'version_check': 'True', 'warn_error_options': 'WarnErrorOptionsV2(error=[], warn=[], silence=[])', 'target_path': 'None', 'printer_width': '80', 'write_json': 'True', 'introspect': 'True', 'log_cache_events': 'False', 'empty': 'False', 'cache_selected_only': 'False', 'fail_fast': 'False', 'debug': 'False', 'log_format': 'default', 'profiles_dir': '.', 'send_anonymous_usage_stats': 'True', 'quiet': 'False', 'warn_error': 'None', 'partial_parse': 'True', 'indirect_selection': 'eager', 'invocation_command': 'dbt run --select stg_complaints --profiles-dir .', 'use_colors': 'True', 'use_experimental_parser': 'False', 'log_path': 'C:\\Users\\guruv\\Downloads\\Data\\Project\\AI-Powered-Financial-Risk-Intelligence-Platform\\dbt_AI_financial_risk_project\\logs'}
[0m07:10:01.467371 [debug] [MainThread]: Snowflake adapter: Setting snowflake.connector to ERROR (file logging only)
[0m07:10:01.467876 [debug] [MainThread]: Snowflake adapter: Setting botocore to ERROR (file logging only)
[0m07:10:01.468883 [debug] [MainThread]: Snowflake adapter: Setting boto3 to ERROR (file logging only)
[0m07:10:01.679420 [debug] [MainThread]: Sending event: {'category': 'dbt', 'action': 'project_id', 'label': '0e6ad6a2-116d-4070-8bb5-7a0cf0c48094', 'context': [<snowplow_tracker.self_describing_json.SelfDescribingJson object at 0x000001E354293FD0>]}
[0m07:10:01.737935 [debug] [MainThread]: Sending event: {'category': 'dbt', 'action': 'adapter_info', 'label': '0e6ad6a2-116d-4070-8bb5-7a0cf0c48094', 'context': [<snowplow_tracker.self_describing_json.SelfDescribingJson object at 0x000001E3409CE210>]}
[0m07:10:01.739205 [info ] [MainThread]: Registered adapter: snowflake=1.11.5
[0m07:10:02.176406 [debug] [MainThread]: checksum: 30a8cc8fdcbf66701b0944d4ccce3fa46dd04b61e5df68b9f16d57b2e0e3f0be, vars: {}, profile: , target: , version: 1.11.11
[0m07:10:02.327352 [debug] [MainThread]: Partial parsing enabled: 0 files deleted, 0 files added, 1 files changed.
[0m07:10:02.328357 [debug] [MainThread]: Partial parsing: updated file: dbt_AI_financial_risk_project://models\silver\stg_complaints.sql
[0m07:10:02.577267 [debug] [MainThread]: Sending event: {'category': 'dbt', 'action': 'load_project', 'label': '0e6ad6a2-116d-4070-8bb5-7a0cf0c48094', 'context': [<snowplow_tracker.self_describing_json.SelfDescribingJson object at 0x000001E3545DD750>]}
[0m07:10:02.656576 [debug] [MainThread]: Wrote artifact WritableManifest to C:\Users\guruv\Downloads\Data\Project\AI-Powered-Financial-Risk-Intelligence-Platform\dbt_AI_financial_risk_project\target\manifest.json
[0m07:10:02.659532 [debug] [MainThread]: Wrote artifact SemanticManifest to C:\Users\guruv\Downloads\Data\Project\AI-Powered-Financial-Risk-Intelligence-Platform\dbt_AI_financial_risk_project\target\semantic_manifest.json
[0m07:10:02.669600 [debug] [MainThread]: Sending event: {'category': 'dbt', 'action': 'resource_counts', 'label': '0e6ad6a2-116d-4070-8bb5-7a0cf0c48094', 'context': [<snowplow_tracker.self_describing_json.SelfDescribingJson object at 0x000001E3546F5710>]}
[0m07:10:02.670979 [info ] [MainThread]: Found 4 models, 4 data tests, 536 macros
[0m07:10:02.671484 [debug] [MainThread]: Sending event: {'category': 'dbt', 'action': 'runnable_timing', 'label': '0e6ad6a2-116d-4070-8bb5-7a0cf0c48094', 'context': [<snowplow_tracker.self_describing_json.SelfDescribingJson object at 0x000001E3548A9610>]}
[0m07:10:02.672491 [info ] [MainThread]: 
[0m07:10:02.673528 [info ] [MainThread]: Concurrency: 4 threads (target='dev')
[0m07:10:02.674503 [info ] [MainThread]: 
[0m07:10:02.674503 [debug] [MainThread]: Acquiring new snowflake connection 'master'
[0m07:10:02.676035 [debug] [ThreadPool]: Acquiring new snowflake connection 'list_FINANCIAL_RISK_INTELLIGENCE'
[0m07:10:02.756945 [debug] [ThreadPool]: Using snowflake connection "list_FINANCIAL_RISK_INTELLIGENCE"
[0m07:10:02.756945 [debug] [ThreadPool]: On list_FINANCIAL_RISK_INTELLIGENCE: show terse schemas in database FINANCIAL_RISK_INTELLIGENCE
    limit 10000
/* {"app": "dbt", "dbt_version": "1.11.11", "profile_name": "dbt_AI_financial_risk_project", "target_name": "dev", "connection_name": "list_FINANCIAL_RISK_INTELLIGENCE"} */
[0m07:10:02.757946 [debug] [ThreadPool]: Opening a new connection, currently in state init
[0m07:10:05.605100 [debug] [ThreadPool]: SQL status: SUCCESS 6 in 2.847 seconds
[0m07:10:05.627301 [debug] [ThreadPool]: Acquiring new snowflake connection 'list_FINANCIAL_RISK_INTELLIGENCE_ANALYTICS_GOLD'
[0m07:10:05.711838 [debug] [ThreadPool]: Acquiring new snowflake connection 'list_FINANCIAL_RISK_INTELLIGENCE_ANALYTICS'
[0m07:10:05.735965 [debug] [ThreadPool]: Using snowflake connection "list_FINANCIAL_RISK_INTELLIGENCE_ANALYTICS_GOLD"
[0m07:10:05.739960 [debug] [ThreadPool]: Using snowflake connection "list_FINANCIAL_RISK_INTELLIGENCE_ANALYTICS"
[0m07:10:05.740966 [debug] [ThreadPool]: On list_FINANCIAL_RISK_INTELLIGENCE_ANALYTICS_GOLD: show objects in FINANCIAL_RISK_INTELLIGENCE.ANALYTICS_GOLD
    limit 10000
    

/* {"app": "dbt", "dbt_version": "1.11.11", "profile_name": "dbt_AI_financial_risk_project", "target_name": "dev", "connection_name": "list_FINANCIAL_RISK_INTELLIGENCE_ANALYTICS_GOLD"} */;
[0m07:10:05.741962 [debug] [ThreadPool]: On list_FINANCIAL_RISK_INTELLIGENCE_ANALYTICS: show objects in FINANCIAL_RISK_INTELLIGENCE.ANALYTICS
    limit 10000
    

/* {"app": "dbt", "dbt_version": "1.11.11", "profile_name": "dbt_AI_financial_risk_project", "target_name": "dev", "connection_name": "list_FINANCIAL_RISK_INTELLIGENCE_ANALYTICS"} */;
[0m07:10:05.742923 [debug] [ThreadPool]: Opening a new connection, currently in state init
[0m07:10:05.742923 [debug] [ThreadPool]: Opening a new connection, currently in state init
[0m07:10:07.565267 [debug] [ThreadPool]: SQL status: SUCCESS 0 in 1.823 seconds
[0m07:10:08.172958 [debug] [ThreadPool]: SQL status: SUCCESS 6 in 2.429 seconds
[0m07:10:08.185906 [debug] [MainThread]: Sending event: {'category': 'dbt', 'action': 'runnable_timing', 'label': '0e6ad6a2-116d-4070-8bb5-7a0cf0c48094', 'context': [<snowplow_tracker.self_describing_json.SelfDescribingJson object at 0x000001E3548B8790>]}
[0m07:10:08.195943 [debug] [Thread-2 (]: Began running node model.dbt_AI_financial_risk_project.stg_complaints
[0m07:10:08.197961 [info ] [Thread-2 (]: 1 of 1 START sql view model ANALYTICS.stg_complaints ........................... [RUN]
[0m07:10:08.200342 [debug] [Thread-2 (]: Acquiring new snowflake connection 'model.dbt_AI_financial_risk_project.stg_complaints'
[0m07:10:08.201372 [debug] [Thread-2 (]: Began compiling node model.dbt_AI_financial_risk_project.stg_complaints
[0m07:10:08.217484 [debug] [Thread-2 (]: Writing injected SQL for node "model.dbt_AI_financial_risk_project.stg_complaints"
[0m07:10:08.219487 [debug] [Thread-2 (]: Began executing node model.dbt_AI_financial_risk_project.stg_complaints
[0m07:10:08.254015 [debug] [Thread-2 (]: Writing runtime sql for node "model.dbt_AI_financial_risk_project.stg_complaints"
[0m07:10:08.257013 [debug] [Thread-2 (]: Using snowflake connection "model.dbt_AI_financial_risk_project.stg_complaints"
[0m07:10:08.258032 [debug] [Thread-2 (]: On model.dbt_AI_financial_risk_project.stg_complaints: create or replace   view FINANCIAL_RISK_INTELLIGENCE.ANALYTICS.stg_complaints
  
  
  
  
  as (
    WITH source_data AS (
    SELECT *
    -- Pointing directly to the database.schema.table where the raw complaints data lives
    FROM FINANCIAL_RISK_INTELLIGENCE.RAW.RAW_COMPLAINTS
),

-- cleaning steps to filter out records with missing critical fields and standardize text formatting
cleaned_data AS (
    SELECT *
    FROM source_data
    WHERE COMPLAINT_ID IS NOT NULL
      AND DATE_RECEIVED IS NOT NULL
),

-- deduplication step to retain only the most recent record for each unique complaint based on COMPLAINT_ID and DATE_RECEIVED
deduplicated AS (
    SELECT *
    FROM cleaned_data
    QUALIFY ROW_NUMBER() OVER (
        PARTITION BY COMPLAINT_ID
        ORDER BY DATE_RECEIVED DESC
    ) = 1
)

-- final selection and transformation to conform to the desired schema for the stg_complaints table
SELECT
    CAST(COMPLAINT_ID AS NUMBER)                          AS complaint_id,
    TO_DATE(DATE_RECEIVED)                                AS date_received,
    TRIM(PRODUCT)                                         AS product,
    TRIM(SUB_PRODUCT)                                     AS sub_product,
    TRIM(ISSUE)                                           AS issue,
    TRIM(SUB_ISSUE)                                       AS sub_issue,
    CONSUMER_COMPLAINT_NARRATIVE                          AS consumer_complaint_narrative,
    TRIM(COMPANY_PUBLIC_RESPONSE)                         AS company_public_response,
    UPPER(TRIM(COMPANY))                                  AS company,
    UPPER(TRIM(STATE))                                    AS state,
    TRIM(ZIP_CODE)                                        AS zip_code,
    TRIM(TAGS)                                            AS tags,
    TRIM(CONSUMER_CONSENT_PROVIDED)                       AS consumer_consent_provided,
    TRIM(SUBMITTED_VIA)                                   AS submitted_via,
    TO_DATE(DATE_SENT_TO_COMPANY)                         AS date_sent_to_company,
    TRIM(COMPANY_RESPONSE_TO_CONSUMER)                    AS company_response_to_consumer,
    TRIM(TIMELY_RESPONSE)                                 AS timely_response,
    TRIM(CONSUMER_DISPUTED)                               AS consumer_disputed
FROM deduplicated
  )
/* {"app": "dbt", "dbt_version": "1.11.11", "profile_name": "dbt_AI_financial_risk_project", "target_name": "dev", "node_id": "model.dbt_AI_financial_risk_project.stg_complaints"} */;
[0m07:10:08.258032 [debug] [Thread-2 (]: Opening a new connection, currently in state init
[0m07:10:10.808212 [debug] [Thread-2 (]: SQL status: SUCCESS 1 in 2.549 seconds
[0m07:10:10.854229 [debug] [Thread-2 (]: Sending event: {'category': 'dbt', 'action': 'run_model', 'label': '0e6ad6a2-116d-4070-8bb5-7a0cf0c48094', 'context': [<snowplow_tracker.self_describing_json.SelfDescribingJson object at 0x000001E33E386ED0>]}
[0m07:10:10.855237 [info ] [Thread-2 (]: 1 of 1 OK created sql view model ANALYTICS.stg_complaints ...................... [[32mSUCCESS 1[0m in 2.65s]
[0m07:10:10.856239 [debug] [Thread-2 (]: Finished running node model.dbt_AI_financial_risk_project.stg_complaints
[0m07:10:10.858237 [debug] [MainThread]: Connection 'master' was properly closed.
[0m07:10:10.858237 [debug] [MainThread]: Connection 'list_FINANCIAL_RISK_INTELLIGENCE' was left open.
[0m07:10:10.859236 [debug] [MainThread]: On list_FINANCIAL_RISK_INTELLIGENCE: Close
[0m07:10:11.477858 [debug] [MainThread]: Connection 'list_FINANCIAL_RISK_INTELLIGENCE_ANALYTICS_GOLD' was left open.
[0m07:10:11.479823 [debug] [MainThread]: On list_FINANCIAL_RISK_INTELLIGENCE_ANALYTICS_GOLD: Close
[0m07:10:12.074001 [debug] [MainThread]: Connection 'list_FINANCIAL_RISK_INTELLIGENCE_ANALYTICS' was left open.
[0m07:10:12.075984 [debug] [MainThread]: On list_FINANCIAL_RISK_INTELLIGENCE_ANALYTICS: Close
[0m07:10:12.761611 [debug] [MainThread]: Connection 'model.dbt_AI_financial_risk_project.stg_complaints' was left open.
[0m07:10:12.764541 [debug] [MainThread]: On model.dbt_AI_financial_risk_project.stg_complaints: Close
[0m07:10:13.413225 [info ] [MainThread]: 
[0m07:10:13.416176 [info ] [MainThread]: Finished running 1 view model in 0 hours 0 minutes and 10.74 seconds (10.74s).
[0m07:10:13.418616 [debug] [MainThread]: Command end result
[0m07:10:13.474552 [debug] [MainThread]: Wrote artifact WritableManifest to C:\Users\guruv\Downloads\Data\Project\AI-Powered-Financial-Risk-Intelligence-Platform\dbt_AI_financial_risk_project\target\manifest.json
[0m07:10:13.477551 [debug] [MainThread]: Wrote artifact SemanticManifest to C:\Users\guruv\Downloads\Data\Project\AI-Powered-Financial-Risk-Intelligence-Platform\dbt_AI_financial_risk_project\target\semantic_manifest.json
[0m07:10:13.483511 [debug] [MainThread]: Wrote artifact RunExecutionResult to C:\Users\guruv\Downloads\Data\Project\AI-Powered-Financial-Risk-Intelligence-Platform\dbt_AI_financial_risk_project\target\run_results.json
[0m07:10:13.484534 [info ] [MainThread]: 
[0m07:10:13.484534 [info ] [MainThread]: [32mCompleted successfully[0m
[0m07:10:13.485533 [info ] [MainThread]: 
[0m07:10:13.486547 [info ] [MainThread]: Done. PASS=1 WARN=0 ERROR=0 SKIP=0 NO-OP=0 TOTAL=1
[0m07:10:13.487534 [debug] [MainThread]: Command `dbt run` succeeded at 07:10:13.487534 after 13.09 seconds
[0m07:10:13.488533 [debug] [MainThread]: Sending event: {'category': 'dbt', 'action': 'invocation', 'label': 'end', 'context': [<snowplow_tracker.self_describing_json.SelfDescribingJson object at 0x000001E342A97C10>, <snowplow_tracker.self_describing_json.SelfDescribingJson object at 0x000001E342A97E10>, <snowplow_tracker.self_describing_json.SelfDescribingJson object at 0x000001E340B0E550>]}
[0m07:10:13.488533 [debug] [MainThread]: Flushing usage events
[0m07:10:14.747881 [debug] [MainThread]: An error was encountered while trying to flush usage events
[0m07:11:25.984274 [debug] [MainThread]: Sending event: {'category': 'dbt', 'action': 'invocation', 'label': 'start', 'context': [<snowplow_tracker.self_describing_json.SelfDescribingJson object at 0x0000024FF9FFFE50>, <snowplow_tracker.self_describing_json.SelfDescribingJson object at 0x0000024FFA0AE3D0>, <snowplow_tracker.self_describing_json.SelfDescribingJson object at 0x0000024FFA0AD510>]}


============================== 07:11:25.987718 | 9234651c-4861-4cc2-bf08-cc37f9425e95 ==============================
[0m07:11:25.987718 [info ] [MainThread]: Running with dbt=1.11.11
[0m07:11:25.988721 [debug] [MainThread]: running dbt with arguments {'version_check': 'True', 'no_print': 'None', 'static_parser': 'True', 'target_path': 'None', 'warn_error_options': 'WarnErrorOptionsV2(error=[], warn=[], silence=[])', 'printer_width': '80', 'write_json': 'True', 'introspect': 'True', 'log_cache_events': 'False', 'empty': 'False', 'cache_selected_only': 'False', 'fail_fast': 'False', 'debug': 'False', 'log_format': 'default', 'profiles_dir': '.', 'send_anonymous_usage_stats': 'True', 'quiet': 'False', 'warn_error': 'None', 'partial_parse': 'True', 'indirect_selection': 'eager', 'use_colors': 'True', 'invocation_command': 'dbt run --select stg_complaints --profiles-dir .', 'use_experimental_parser': 'False', 'log_path': 'C:\\Users\\guruv\\Downloads\\Data\\Project\\AI-Powered-Financial-Risk-Intelligence-Platform\\dbt_AI_financial_risk_project\\logs'}
[0m07:11:26.871152 [debug] [MainThread]: Snowflake adapter: Setting snowflake.connector to ERROR (file logging only)
[0m07:11:26.872153 [debug] [MainThread]: Snowflake adapter: Setting botocore to ERROR (file logging only)
[0m07:11:26.873152 [debug] [MainThread]: Snowflake adapter: Setting boto3 to ERROR (file logging only)
[0m07:11:27.079794 [debug] [MainThread]: Sending event: {'category': 'dbt', 'action': 'project_id', 'label': '9234651c-4861-4cc2-bf08-cc37f9425e95', 'context': [<snowplow_tracker.self_describing_json.SelfDescribingJson object at 0x0000024F8C7B5210>]}
[0m07:11:27.137692 [debug] [MainThread]: Sending event: {'category': 'dbt', 'action': 'adapter_info', 'label': '9234651c-4861-4cc2-bf08-cc37f9425e95', 'context': [<snowplow_tracker.self_describing_json.SelfDescribingJson object at 0x0000024FF907DFD0>]}
[0m07:11:27.140111 [info ] [MainThread]: Registered adapter: snowflake=1.11.5
[0m07:11:27.583268 [debug] [MainThread]: checksum: 30a8cc8fdcbf66701b0944d4ccce3fa46dd04b61e5df68b9f16d57b2e0e3f0be, vars: {}, profile: , target: , version: 1.11.11
[0m07:11:27.739846 [debug] [MainThread]: Partial parsing enabled: 0 files deleted, 0 files added, 1 files changed.
[0m07:11:27.740847 [debug] [MainThread]: Partial parsing: updated file: dbt_AI_financial_risk_project://models\silver\stg_complaints.sql
[0m07:11:27.987932 [debug] [MainThread]: Sending event: {'category': 'dbt', 'action': 'load_project', 'label': '9234651c-4861-4cc2-bf08-cc37f9425e95', 'context': [<snowplow_tracker.self_describing_json.SelfDescribingJson object at 0x0000024F8D05BD10>]}
[0m07:11:28.064932 [debug] [MainThread]: Wrote artifact WritableManifest to C:\Users\guruv\Downloads\Data\Project\AI-Powered-Financial-Risk-Intelligence-Platform\dbt_AI_financial_risk_project\target\manifest.json
[0m07:11:28.066933 [debug] [MainThread]: Wrote artifact SemanticManifest to C:\Users\guruv\Downloads\Data\Project\AI-Powered-Financial-Risk-Intelligence-Platform\dbt_AI_financial_risk_project\target\semantic_manifest.json
[0m07:11:28.078057 [debug] [MainThread]: Sending event: {'category': 'dbt', 'action': 'resource_counts', 'label': '9234651c-4861-4cc2-bf08-cc37f9425e95', 'context': [<snowplow_tracker.self_describing_json.SelfDescribingJson object at 0x0000024FF980EFD0>]}
[0m07:11:28.079226 [info ] [MainThread]: Found 4 models, 4 data tests, 536 macros
[0m07:11:28.080397 [debug] [MainThread]: Sending event: {'category': 'dbt', 'action': 'runnable_timing', 'label': '9234651c-4861-4cc2-bf08-cc37f9425e95', 'context': [<snowplow_tracker.self_describing_json.SelfDescribingJson object at 0x0000024F8C9CC550>]}
[0m07:11:28.081395 [info ] [MainThread]: 
[0m07:11:28.082448 [info ] [MainThread]: Concurrency: 4 threads (target='dev')
[0m07:11:28.082448 [info ] [MainThread]: 
[0m07:11:28.083914 [debug] [MainThread]: Acquiring new snowflake connection 'master'
[0m07:11:28.085218 [debug] [ThreadPool]: Acquiring new snowflake connection 'list_FINANCIAL_RISK_INTELLIGENCE'
[0m07:11:28.165809 [debug] [ThreadPool]: Using snowflake connection "list_FINANCIAL_RISK_INTELLIGENCE"
[0m07:11:28.165809 [debug] [ThreadPool]: On list_FINANCIAL_RISK_INTELLIGENCE: show terse schemas in database FINANCIAL_RISK_INTELLIGENCE
    limit 10000
/* {"app": "dbt", "dbt_version": "1.11.11", "profile_name": "dbt_AI_financial_risk_project", "target_name": "dev", "connection_name": "list_FINANCIAL_RISK_INTELLIGENCE"} */
[0m07:11:28.166918 [debug] [ThreadPool]: Opening a new connection, currently in state init
[0m07:11:30.980518 [debug] [ThreadPool]: SQL status: SUCCESS 6 in 2.813 seconds
[0m07:11:30.999578 [debug] [ThreadPool]: Acquiring new snowflake connection 'list_FINANCIAL_RISK_INTELLIGENCE_ANALYTICS_GOLD'
[0m07:11:31.001518 [debug] [ThreadPool]: Acquiring new snowflake connection 'list_FINANCIAL_RISK_INTELLIGENCE_ANALYTICS'
[0m07:11:31.110741 [debug] [ThreadPool]: Acquiring new snowflake connection 'list_FINANCIAL_RISK_INTELLIGENCE_ANALYTICS_SILVER'
[0m07:11:31.113748 [debug] [ThreadPool]: Using snowflake connection "list_FINANCIAL_RISK_INTELLIGENCE_ANALYTICS_GOLD"
[0m07:11:31.117898 [debug] [ThreadPool]: Using snowflake connection "list_FINANCIAL_RISK_INTELLIGENCE_ANALYTICS"
[0m07:11:31.121900 [debug] [ThreadPool]: Using snowflake connection "list_FINANCIAL_RISK_INTELLIGENCE_ANALYTICS_SILVER"
[0m07:11:31.122898 [debug] [ThreadPool]: On list_FINANCIAL_RISK_INTELLIGENCE_ANALYTICS_GOLD: show objects in FINANCIAL_RISK_INTELLIGENCE.ANALYTICS_GOLD
    limit 10000
    

/* {"app": "dbt", "dbt_version": "1.11.11", "profile_name": "dbt_AI_financial_risk_project", "target_name": "dev", "connection_name": "list_FINANCIAL_RISK_INTELLIGENCE_ANALYTICS_GOLD"} */;
[0m07:11:31.123902 [debug] [ThreadPool]: On list_FINANCIAL_RISK_INTELLIGENCE_ANALYTICS: show objects in FINANCIAL_RISK_INTELLIGENCE.ANALYTICS
    limit 10000
    

/* {"app": "dbt", "dbt_version": "1.11.11", "profile_name": "dbt_AI_financial_risk_project", "target_name": "dev", "connection_name": "list_FINANCIAL_RISK_INTELLIGENCE_ANALYTICS"} */;
[0m07:11:31.124860 [debug] [ThreadPool]: On list_FINANCIAL_RISK_INTELLIGENCE_ANALYTICS_SILVER: show objects in FINANCIAL_RISK_INTELLIGENCE.ANALYTICS_SILVER
    limit 10000
    

/* {"app": "dbt", "dbt_version": "1.11.11", "profile_name": "dbt_AI_financial_risk_project", "target_name": "dev", "connection_name": "list_FINANCIAL_RISK_INTELLIGENCE_ANALYTICS_SILVER"} */;
[0m07:11:31.124860 [debug] [ThreadPool]: Opening a new connection, currently in state init
[0m07:11:31.125857 [debug] [ThreadPool]: Opening a new connection, currently in state init
[0m07:11:31.126857 [debug] [ThreadPool]: Opening a new connection, currently in state init
[0m07:11:32.467861 [debug] [ThreadPool]: SQL status: SUCCESS 0 in 1.341 seconds
[0m07:11:32.601980 [debug] [ThreadPool]: SQL status: SUCCESS 7 in 1.476 seconds
[0m07:11:32.774715 [debug] [ThreadPool]: SQL status: SUCCESS 0 in 1.649 seconds
[0m07:11:32.781673 [debug] [MainThread]: Sending event: {'category': 'dbt', 'action': 'runnable_timing', 'label': '9234651c-4861-4cc2-bf08-cc37f9425e95', 'context': [<snowplow_tracker.self_describing_json.SelfDescribingJson object at 0x0000024F8CF679D0>]}
[0m07:11:32.796723 [debug] [Thread-2 (]: Began running node model.dbt_AI_financial_risk_project.stg_complaints
[0m07:11:32.798700 [info ] [Thread-2 (]: 1 of 1 START sql view model ANALYTICS_SILVER.stg_complaints .................... [RUN]
[0m07:11:32.800652 [debug] [Thread-2 (]: Acquiring new snowflake connection 'model.dbt_AI_financial_risk_project.stg_complaints'
[0m07:11:32.802529 [debug] [Thread-2 (]: Began compiling node model.dbt_AI_financial_risk_project.stg_complaints
[0m07:11:32.816055 [debug] [Thread-2 (]: Writing injected SQL for node "model.dbt_AI_financial_risk_project.stg_complaints"
[0m07:11:32.818012 [debug] [Thread-2 (]: Began executing node model.dbt_AI_financial_risk_project.stg_complaints
[0m07:11:32.850374 [debug] [Thread-2 (]: Writing runtime sql for node "model.dbt_AI_financial_risk_project.stg_complaints"
[0m07:11:32.853375 [debug] [Thread-2 (]: Using snowflake connection "model.dbt_AI_financial_risk_project.stg_complaints"
[0m07:11:32.854375 [debug] [Thread-2 (]: On model.dbt_AI_financial_risk_project.stg_complaints: create or replace   view FINANCIAL_RISK_INTELLIGENCE.ANALYTICS_SILVER.stg_complaints
  
  
  
  
  as (
    

WITH source_data AS (
    SELECT *
    -- Pointing directly to the database.schema.table where the raw complaints data lives
    FROM FINANCIAL_RISK_INTELLIGENCE.RAW.RAW_COMPLAINTS
),

-- cleaning steps to filter out records with missing critical fields and standardize text formatting
cleaned_data AS (
    SELECT *
    FROM source_data
    WHERE COMPLAINT_ID IS NOT NULL
      AND DATE_RECEIVED IS NOT NULL
),

-- deduplication step to retain only the most recent record for each unique complaint based on COMPLAINT_ID and DATE_RECEIVED
deduplicated AS (
    SELECT *
    FROM cleaned_data
    QUALIFY ROW_NUMBER() OVER (
        PARTITION BY COMPLAINT_ID
        ORDER BY DATE_RECEIVED DESC
    ) = 1
)

-- final selection and transformation to conform to the desired schema for the stg_complaints table
SELECT
    CAST(COMPLAINT_ID AS NUMBER)                          AS complaint_id,
    TO_DATE(DATE_RECEIVED)                                AS date_received,
    TRIM(PRODUCT)                                         AS product,
    TRIM(SUB_PRODUCT)                                     AS sub_product,
    TRIM(ISSUE)                                           AS issue,
    TRIM(SUB_ISSUE)                                       AS sub_issue,
    CONSUMER_COMPLAINT_NARRATIVE                          AS consumer_complaint_narrative,
    TRIM(COMPANY_PUBLIC_RESPONSE)                         AS company_public_response,
    UPPER(TRIM(COMPANY))                                  AS company,
    UPPER(TRIM(STATE))                                    AS state,
    TRIM(ZIP_CODE)                                        AS zip_code,
    TRIM(TAGS)                                            AS tags,
    TRIM(CONSUMER_CONSENT_PROVIDED)                       AS consumer_consent_provided,
    TRIM(SUBMITTED_VIA)                                   AS submitted_via,
    TO_DATE(DATE_SENT_TO_COMPANY)                         AS date_sent_to_company,
    TRIM(COMPANY_RESPONSE_TO_CONSUMER)                    AS company_response_to_consumer,
    TRIM(TIMELY_RESPONSE)                                 AS timely_response,
    TRIM(CONSUMER_DISPUTED)                               AS consumer_disputed
FROM deduplicated
  )
/* {"app": "dbt", "dbt_version": "1.11.11", "profile_name": "dbt_AI_financial_risk_project", "target_name": "dev", "node_id": "model.dbt_AI_financial_risk_project.stg_complaints"} */;
[0m07:11:32.855375 [debug] [Thread-2 (]: Opening a new connection, currently in state init
[0m07:11:34.621104 [debug] [Thread-2 (]: SQL status: SUCCESS 1 in 1.766 seconds
[0m07:11:34.652804 [debug] [Thread-2 (]: Sending event: {'category': 'dbt', 'action': 'run_model', 'label': '9234651c-4861-4cc2-bf08-cc37f9425e95', 'context': [<snowplow_tracker.self_describing_json.SelfDescribingJson object at 0x0000024F8C968710>]}
[0m07:11:34.653812 [info ] [Thread-2 (]: 1 of 1 OK created sql view model ANALYTICS_SILVER.stg_complaints ............... [[32mSUCCESS 1[0m in 1.85s]
[0m07:11:34.654859 [debug] [Thread-2 (]: Finished running node model.dbt_AI_financial_risk_project.stg_complaints
[0m07:11:34.655811 [debug] [MainThread]: Connection 'master' was properly closed.
[0m07:11:34.656859 [debug] [MainThread]: Connection 'list_FINANCIAL_RISK_INTELLIGENCE' was left open.
[0m07:11:34.656859 [debug] [MainThread]: On list_FINANCIAL_RISK_INTELLIGENCE: Close
[0m07:11:35.598117 [debug] [MainThread]: Connection 'list_FINANCIAL_RISK_INTELLIGENCE_ANALYTICS_GOLD' was left open.
[0m07:11:35.600119 [debug] [MainThread]: On list_FINANCIAL_RISK_INTELLIGENCE_ANALYTICS_GOLD: Close
[0m07:11:36.211483 [debug] [MainThread]: Connection 'list_FINANCIAL_RISK_INTELLIGENCE_ANALYTICS' was left open.
[0m07:11:36.212484 [debug] [MainThread]: On list_FINANCIAL_RISK_INTELLIGENCE_ANALYTICS: Close
[0m07:11:36.810724 [debug] [MainThread]: Connection 'list_FINANCIAL_RISK_INTELLIGENCE_ANALYTICS_SILVER' was left open.
[0m07:11:36.814738 [debug] [MainThread]: On list_FINANCIAL_RISK_INTELLIGENCE_ANALYTICS_SILVER: Close
[0m07:11:37.414706 [debug] [MainThread]: Connection 'model.dbt_AI_financial_risk_project.stg_complaints' was left open.
[0m07:11:37.418130 [debug] [MainThread]: On model.dbt_AI_financial_risk_project.stg_complaints: Close
[0m07:11:37.993160 [info ] [MainThread]: 
[0m07:11:37.995482 [info ] [MainThread]: Finished running 1 view model in 0 hours 0 minutes and 9.91 seconds (9.91s).
[0m07:11:37.999276 [debug] [MainThread]: Command end result
[0m07:11:38.062623 [debug] [MainThread]: Wrote artifact WritableManifest to C:\Users\guruv\Downloads\Data\Project\AI-Powered-Financial-Risk-Intelligence-Platform\dbt_AI_financial_risk_project\target\manifest.json
[0m07:11:38.066150 [debug] [MainThread]: Wrote artifact SemanticManifest to C:\Users\guruv\Downloads\Data\Project\AI-Powered-Financial-Risk-Intelligence-Platform\dbt_AI_financial_risk_project\target\semantic_manifest.json
[0m07:11:38.072149 [debug] [MainThread]: Wrote artifact RunExecutionResult to C:\Users\guruv\Downloads\Data\Project\AI-Powered-Financial-Risk-Intelligence-Platform\dbt_AI_financial_risk_project\target\run_results.json
[0m07:11:38.073150 [info ] [MainThread]: 
[0m07:11:38.074151 [info ] [MainThread]: [32mCompleted successfully[0m
[0m07:11:38.074151 [info ] [MainThread]: 
[0m07:11:38.075150 [info ] [MainThread]: Done. PASS=1 WARN=0 ERROR=0 SKIP=0 NO-OP=0 TOTAL=1
[0m07:11:38.076444 [debug] [MainThread]: Command `dbt run` succeeded at 07:11:38.076444 after 12.18 seconds
[0m07:11:38.077484 [debug] [MainThread]: Sending event: {'category': 'dbt', 'action': 'invocation', 'label': 'end', 'context': [<snowplow_tracker.self_describing_json.SelfDescribingJson object at 0x0000024F8D3F64D0>, <snowplow_tracker.self_describing_json.SelfDescribingJson object at 0x0000024FF3370510>, <snowplow_tracker.self_describing_json.SelfDescribingJson object at 0x0000024FF353A350>]}
[0m07:11:38.077484 [debug] [MainThread]: Flushing usage events
[0m07:11:39.321644 [debug] [MainThread]: An error was encountered while trying to flush usage events
[0m07:31:44.995249 [debug] [MainThread]: Sending event: {'category': 'dbt', 'action': 'invocation', 'label': 'start', 'context': [<snowplow_tracker.self_describing_json.SelfDescribingJson object at 0x00000200021B0ED0>, <snowplow_tracker.self_describing_json.SelfDescribingJson object at 0x0000020006AE8C50>, <snowplow_tracker.self_describing_json.SelfDescribingJson object at 0x00000200051F6210>]}


============================== 07:31:44.998753 | d24c964f-3b69-4f3f-8943-e2bc139324c7 ==============================
[0m07:31:44.998753 [info ] [MainThread]: Running with dbt=1.11.11
[0m07:31:44.999752 [debug] [MainThread]: running dbt with arguments {'version_check': 'True', 'no_print': 'None', 'static_parser': 'True', 'target_path': 'None', 'warn_error_options': 'WarnErrorOptionsV2(error=[], warn=[], silence=[])', 'printer_width': '80', 'write_json': 'True', 'empty': 'False', 'log_cache_events': 'False', 'introspect': 'True', 'cache_selected_only': 'False', 'fail_fast': 'False', 'debug': 'False', 'log_format': 'default', 'partial_parse': 'True', 'send_anonymous_usage_stats': 'True', 'quiet': 'False', 'warn_error': 'None', 'profiles_dir': '.', 'use_colors': 'True', 'invocation_command': 'dbt run --select stg_complaints --profiles-dir .', 'indirect_selection': 'eager', 'use_experimental_parser': 'False', 'log_path': 'C:\\Users\\guruv\\Downloads\\Data\\Project\\AI-Powered-Financial-Risk-Intelligence-Platform\\dbt_AI_financial_risk_project\\logs'}
[0m07:31:45.911846 [debug] [MainThread]: Snowflake adapter: Setting snowflake.connector to ERROR (file logging only)
[0m07:31:45.913104 [debug] [MainThread]: Snowflake adapter: Setting botocore to ERROR (file logging only)
[0m07:31:45.914105 [debug] [MainThread]: Snowflake adapter: Setting boto3 to ERROR (file logging only)
[0m07:31:46.121883 [debug] [MainThread]: Sending event: {'category': 'dbt', 'action': 'project_id', 'label': 'd24c964f-3b69-4f3f-8943-e2bc139324c7', 'context': [<snowplow_tracker.self_describing_json.SelfDescribingJson object at 0x0000020018252410>]}
[0m07:31:46.179880 [debug] [MainThread]: Sending event: {'category': 'dbt', 'action': 'adapter_info', 'label': 'd24c964f-3b69-4f3f-8943-e2bc139324c7', 'context': [<snowplow_tracker.self_describing_json.SelfDescribingJson object at 0x0000020004A4E0D0>]}
[0m07:31:46.181835 [info ] [MainThread]: Registered adapter: snowflake=1.11.5
[0m07:31:46.649771 [debug] [MainThread]: checksum: 30a8cc8fdcbf66701b0944d4ccce3fa46dd04b61e5df68b9f16d57b2e0e3f0be, vars: {}, profile: , target: , version: 1.11.11
[0m07:31:46.814568 [debug] [MainThread]: Partial parsing enabled: 0 files deleted, 0 files added, 1 files changed.
[0m07:31:46.815568 [debug] [MainThread]: Partial parsing: updated file: dbt_AI_financial_risk_project://models\silver\stg_complaints.sql
[0m07:31:47.010792 [error] [MainThread]: Encountered an error:
Compilation Error in model stg_complaints (models\silver\stg_complaints.sql)
  invalid syntax for function call expression
    line 1
      {{ config(
[0m07:31:47.011789 [debug] [MainThread]: Command `dbt run` failed at 07:31:47.011789 after 2.11 seconds
[0m07:31:47.012796 [debug] [MainThread]: Sending event: {'category': 'dbt', 'action': 'invocation', 'label': 'end', 'context': [<snowplow_tracker.self_describing_json.SelfDescribingJson object at 0x0000020005A6EF10>, <snowplow_tracker.self_describing_json.SelfDescribingJson object at 0x000002000580A4D0>, <snowplow_tracker.self_describing_json.SelfDescribingJson object at 0x000002007EC60A90>]}
[0m07:31:47.013791 [debug] [MainThread]: Flushing usage events
[0m07:31:48.307461 [debug] [MainThread]: An error was encountered while trying to flush usage events
[0m07:33:34.839091 [debug] [MainThread]: Sending event: {'category': 'dbt', 'action': 'invocation', 'label': 'start', 'context': [<snowplow_tracker.self_describing_json.SelfDescribingJson object at 0x0000015852A2F210>, <snowplow_tracker.self_describing_json.SelfDescribingJson object at 0x0000015852A2EF50>, <snowplow_tracker.self_describing_json.SelfDescribingJson object at 0x0000015853ADF7D0>]}


============================== 07:33:34.843184 | 8925c204-1c04-4438-a04a-0c208201f28a ==============================
[0m07:33:34.843184 [info ] [MainThread]: Running with dbt=1.11.11
[0m07:33:34.843184 [debug] [MainThread]: running dbt with arguments {'version_check': 'True', 'no_print': 'None', 'static_parser': 'True', 'target_path': 'None', 'warn_error_options': 'WarnErrorOptionsV2(error=[], warn=[], silence=[])', 'printer_width': '80', 'write_json': 'True', 'empty': 'False', 'log_cache_events': 'False', 'introspect': 'True', 'cache_selected_only': 'False', 'log_format': 'default', 'debug': 'False', 'fail_fast': 'False', 'profiles_dir': '.', 'send_anonymous_usage_stats': 'True', 'quiet': 'False', 'warn_error': 'None', 'partial_parse': 'True', 'use_colors': 'True', 'indirect_selection': 'eager', 'invocation_command': 'dbt run --select stg_complaints --profiles-dir .', 'use_experimental_parser': 'False', 'log_path': 'C:\\Users\\guruv\\Downloads\\Data\\Project\\AI-Powered-Financial-Risk-Intelligence-Platform\\dbt_AI_financial_risk_project\\logs'}
[0m07:33:35.823289 [debug] [MainThread]: Snowflake adapter: Setting snowflake.connector to ERROR (file logging only)
[0m07:33:35.823289 [debug] [MainThread]: Snowflake adapter: Setting botocore to ERROR (file logging only)
[0m07:33:35.824287 [debug] [MainThread]: Snowflake adapter: Setting boto3 to ERROR (file logging only)
[0m07:33:36.048561 [debug] [MainThread]: Sending event: {'category': 'dbt', 'action': 'project_id', 'label': '8925c204-1c04-4438-a04a-0c208201f28a', 'context': [<snowplow_tracker.self_describing_json.SelfDescribingJson object at 0x0000015851B3E150>]}
[0m07:33:36.111817 [debug] [MainThread]: Sending event: {'category': 'dbt', 'action': 'adapter_info', 'label': '8925c204-1c04-4438-a04a-0c208201f28a', 'context': [<snowplow_tracker.self_describing_json.SelfDescribingJson object at 0x00000158519FE110>]}
[0m07:33:36.113780 [info ] [MainThread]: Registered adapter: snowflake=1.11.5
[0m07:33:36.573184 [debug] [MainThread]: checksum: 30a8cc8fdcbf66701b0944d4ccce3fa46dd04b61e5df68b9f16d57b2e0e3f0be, vars: {}, profile: , target: , version: 1.11.11
[0m07:33:36.716132 [debug] [MainThread]: Partial parsing enabled: 0 files deleted, 0 files added, 1 files changed.
[0m07:33:36.717133 [debug] [MainThread]: Partial parsing: updated file: dbt_AI_financial_risk_project://models\silver\stg_complaints.sql
[0m07:33:36.967436 [debug] [MainThread]: Sending event: {'category': 'dbt', 'action': 'load_project', 'label': '8925c204-1c04-4438-a04a-0c208201f28a', 'context': [<snowplow_tracker.self_describing_json.SelfDescribingJson object at 0x000001586591C0D0>]}
[0m07:33:37.048183 [debug] [MainThread]: Wrote artifact WritableManifest to C:\Users\guruv\Downloads\Data\Project\AI-Powered-Financial-Risk-Intelligence-Platform\dbt_AI_financial_risk_project\target\manifest.json
[0m07:33:37.050184 [debug] [MainThread]: Wrote artifact SemanticManifest to C:\Users\guruv\Downloads\Data\Project\AI-Powered-Financial-Risk-Intelligence-Platform\dbt_AI_financial_risk_project\target\semantic_manifest.json
[0m07:33:37.062132 [debug] [MainThread]: Sending event: {'category': 'dbt', 'action': 'resource_counts', 'label': '8925c204-1c04-4438-a04a-0c208201f28a', 'context': [<snowplow_tracker.self_describing_json.SelfDescribingJson object at 0x000001586572EE10>]}
[0m07:33:37.063132 [info ] [MainThread]: Found 4 models, 4 data tests, 536 macros
[0m07:33:37.064134 [debug] [MainThread]: Sending event: {'category': 'dbt', 'action': 'runnable_timing', 'label': '8925c204-1c04-4438-a04a-0c208201f28a', 'context': [<snowplow_tracker.self_describing_json.SelfDescribingJson object at 0x00000158652BBC10>]}
[0m07:33:37.065173 [info ] [MainThread]: 
[0m07:33:37.066132 [info ] [MainThread]: Concurrency: 4 threads (target='dev')
[0m07:33:37.066132 [info ] [MainThread]: 
[0m07:33:37.067378 [debug] [MainThread]: Acquiring new snowflake connection 'master'
[0m07:33:37.068418 [debug] [ThreadPool]: Acquiring new snowflake connection 'list_FINANCIAL_RISK_INTELLIGENCE'
[0m07:33:37.149484 [debug] [ThreadPool]: Using snowflake connection "list_FINANCIAL_RISK_INTELLIGENCE"
[0m07:33:37.150494 [debug] [ThreadPool]: On list_FINANCIAL_RISK_INTELLIGENCE: show terse schemas in database FINANCIAL_RISK_INTELLIGENCE
    limit 10000
/* {"app": "dbt", "dbt_version": "1.11.11", "profile_name": "dbt_AI_financial_risk_project", "target_name": "dev", "connection_name": "list_FINANCIAL_RISK_INTELLIGENCE"} */
[0m07:33:37.150494 [debug] [ThreadPool]: Opening a new connection, currently in state init
[0m07:33:38.984550 [debug] [ThreadPool]: SQL status: SUCCESS 6 in 1.833 seconds
[0m07:33:39.002484 [debug] [ThreadPool]: Acquiring new snowflake connection 'list_FINANCIAL_RISK_INTELLIGENCE_ANALYTICS'
[0m07:33:39.004485 [debug] [ThreadPool]: Acquiring new snowflake connection 'list_FINANCIAL_RISK_INTELLIGENCE_ANALYTICS_GOLD'
[0m07:33:39.114529 [debug] [ThreadPool]: Acquiring new snowflake connection 'list_FINANCIAL_RISK_INTELLIGENCE_ANALYTICS_SILVER'
[0m07:33:39.119492 [debug] [ThreadPool]: Using snowflake connection "list_FINANCIAL_RISK_INTELLIGENCE_ANALYTICS"
[0m07:33:39.123489 [debug] [ThreadPool]: Using snowflake connection "list_FINANCIAL_RISK_INTELLIGENCE_ANALYTICS_GOLD"
[0m07:33:39.128490 [debug] [ThreadPool]: Using snowflake connection "list_FINANCIAL_RISK_INTELLIGENCE_ANALYTICS_SILVER"
[0m07:33:39.129485 [debug] [ThreadPool]: On list_FINANCIAL_RISK_INTELLIGENCE_ANALYTICS: show objects in FINANCIAL_RISK_INTELLIGENCE.ANALYTICS
    limit 10000
    

/* {"app": "dbt", "dbt_version": "1.11.11", "profile_name": "dbt_AI_financial_risk_project", "target_name": "dev", "connection_name": "list_FINANCIAL_RISK_INTELLIGENCE_ANALYTICS"} */;
[0m07:33:39.130570 [debug] [ThreadPool]: On list_FINANCIAL_RISK_INTELLIGENCE_ANALYTICS_GOLD: show objects in FINANCIAL_RISK_INTELLIGENCE.ANALYTICS_GOLD
    limit 10000
    

/* {"app": "dbt", "dbt_version": "1.11.11", "profile_name": "dbt_AI_financial_risk_project", "target_name": "dev", "connection_name": "list_FINANCIAL_RISK_INTELLIGENCE_ANALYTICS_GOLD"} */;
[0m07:33:39.131492 [debug] [ThreadPool]: On list_FINANCIAL_RISK_INTELLIGENCE_ANALYTICS_SILVER: show objects in FINANCIAL_RISK_INTELLIGENCE.ANALYTICS_SILVER
    limit 10000
    

/* {"app": "dbt", "dbt_version": "1.11.11", "profile_name": "dbt_AI_financial_risk_project", "target_name": "dev", "connection_name": "list_FINANCIAL_RISK_INTELLIGENCE_ANALYTICS_SILVER"} */;
[0m07:33:39.131492 [debug] [ThreadPool]: Opening a new connection, currently in state init
[0m07:33:39.132488 [debug] [ThreadPool]: Opening a new connection, currently in state init
[0m07:33:39.133527 [debug] [ThreadPool]: Opening a new connection, currently in state init
[0m07:33:40.651040 [debug] [ThreadPool]: SQL status: SUCCESS 0 in 1.518 seconds
[0m07:33:40.816457 [debug] [ThreadPool]: SQL status: SUCCESS 7 in 1.685 seconds
[0m07:33:41.078820 [debug] [ThreadPool]: SQL status: SUCCESS 0 in 1.945 seconds
[0m07:33:41.081824 [debug] [MainThread]: Sending event: {'category': 'dbt', 'action': 'runnable_timing', 'label': '8925c204-1c04-4438-a04a-0c208201f28a', 'context': [<snowplow_tracker.self_describing_json.SelfDescribingJson object at 0x0000015865CFE550>]}
[0m07:33:41.087883 [debug] [Thread-2 (]: Began running node model.dbt_AI_financial_risk_project.stg_complaints
[0m07:33:41.089884 [info ] [Thread-2 (]: 1 of 1 START sql incremental model ANALYTICS_SILVER.stg_complaints ............. [RUN]
[0m07:33:41.090884 [debug] [Thread-2 (]: Acquiring new snowflake connection 'model.dbt_AI_financial_risk_project.stg_complaints'
[0m07:33:41.091883 [debug] [Thread-2 (]: Began compiling node model.dbt_AI_financial_risk_project.stg_complaints
[0m07:33:41.102882 [debug] [Thread-2 (]: Writing injected SQL for node "model.dbt_AI_financial_risk_project.stg_complaints"
[0m07:33:41.103883 [debug] [Thread-2 (]: Began executing node model.dbt_AI_financial_risk_project.stg_complaints
[0m07:33:41.175054 [debug] [Thread-2 (]: Writing runtime sql for node "model.dbt_AI_financial_risk_project.stg_complaints"
[0m07:33:41.177053 [debug] [Thread-2 (]: Using snowflake connection "model.dbt_AI_financial_risk_project.stg_complaints"
[0m07:33:41.178053 [debug] [Thread-2 (]: On model.dbt_AI_financial_risk_project.stg_complaints: create or replace transient table FINANCIAL_RISK_INTELLIGENCE.ANALYTICS_SILVER.stg_complaints
    
    
    
    as (--table, view, incremental, ephemeral 


WITH source_data AS (
    SELECT *
    -- Pointing directly to the database.schema.table where the raw complaints data lives
    FROM FINANCIAL_RISK_INTELLIGENCE.RAW.RAW_COMPLAINTS
),

-- cleaning steps to filter out records with missing critical fields and standardize text formatting
cleaned_data AS (
    SELECT *
    FROM source_data
    WHERE COMPLAINT_ID IS NOT NULL
      AND DATE_RECEIVED IS NOT NULL
),

-- deduplication step to retain only the most recent record for each unique complaint based on COMPLAINT_ID and DATE_RECEIVED
deduplicated AS (
    SELECT *
    FROM cleaned_data
    QUALIFY ROW_NUMBER() OVER (
        PARTITION BY COMPLAINT_ID
        ORDER BY DATE_RECEIVED DESC
    ) = 1
)

-- final selection and transformation to conform to the desired schema for the stg_complaints table
SELECT
    CAST(COMPLAINT_ID AS NUMBER)                          AS complaint_id,
    TO_DATE(DATE_RECEIVED)                                AS date_received,
    TRIM(PRODUCT)                                         AS product,
    TRIM(SUB_PRODUCT)                                     AS sub_product,
    TRIM(ISSUE)                                           AS issue,
    TRIM(SUB_ISSUE)                                       AS sub_issue,
    CONSUMER_COMPLAINT_NARRATIVE                          AS consumer_complaint_narrative,
    TRIM(COMPANY_PUBLIC_RESPONSE)                         AS company_public_response,
    UPPER(TRIM(COMPANY))                                  AS company,
    UPPER(TRIM(STATE))                                    AS state,
    TRIM(ZIP_CODE)                                        AS zip_code,
    TRIM(TAGS)                                            AS tags,
    TRIM(CONSUMER_CONSENT_PROVIDED)                       AS consumer_consent_provided,
    TRIM(SUBMITTED_VIA)                                   AS submitted_via,
    TO_DATE(DATE_SENT_TO_COMPANY)                         AS date_sent_to_company,
    TRIM(COMPANY_RESPONSE_TO_CONSUMER)                    AS company_response_to_consumer,
    TRIM(TIMELY_RESPONSE)                                 AS timely_response,
    TRIM(CONSUMER_DISPUTED)                               AS consumer_disputed
FROM deduplicated
    )

/* {"app": "dbt", "dbt_version": "1.11.11", "profile_name": "dbt_AI_financial_risk_project", "target_name": "dev", "node_id": "model.dbt_AI_financial_risk_project.stg_complaints"} */;
[0m07:33:41.179054 [debug] [Thread-2 (]: Opening a new connection, currently in state init
[0m07:33:44.366105 [debug] [Thread-2 (]: SQL status: SUCCESS 10000 in 3.187 seconds
[0m07:33:44.393991 [debug] [Thread-2 (]: Applying DROP to: FINANCIAL_RISK_INTELLIGENCE.ANALYTICS_SILVER.stg_complaints__dbt_tmp
[0m07:33:44.409431 [debug] [Thread-2 (]: Using snowflake connection "model.dbt_AI_financial_risk_project.stg_complaints"
[0m07:33:44.410387 [debug] [Thread-2 (]: On model.dbt_AI_financial_risk_project.stg_complaints: drop view if exists FINANCIAL_RISK_INTELLIGENCE.ANALYTICS_SILVER.stg_complaints__dbt_tmp cascade
/* {"app": "dbt", "dbt_version": "1.11.11", "profile_name": "dbt_AI_financial_risk_project", "target_name": "dev", "node_id": "model.dbt_AI_financial_risk_project.stg_complaints"} */
[0m07:33:44.750052 [debug] [Thread-2 (]: SQL status: SUCCESS 1 in 0.339 seconds
[0m07:33:44.780827 [debug] [Thread-2 (]: Sending event: {'category': 'dbt', 'action': 'run_model', 'label': '8925c204-1c04-4438-a04a-0c208201f28a', 'context': [<snowplow_tracker.self_describing_json.SelfDescribingJson object at 0x0000015865125A90>]}
[0m07:33:44.781834 [info ] [Thread-2 (]: 1 of 1 OK created sql incremental model ANALYTICS_SILVER.stg_complaints ........ [[32mSUCCESS 10000[0m in 3.69s]
[0m07:33:44.782835 [debug] [Thread-2 (]: Finished running node model.dbt_AI_financial_risk_project.stg_complaints
[0m07:33:44.783835 [debug] [MainThread]: Connection 'master' was properly closed.
[0m07:33:44.785274 [debug] [MainThread]: Connection 'list_FINANCIAL_RISK_INTELLIGENCE' was left open.
[0m07:33:44.785274 [debug] [MainThread]: On list_FINANCIAL_RISK_INTELLIGENCE: Close
[0m07:33:45.412426 [debug] [MainThread]: Connection 'list_FINANCIAL_RISK_INTELLIGENCE_ANALYTICS' was left open.
[0m07:33:45.414413 [debug] [MainThread]: On list_FINANCIAL_RISK_INTELLIGENCE_ANALYTICS: Close
[0m07:33:46.022534 [debug] [MainThread]: Connection 'list_FINANCIAL_RISK_INTELLIGENCE_ANALYTICS_GOLD' was left open.
[0m07:33:46.023518 [debug] [MainThread]: On list_FINANCIAL_RISK_INTELLIGENCE_ANALYTICS_GOLD: Close
[0m07:33:46.613590 [debug] [MainThread]: Connection 'list_FINANCIAL_RISK_INTELLIGENCE_ANALYTICS_SILVER' was left open.
[0m07:33:46.615588 [debug] [MainThread]: On list_FINANCIAL_RISK_INTELLIGENCE_ANALYTICS_SILVER: Close
[0m07:33:47.256829 [debug] [MainThread]: Connection 'model.dbt_AI_financial_risk_project.stg_complaints' was left open.
[0m07:33:47.258809 [debug] [MainThread]: On model.dbt_AI_financial_risk_project.stg_complaints: Close
[0m07:33:47.893961 [info ] [MainThread]: 
[0m07:33:47.895942 [info ] [MainThread]: Finished running 1 incremental model in 0 hours 0 minutes and 10.83 seconds (10.83s).
[0m07:33:47.898937 [debug] [MainThread]: Command end result
[0m07:33:47.953088 [debug] [MainThread]: Wrote artifact WritableManifest to C:\Users\guruv\Downloads\Data\Project\AI-Powered-Financial-Risk-Intelligence-Platform\dbt_AI_financial_risk_project\target\manifest.json
[0m07:33:47.956088 [debug] [MainThread]: Wrote artifact SemanticManifest to C:\Users\guruv\Downloads\Data\Project\AI-Powered-Financial-Risk-Intelligence-Platform\dbt_AI_financial_risk_project\target\semantic_manifest.json
[0m07:33:47.962088 [debug] [MainThread]: Wrote artifact RunExecutionResult to C:\Users\guruv\Downloads\Data\Project\AI-Powered-Financial-Risk-Intelligence-Platform\dbt_AI_financial_risk_project\target\run_results.json
[0m07:33:47.962088 [info ] [MainThread]: 
[0m07:33:47.963089 [info ] [MainThread]: [32mCompleted successfully[0m
[0m07:33:47.964088 [info ] [MainThread]: 
[0m07:33:47.964088 [info ] [MainThread]: Done. PASS=1 WARN=0 ERROR=0 SKIP=0 NO-OP=0 TOTAL=1
[0m07:33:47.966089 [debug] [MainThread]: Command `dbt run` succeeded at 07:33:47.965134 after 13.22 seconds
[0m07:33:47.966089 [debug] [MainThread]: Sending event: {'category': 'dbt', 'action': 'invocation', 'label': 'end', 'context': [<snowplow_tracker.self_describing_json.SelfDescribingJson object at 0x000001584BBD0A90>, <snowplow_tracker.self_describing_json.SelfDescribingJson object at 0x000001584BBD0510>, <snowplow_tracker.self_describing_json.SelfDescribingJson object at 0x000001584BE9A950>]}
[0m07:33:47.967094 [debug] [MainThread]: Flushing usage events
[0m07:33:49.215745 [debug] [MainThread]: An error was encountered while trying to flush usage events
[0m07:35:27.205574 [debug] [MainThread]: Sending event: {'category': 'dbt', 'action': 'invocation', 'label': 'start', 'context': [<snowplow_tracker.self_describing_json.SelfDescribingJson object at 0x000001A818F8EB50>, <snowplow_tracker.self_describing_json.SelfDescribingJson object at 0x000001A817E2C550>, <snowplow_tracker.self_describing_json.SelfDescribingJson object at 0x000001A817E2FB10>]}


============================== 07:35:27.209021 | d0a8263e-9726-499b-908b-51e60cf925f7 ==============================
[0m07:35:27.209021 [info ] [MainThread]: Running with dbt=1.11.11
[0m07:35:27.210174 [debug] [MainThread]: running dbt with arguments {'version_check': 'True', 'no_print': 'None', 'static_parser': 'True', 'warn_error_options': 'WarnErrorOptionsV2(error=[], warn=[], silence=[])', 'target_path': 'None', 'printer_width': '80', 'write_json': 'True', 'empty': 'False', 'log_cache_events': 'False', 'introspect': 'True', 'cache_selected_only': 'False', 'fail_fast': 'False', 'debug': 'False', 'log_format': 'default', 'profiles_dir': '.', 'send_anonymous_usage_stats': 'True', 'quiet': 'False', 'warn_error': 'None', 'partial_parse': 'True', 'use_colors': 'True', 'invocation_command': 'dbt run --select dim_product --profiles-dir .', 'indirect_selection': 'eager', 'use_experimental_parser': 'False', 'log_path': 'C:\\Users\\guruv\\Downloads\\Data\\Project\\AI-Powered-Financial-Risk-Intelligence-Platform\\dbt_AI_financial_risk_project\\logs'}
[0m07:35:28.098973 [debug] [MainThread]: Snowflake adapter: Setting snowflake.connector to ERROR (file logging only)
[0m07:35:28.099976 [debug] [MainThread]: Snowflake adapter: Setting botocore to ERROR (file logging only)
[0m07:35:28.100938 [debug] [MainThread]: Snowflake adapter: Setting boto3 to ERROR (file logging only)
[0m07:35:28.308936 [debug] [MainThread]: Sending event: {'category': 'dbt', 'action': 'project_id', 'label': 'd0a8263e-9726-499b-908b-51e60cf925f7', 'context': [<snowplow_tracker.self_describing_json.SelfDescribingJson object at 0x000001A82A784ED0>]}
[0m07:35:28.367820 [debug] [MainThread]: Sending event: {'category': 'dbt', 'action': 'adapter_info', 'label': 'd0a8263e-9726-499b-908b-51e60cf925f7', 'context': [<snowplow_tracker.self_describing_json.SelfDescribingJson object at 0x000001A816EAE250>]}
[0m07:35:28.368778 [info ] [MainThread]: Registered adapter: snowflake=1.11.5
[0m07:35:28.806661 [debug] [MainThread]: checksum: 30a8cc8fdcbf66701b0944d4ccce3fa46dd04b61e5df68b9f16d57b2e0e3f0be, vars: {}, profile: , target: , version: 1.11.11
[0m07:35:28.952576 [debug] [MainThread]: Partial parsing enabled: 0 files deleted, 0 files added, 0 files changed.
[0m07:35:28.952576 [debug] [MainThread]: Nothing changed, skipping partial parsing.
[0m07:35:28.953536 [debug] [MainThread]: Partial parsing enabled, no changes found, skipping parsing
[0m07:35:28.989579 [debug] [MainThread]: Sending event: {'category': 'dbt', 'action': 'load_project', 'label': 'd0a8263e-9726-499b-908b-51e60cf925f7', 'context': [<snowplow_tracker.self_describing_json.SelfDescribingJson object at 0x000001A82AC18410>]}
[0m07:35:29.069776 [debug] [MainThread]: Wrote artifact WritableManifest to C:\Users\guruv\Downloads\Data\Project\AI-Powered-Financial-Risk-Intelligence-Platform\dbt_AI_financial_risk_project\target\manifest.json
[0m07:35:29.071773 [debug] [MainThread]: Wrote artifact SemanticManifest to C:\Users\guruv\Downloads\Data\Project\AI-Powered-Financial-Risk-Intelligence-Platform\dbt_AI_financial_risk_project\target\semantic_manifest.json
[0m07:35:29.084018 [debug] [MainThread]: Sending event: {'category': 'dbt', 'action': 'resource_counts', 'label': 'd0a8263e-9726-499b-908b-51e60cf925f7', 'context': [<snowplow_tracker.self_describing_json.SelfDescribingJson object at 0x000001A82AAA7E10>]}
[0m07:35:29.084018 [info ] [MainThread]: Found 4 models, 4 data tests, 536 macros
[0m07:35:29.085018 [debug] [MainThread]: Sending event: {'category': 'dbt', 'action': 'runnable_timing', 'label': 'd0a8263e-9726-499b-908b-51e60cf925f7', 'context': [<snowplow_tracker.self_describing_json.SelfDescribingJson object at 0x000001A817EE3E90>]}
[0m07:35:29.087057 [info ] [MainThread]: 
[0m07:35:29.087057 [info ] [MainThread]: Concurrency: 4 threads (target='dev')
[0m07:35:29.088019 [info ] [MainThread]: 
[0m07:35:29.089059 [debug] [MainThread]: Acquiring new snowflake connection 'master'
[0m07:35:29.090019 [debug] [ThreadPool]: Acquiring new snowflake connection 'list_FINANCIAL_RISK_INTELLIGENCE'
[0m07:35:29.172443 [debug] [ThreadPool]: Using snowflake connection "list_FINANCIAL_RISK_INTELLIGENCE"
[0m07:35:29.173402 [debug] [ThreadPool]: On list_FINANCIAL_RISK_INTELLIGENCE: show terse schemas in database FINANCIAL_RISK_INTELLIGENCE
    limit 10000
/* {"app": "dbt", "dbt_version": "1.11.11", "profile_name": "dbt_AI_financial_risk_project", "target_name": "dev", "connection_name": "list_FINANCIAL_RISK_INTELLIGENCE"} */
[0m07:35:29.173402 [debug] [ThreadPool]: Opening a new connection, currently in state init
[0m07:35:31.016402 [debug] [ThreadPool]: SQL status: SUCCESS 6 in 1.842 seconds
[0m07:35:31.037402 [debug] [ThreadPool]: Acquiring new snowflake connection 'list_FINANCIAL_RISK_INTELLIGENCE_ANALYTICS'
[0m07:35:31.038408 [debug] [ThreadPool]: Acquiring new snowflake connection 'list_FINANCIAL_RISK_INTELLIGENCE_ANALYTICS_SILVER'
[0m07:35:31.062078 [debug] [ThreadPool]: Using snowflake connection "list_FINANCIAL_RISK_INTELLIGENCE_ANALYTICS"
[0m07:35:31.063080 [debug] [ThreadPool]: Acquiring new snowflake connection 'list_FINANCIAL_RISK_INTELLIGENCE_ANALYTICS_GOLD'
[0m07:35:31.066033 [debug] [ThreadPool]: Using snowflake connection "list_FINANCIAL_RISK_INTELLIGENCE_ANALYTICS_SILVER"
[0m07:35:31.066033 [debug] [ThreadPool]: On list_FINANCIAL_RISK_INTELLIGENCE_ANALYTICS: show objects in FINANCIAL_RISK_INTELLIGENCE.ANALYTICS
    limit 10000
    

/* {"app": "dbt", "dbt_version": "1.11.11", "profile_name": "dbt_AI_financial_risk_project", "target_name": "dev", "connection_name": "list_FINANCIAL_RISK_INTELLIGENCE_ANALYTICS"} */;
[0m07:35:31.069033 [debug] [ThreadPool]: Using snowflake connection "list_FINANCIAL_RISK_INTELLIGENCE_ANALYTICS_GOLD"
[0m07:35:31.070033 [debug] [ThreadPool]: On list_FINANCIAL_RISK_INTELLIGENCE_ANALYTICS_SILVER: show objects in FINANCIAL_RISK_INTELLIGENCE.ANALYTICS_SILVER
    limit 10000
    

/* {"app": "dbt", "dbt_version": "1.11.11", "profile_name": "dbt_AI_financial_risk_project", "target_name": "dev", "connection_name": "list_FINANCIAL_RISK_INTELLIGENCE_ANALYTICS_SILVER"} */;
[0m07:35:31.070033 [debug] [ThreadPool]: Opening a new connection, currently in state init
[0m07:35:31.071034 [debug] [ThreadPool]: On list_FINANCIAL_RISK_INTELLIGENCE_ANALYTICS_GOLD: show objects in FINANCIAL_RISK_INTELLIGENCE.ANALYTICS_GOLD
    limit 10000
    

/* {"app": "dbt", "dbt_version": "1.11.11", "profile_name": "dbt_AI_financial_risk_project", "target_name": "dev", "connection_name": "list_FINANCIAL_RISK_INTELLIGENCE_ANALYTICS_GOLD"} */;
[0m07:35:31.072033 [debug] [ThreadPool]: Opening a new connection, currently in state init
[0m07:35:31.073033 [debug] [ThreadPool]: Opening a new connection, currently in state init
[0m07:35:32.707999 [debug] [ThreadPool]: SQL status: SUCCESS 0 in 1.634 seconds
[0m07:35:32.718035 [debug] [ThreadPool]: SQL status: SUCCESS 1 in 1.647 seconds
[0m07:35:32.759904 [debug] [ThreadPool]: SQL status: SUCCESS 7 in 1.690 seconds
[0m07:35:32.767971 [debug] [MainThread]: Sending event: {'category': 'dbt', 'action': 'runnable_timing', 'label': 'd0a8263e-9726-499b-908b-51e60cf925f7', 'context': [<snowplow_tracker.self_describing_json.SelfDescribingJson object at 0x000001A814606B90>]}
[0m07:35:32.777297 [debug] [Thread-2 (]: Began running node model.dbt_AI_financial_risk_project.dim_product
[0m07:35:32.778296 [info ] [Thread-2 (]: 1 of 1 START sql table model ANALYTICS_GOLD.dim_product ........................ [RUN]
[0m07:35:32.780301 [debug] [Thread-2 (]: Acquiring new snowflake connection 'model.dbt_AI_financial_risk_project.dim_product'
[0m07:35:32.781355 [debug] [Thread-2 (]: Began compiling node model.dbt_AI_financial_risk_project.dim_product
[0m07:35:32.798341 [debug] [Thread-2 (]: Writing injected SQL for node "model.dbt_AI_financial_risk_project.dim_product"
[0m07:35:32.800303 [debug] [Thread-2 (]: Began executing node model.dbt_AI_financial_risk_project.dim_product
[0m07:35:32.839087 [debug] [Thread-2 (]: Writing runtime sql for node "model.dbt_AI_financial_risk_project.dim_product"
[0m07:35:32.841043 [debug] [Thread-2 (]: Using snowflake connection "model.dbt_AI_financial_risk_project.dim_product"
[0m07:35:32.841043 [debug] [Thread-2 (]: On model.dbt_AI_financial_risk_project.dim_product: create or replace transient table FINANCIAL_RISK_INTELLIGENCE.ANALYTICS_GOLD.dim_product
    
    
    
    as (

WITH unique_products AS (
    -- Point to the exact table dbt just successfully built
    SELECT DISTINCT product
    FROM FINANCIAL_RISK_INTELLIGENCE.ANALYTICS_SILVER.STG_COMPLAINTS
    WHERE product IS NOT NULL
)

SELECT
    ROW_NUMBER() OVER (ORDER BY product) AS product_key,
    product
FROM unique_products
    )

/* {"app": "dbt", "dbt_version": "1.11.11", "profile_name": "dbt_AI_financial_risk_project", "target_name": "dev", "node_id": "model.dbt_AI_financial_risk_project.dim_product"} */;
[0m07:35:32.842390 [debug] [Thread-2 (]: Opening a new connection, currently in state init
[0m07:35:36.391594 [debug] [Thread-2 (]: SQL status: SUCCESS 19 in 3.549 seconds
[0m07:35:36.418738 [debug] [Thread-2 (]: Sending event: {'category': 'dbt', 'action': 'run_model', 'label': 'd0a8263e-9726-499b-908b-51e60cf925f7', 'context': [<snowplow_tracker.self_describing_json.SelfDescribingJson object at 0x000001A82A786BD0>]}
[0m07:35:36.419741 [info ] [Thread-2 (]: 1 of 1 OK created sql table model ANALYTICS_GOLD.dim_product ................... [[32mSUCCESS 19[0m in 3.64s]
[0m07:35:36.420738 [debug] [Thread-2 (]: Finished running node model.dbt_AI_financial_risk_project.dim_product
[0m07:35:36.421742 [debug] [MainThread]: Connection 'master' was properly closed.
[0m07:35:36.423044 [debug] [MainThread]: Connection 'list_FINANCIAL_RISK_INTELLIGENCE' was left open.
[0m07:35:36.423044 [debug] [MainThread]: On list_FINANCIAL_RISK_INTELLIGENCE: Close
[0m07:35:36.994045 [debug] [MainThread]: Connection 'list_FINANCIAL_RISK_INTELLIGENCE_ANALYTICS' was left open.
[0m07:35:36.995116 [debug] [MainThread]: On list_FINANCIAL_RISK_INTELLIGENCE_ANALYTICS: Close
[0m07:35:37.852128 [debug] [MainThread]: Connection 'list_FINANCIAL_RISK_INTELLIGENCE_ANALYTICS_SILVER' was left open.
[0m07:35:37.855060 [debug] [MainThread]: On list_FINANCIAL_RISK_INTELLIGENCE_ANALYTICS_SILVER: Close
[0m07:35:38.449508 [debug] [MainThread]: Connection 'list_FINANCIAL_RISK_INTELLIGENCE_ANALYTICS_GOLD' was left open.
[0m07:35:38.451501 [debug] [MainThread]: On list_FINANCIAL_RISK_INTELLIGENCE_ANALYTICS_GOLD: Close
[0m07:35:39.068189 [debug] [MainThread]: Connection 'model.dbt_AI_financial_risk_project.dim_product' was left open.
[0m07:35:39.071200 [debug] [MainThread]: On model.dbt_AI_financial_risk_project.dim_product: Close
[0m07:35:39.707754 [info ] [MainThread]: 
[0m07:35:39.708757 [info ] [MainThread]: Finished running 1 table model in 0 hours 0 minutes and 10.62 seconds (10.62s).
[0m07:35:39.709754 [debug] [MainThread]: Command end result
[0m07:35:39.749716 [debug] [MainThread]: Wrote artifact WritableManifest to C:\Users\guruv\Downloads\Data\Project\AI-Powered-Financial-Risk-Intelligence-Platform\dbt_AI_financial_risk_project\target\manifest.json
[0m07:35:39.751717 [debug] [MainThread]: Wrote artifact SemanticManifest to C:\Users\guruv\Downloads\Data\Project\AI-Powered-Financial-Risk-Intelligence-Platform\dbt_AI_financial_risk_project\target\semantic_manifest.json
[0m07:35:39.758717 [debug] [MainThread]: Wrote artifact RunExecutionResult to C:\Users\guruv\Downloads\Data\Project\AI-Powered-Financial-Risk-Intelligence-Platform\dbt_AI_financial_risk_project\target\run_results.json
[0m07:35:39.759723 [info ] [MainThread]: 
[0m07:35:39.760717 [info ] [MainThread]: [32mCompleted successfully[0m
[0m07:35:39.760717 [info ] [MainThread]: 
[0m07:35:39.761742 [info ] [MainThread]: Done. PASS=1 WARN=0 ERROR=0 SKIP=0 NO-OP=0 TOTAL=1
[0m07:35:39.763235 [debug] [MainThread]: Command `dbt run` succeeded at 07:35:39.763235 after 12.65 seconds
[0m07:35:39.764234 [debug] [MainThread]: Sending event: {'category': 'dbt', 'action': 'invocation', 'label': 'end', 'context': [<snowplow_tracker.self_describing_json.SelfDescribingJson object at 0x000001A818FABC90>, <snowplow_tracker.self_describing_json.SelfDescribingJson object at 0x000001A818FAB9D0>, <snowplow_tracker.self_describing_json.SelfDescribingJson object at 0x000001A8111C0510>]}
[0m07:35:39.765257 [debug] [MainThread]: Flushing usage events
[0m07:35:41.064856 [debug] [MainThread]: An error was encountered while trying to flush usage events
[0m07:39:50.683850 [debug] [MainThread]: Sending event: {'category': 'dbt', 'action': 'invocation', 'label': 'start', 'context': [<snowplow_tracker.self_describing_json.SelfDescribingJson object at 0x0000016E95B4F390>, <snowplow_tracker.self_describing_json.SelfDescribingJson object at 0x0000016E96BFD2D0>, <snowplow_tracker.self_describing_json.SelfDescribingJson object at 0x0000016E96BFDD90>]}


============================== 07:39:50.686899 | 61d6b2bc-fc9f-4d0b-9d1f-ead113996a0e ==============================
[0m07:39:50.686899 [info ] [MainThread]: Running with dbt=1.11.11
[0m07:39:50.687898 [debug] [MainThread]: running dbt with arguments {'static_parser': 'True', 'no_print': 'None', 'version_check': 'True', 'target_path': 'None', 'warn_error_options': 'WarnErrorOptionsV2(error=[], warn=[], silence=[])', 'printer_width': '80', 'write_json': 'True', 'introspect': 'True', 'log_cache_events': 'False', 'empty': 'False', 'cache_selected_only': 'False', 'fail_fast': 'False', 'debug': 'False', 'log_format': 'default', 'partial_parse': 'True', 'send_anonymous_usage_stats': 'True', 'quiet': 'False', 'warn_error': 'None', 'profiles_dir': '.', 'use_colors': 'True', 'indirect_selection': 'eager', 'invocation_command': 'dbt run --select dim_company --profiles-dir .', 'use_experimental_parser': 'False', 'log_path': 'C:\\Users\\guruv\\Downloads\\Data\\Project\\AI-Powered-Financial-Risk-Intelligence-Platform\\dbt_AI_financial_risk_project\\logs'}
[0m07:39:51.602352 [debug] [MainThread]: Snowflake adapter: Setting snowflake.connector to ERROR (file logging only)
[0m07:39:51.603352 [debug] [MainThread]: Snowflake adapter: Setting botocore to ERROR (file logging only)
[0m07:39:51.603352 [debug] [MainThread]: Snowflake adapter: Setting boto3 to ERROR (file logging only)
[0m07:39:51.822703 [debug] [MainThread]: Sending event: {'category': 'dbt', 'action': 'project_id', 'label': '61d6b2bc-fc9f-4d0b-9d1f-ead113996a0e', 'context': [<snowplow_tracker.self_describing_json.SelfDescribingJson object at 0x0000016EA832EF50>]}
[0m07:39:51.884029 [debug] [MainThread]: Sending event: {'category': 'dbt', 'action': 'adapter_info', 'label': '61d6b2bc-fc9f-4d0b-9d1f-ead113996a0e', 'context': [<snowplow_tracker.self_describing_json.SelfDescribingJson object at 0x0000016E94B1E290>]}
[0m07:39:51.886005 [info ] [MainThread]: Registered adapter: snowflake=1.11.5
[0m07:39:52.341573 [debug] [MainThread]: checksum: 30a8cc8fdcbf66701b0944d4ccce3fa46dd04b61e5df68b9f16d57b2e0e3f0be, vars: {}, profile: , target: , version: 1.11.11
[0m07:39:52.488222 [debug] [MainThread]: Partial parsing enabled: 0 files deleted, 1 files added, 0 files changed.
[0m07:39:52.489222 [debug] [MainThread]: Partial parsing: added file: dbt_AI_financial_risk_project://models\gold\dim_company.sql
[0m07:39:52.744398 [debug] [MainThread]: Sending event: {'category': 'dbt', 'action': 'load_project', 'label': '61d6b2bc-fc9f-4d0b-9d1f-ead113996a0e', 'context': [<snowplow_tracker.self_describing_json.SelfDescribingJson object at 0x0000016EA8709350>]}
[0m07:39:52.825806 [debug] [MainThread]: Wrote artifact WritableManifest to C:\Users\guruv\Downloads\Data\Project\AI-Powered-Financial-Risk-Intelligence-Platform\dbt_AI_financial_risk_project\target\manifest.json
[0m07:39:52.828821 [debug] [MainThread]: Wrote artifact SemanticManifest to C:\Users\guruv\Downloads\Data\Project\AI-Powered-Financial-Risk-Intelligence-Platform\dbt_AI_financial_risk_project\target\semantic_manifest.json
[0m07:39:52.840869 [debug] [MainThread]: Sending event: {'category': 'dbt', 'action': 'resource_counts', 'label': '61d6b2bc-fc9f-4d0b-9d1f-ead113996a0e', 'context': [<snowplow_tracker.self_describing_json.SelfDescribingJson object at 0x0000016EA869FA10>]}
[0m07:39:52.841886 [info ] [MainThread]: Found 5 models, 4 data tests, 536 macros
[0m07:39:52.841886 [debug] [MainThread]: Sending event: {'category': 'dbt', 'action': 'runnable_timing', 'label': '61d6b2bc-fc9f-4d0b-9d1f-ead113996a0e', 'context': [<snowplow_tracker.self_describing_json.SelfDescribingJson object at 0x0000016EA8B864D0>]}
[0m07:39:52.844293 [info ] [MainThread]: 
[0m07:39:52.845294 [info ] [MainThread]: Concurrency: 4 threads (target='dev')
[0m07:39:52.846476 [info ] [MainThread]: 
[0m07:39:52.847478 [debug] [MainThread]: Acquiring new snowflake connection 'master'
[0m07:39:52.848476 [debug] [ThreadPool]: Acquiring new snowflake connection 'list_FINANCIAL_RISK_INTELLIGENCE'
[0m07:39:52.937001 [debug] [ThreadPool]: Using snowflake connection "list_FINANCIAL_RISK_INTELLIGENCE"
[0m07:39:52.937963 [debug] [ThreadPool]: On list_FINANCIAL_RISK_INTELLIGENCE: show terse schemas in database FINANCIAL_RISK_INTELLIGENCE
    limit 10000
/* {"app": "dbt", "dbt_version": "1.11.11", "profile_name": "dbt_AI_financial_risk_project", "target_name": "dev", "connection_name": "list_FINANCIAL_RISK_INTELLIGENCE"} */
[0m07:39:52.938966 [debug] [ThreadPool]: Opening a new connection, currently in state init
[0m07:39:54.724318 [debug] [ThreadPool]: SQL status: SUCCESS 6 in 1.786 seconds
[0m07:39:54.740396 [debug] [ThreadPool]: Acquiring new snowflake connection 'list_FINANCIAL_RISK_INTELLIGENCE_ANALYTICS'
[0m07:39:54.831669 [debug] [ThreadPool]: Acquiring new snowflake connection 'list_FINANCIAL_RISK_INTELLIGENCE_ANALYTICS_SILVER'
[0m07:39:54.858041 [debug] [ThreadPool]: Using snowflake connection "list_FINANCIAL_RISK_INTELLIGENCE_ANALYTICS"
[0m07:39:54.859051 [debug] [ThreadPool]: Acquiring new snowflake connection 'list_FINANCIAL_RISK_INTELLIGENCE_ANALYTICS_GOLD'
[0m07:39:54.862999 [debug] [ThreadPool]: Using snowflake connection "list_FINANCIAL_RISK_INTELLIGENCE_ANALYTICS_SILVER"
[0m07:39:54.864037 [debug] [ThreadPool]: On list_FINANCIAL_RISK_INTELLIGENCE_ANALYTICS: show objects in FINANCIAL_RISK_INTELLIGENCE.ANALYTICS
    limit 10000
    

/* {"app": "dbt", "dbt_version": "1.11.11", "profile_name": "dbt_AI_financial_risk_project", "target_name": "dev", "connection_name": "list_FINANCIAL_RISK_INTELLIGENCE_ANALYTICS"} */;
[0m07:39:54.868037 [debug] [ThreadPool]: Using snowflake connection "list_FINANCIAL_RISK_INTELLIGENCE_ANALYTICS_GOLD"
[0m07:39:54.869001 [debug] [ThreadPool]: On list_FINANCIAL_RISK_INTELLIGENCE_ANALYTICS_SILVER: show objects in FINANCIAL_RISK_INTELLIGENCE.ANALYTICS_SILVER
    limit 10000
    

/* {"app": "dbt", "dbt_version": "1.11.11", "profile_name": "dbt_AI_financial_risk_project", "target_name": "dev", "connection_name": "list_FINANCIAL_RISK_INTELLIGENCE_ANALYTICS_SILVER"} */;
[0m07:39:54.869001 [debug] [ThreadPool]: Opening a new connection, currently in state init
[0m07:39:54.870038 [debug] [ThreadPool]: On list_FINANCIAL_RISK_INTELLIGENCE_ANALYTICS_GOLD: show objects in FINANCIAL_RISK_INTELLIGENCE.ANALYTICS_GOLD
    limit 10000
    

/* {"app": "dbt", "dbt_version": "1.11.11", "profile_name": "dbt_AI_financial_risk_project", "target_name": "dev", "connection_name": "list_FINANCIAL_RISK_INTELLIGENCE_ANALYTICS_GOLD"} */;
[0m07:39:54.871039 [debug] [ThreadPool]: Opening a new connection, currently in state init
[0m07:39:54.873045 [debug] [ThreadPool]: Opening a new connection, currently in state init
[0m07:39:56.484597 [debug] [ThreadPool]: SQL status: SUCCESS 1 in 1.613 seconds
[0m07:39:56.951644 [debug] [ThreadPool]: SQL status: SUCCESS 7 in 2.082 seconds
[0m07:39:56.967651 [debug] [ThreadPool]: SQL status: SUCCESS 1 in 2.094 seconds
[0m07:39:56.973752 [debug] [MainThread]: Sending event: {'category': 'dbt', 'action': 'runnable_timing', 'label': '61d6b2bc-fc9f-4d0b-9d1f-ead113996a0e', 'context': [<snowplow_tracker.self_describing_json.SelfDescribingJson object at 0x0000016EA8B49C10>]}
[0m07:39:56.984017 [debug] [Thread-2 (]: Began running node model.dbt_AI_financial_risk_project.dim_company
[0m07:39:56.985956 [info ] [Thread-2 (]: 1 of 1 START sql table model ANALYTICS_GOLD.dim_company ........................ [RUN]
[0m07:39:56.987957 [debug] [Thread-2 (]: Acquiring new snowflake connection 'model.dbt_AI_financial_risk_project.dim_company'
[0m07:39:56.988998 [debug] [Thread-2 (]: Began compiling node model.dbt_AI_financial_risk_project.dim_company
[0m07:39:57.003002 [debug] [Thread-2 (]: Writing injected SQL for node "model.dbt_AI_financial_risk_project.dim_company"
[0m07:39:57.004954 [debug] [Thread-2 (]: Began executing node model.dbt_AI_financial_risk_project.dim_company
[0m07:39:57.040358 [debug] [Thread-2 (]: Writing runtime sql for node "model.dbt_AI_financial_risk_project.dim_company"
[0m07:39:57.041317 [debug] [Thread-2 (]: Using snowflake connection "model.dbt_AI_financial_risk_project.dim_company"
[0m07:39:57.042316 [debug] [Thread-2 (]: On model.dbt_AI_financial_risk_project.dim_company: create or replace transient table FINANCIAL_RISK_INTELLIGENCE.ANALYTICS_GOLD.dim_company
    
    
    
    as (

SELECT DISTINCT
    ROW_NUMBER() OVER (ORDER BY company) AS company_key,
    company
FROM FINANCIAL_RISK_INTELLIGENCE.ANALYTICS_SILVER.stg_complaints
WHERE company IS NOT NULL
    )

/* {"app": "dbt", "dbt_version": "1.11.11", "profile_name": "dbt_AI_financial_risk_project", "target_name": "dev", "node_id": "model.dbt_AI_financial_risk_project.dim_company"} */;
[0m07:39:57.042316 [debug] [Thread-2 (]: Opening a new connection, currently in state init
[0m07:40:00.402628 [debug] [Thread-2 (]: SQL status: SUCCESS 10000 in 3.359 seconds
[0m07:40:00.458236 [debug] [Thread-2 (]: Sending event: {'category': 'dbt', 'action': 'run_model', 'label': '61d6b2bc-fc9f-4d0b-9d1f-ead113996a0e', 'context': [<snowplow_tracker.self_describing_json.SelfDescribingJson object at 0x0000016EA8763590>]}
[0m07:40:00.459236 [info ] [Thread-2 (]: 1 of 1 OK created sql table model ANALYTICS_GOLD.dim_company ................... [[32mSUCCESS 10000[0m in 3.47s]
[0m07:40:00.460234 [debug] [Thread-2 (]: Finished running node model.dbt_AI_financial_risk_project.dim_company
[0m07:40:00.462596 [debug] [MainThread]: Connection 'master' was properly closed.
[0m07:40:00.462596 [debug] [MainThread]: Connection 'list_FINANCIAL_RISK_INTELLIGENCE' was left open.
[0m07:40:00.463640 [debug] [MainThread]: On list_FINANCIAL_RISK_INTELLIGENCE: Close
[0m07:40:01.095359 [debug] [MainThread]: Connection 'list_FINANCIAL_RISK_INTELLIGENCE_ANALYTICS' was left open.
[0m07:40:01.097314 [debug] [MainThread]: On list_FINANCIAL_RISK_INTELLIGENCE_ANALYTICS: Close
[0m07:40:01.662318 [debug] [MainThread]: Connection 'list_FINANCIAL_RISK_INTELLIGENCE_ANALYTICS_SILVER' was left open.
[0m07:40:01.664318 [debug] [MainThread]: On list_FINANCIAL_RISK_INTELLIGENCE_ANALYTICS_SILVER: Close
[0m07:40:02.259201 [debug] [MainThread]: Connection 'list_FINANCIAL_RISK_INTELLIGENCE_ANALYTICS_GOLD' was left open.
[0m07:40:02.260279 [debug] [MainThread]: On list_FINANCIAL_RISK_INTELLIGENCE_ANALYTICS_GOLD: Close
[0m07:40:02.931635 [debug] [MainThread]: Connection 'model.dbt_AI_financial_risk_project.dim_company' was left open.
[0m07:40:02.933631 [debug] [MainThread]: On model.dbt_AI_financial_risk_project.dim_company: Close
[0m07:40:03.512079 [info ] [MainThread]: 
[0m07:40:03.515018 [info ] [MainThread]: Finished running 1 table model in 0 hours 0 minutes and 10.66 seconds (10.66s).
[0m07:40:03.519086 [debug] [MainThread]: Command end result
[0m07:40:03.587113 [debug] [MainThread]: Wrote artifact WritableManifest to C:\Users\guruv\Downloads\Data\Project\AI-Powered-Financial-Risk-Intelligence-Platform\dbt_AI_financial_risk_project\target\manifest.json
[0m07:40:03.590175 [debug] [MainThread]: Wrote artifact SemanticManifest to C:\Users\guruv\Downloads\Data\Project\AI-Powered-Financial-Risk-Intelligence-Platform\dbt_AI_financial_risk_project\target\semantic_manifest.json
[0m07:40:03.596308 [debug] [MainThread]: Wrote artifact RunExecutionResult to C:\Users\guruv\Downloads\Data\Project\AI-Powered-Financial-Risk-Intelligence-Platform\dbt_AI_financial_risk_project\target\run_results.json
[0m07:40:03.597269 [info ] [MainThread]: 
[0m07:40:03.597269 [info ] [MainThread]: [32mCompleted successfully[0m
[0m07:40:03.598271 [info ] [MainThread]: 
[0m07:40:03.599321 [info ] [MainThread]: Done. PASS=1 WARN=0 ERROR=0 SKIP=0 NO-OP=0 TOTAL=1
[0m07:40:03.600270 [debug] [MainThread]: Command `dbt run` succeeded at 07:40:03.600270 after 13.01 seconds
[0m07:40:03.600270 [debug] [MainThread]: Sending event: {'category': 'dbt', 'action': 'invocation', 'label': 'end', 'context': [<snowplow_tracker.self_describing_json.SelfDescribingJson object at 0x0000016E8EDE0950>, <snowplow_tracker.self_describing_json.SelfDescribingJson object at 0x0000016E8EDE0510>, <snowplow_tracker.self_describing_json.SelfDescribingJson object at 0x0000016E8EDE0190>]}
[0m07:40:03.601269 [debug] [MainThread]: Flushing usage events
[0m07:40:04.929267 [debug] [MainThread]: An error was encountered while trying to flush usage events
[0m07:46:38.464077 [debug] [MainThread]: Sending event: {'category': 'dbt', 'action': 'invocation', 'label': 'start', 'context': [<snowplow_tracker.self_describing_json.SelfDescribingJson object at 0x00000152A4EA6A10>, <snowplow_tracker.self_describing_json.SelfDescribingJson object at 0x00000152A67C7250>, <snowplow_tracker.self_describing_json.SelfDescribingJson object at 0x00000152A67C7850>]}


============================== 07:46:38.467126 | 8253be26-6c98-4157-843b-2423af77310d ==============================
[0m07:46:38.467126 [info ] [MainThread]: Running with dbt=1.11.11
[0m07:46:38.468145 [debug] [MainThread]: running dbt with arguments {'version_check': 'True', 'no_print': 'None', 'static_parser': 'True', 'warn_error_options': 'WarnErrorOptionsV2(error=[], warn=[], silence=[])', 'target_path': 'None', 'printer_width': '80', 'write_json': 'True', 'introspect': 'True', 'log_cache_events': 'False', 'empty': 'False', 'cache_selected_only': 'False', 'log_format': 'default', 'debug': 'False', 'fail_fast': 'False', 'partial_parse': 'True', 'send_anonymous_usage_stats': 'True', 'quiet': 'False', 'warn_error': 'None', 'profiles_dir': '.', 'invocation_command': 'dbt run --select dim_location --profiles-dir .', 'use_colors': 'True', 'indirect_selection': 'eager', 'use_experimental_parser': 'False', 'log_path': 'C:\\Users\\guruv\\Downloads\\Data\\Project\\AI-Powered-Financial-Risk-Intelligence-Platform\\dbt_AI_financial_risk_project\\logs'}
[0m07:46:39.373923 [debug] [MainThread]: Snowflake adapter: Setting snowflake.connector to ERROR (file logging only)
[0m07:46:39.374965 [debug] [MainThread]: Snowflake adapter: Setting botocore to ERROR (file logging only)
[0m07:46:39.374965 [debug] [MainThread]: Snowflake adapter: Setting boto3 to ERROR (file logging only)
[0m07:46:39.587030 [debug] [MainThread]: Sending event: {'category': 'dbt', 'action': 'project_id', 'label': '8253be26-6c98-4157-843b-2423af77310d', 'context': [<snowplow_tracker.self_describing_json.SelfDescribingJson object at 0x00000152B7F1AED0>]}
[0m07:46:39.646030 [debug] [MainThread]: Sending event: {'category': 'dbt', 'action': 'adapter_info', 'label': '8253be26-6c98-4157-843b-2423af77310d', 'context': [<snowplow_tracker.self_describing_json.SelfDescribingJson object at 0x00000152A46FDFD0>]}
[0m07:46:39.647583 [info ] [MainThread]: Registered adapter: snowflake=1.11.5
[0m07:46:40.085366 [debug] [MainThread]: checksum: 30a8cc8fdcbf66701b0944d4ccce3fa46dd04b61e5df68b9f16d57b2e0e3f0be, vars: {}, profile: , target: , version: 1.11.11
[0m07:46:40.238510 [debug] [MainThread]: Partial parsing enabled: 0 files deleted, 1 files added, 1 files changed.
[0m07:46:40.239469 [debug] [MainThread]: Partial parsing: added file: dbt_AI_financial_risk_project://models\gold\dim_location.sql
[0m07:46:40.239469 [debug] [MainThread]: Partial parsing: updated file: dbt_AI_financial_risk_project://models\gold\dim_product.sql
[0m07:46:40.490784 [debug] [MainThread]: Sending event: {'category': 'dbt', 'action': 'load_project', 'label': '8253be26-6c98-4157-843b-2423af77310d', 'context': [<snowplow_tracker.self_describing_json.SelfDescribingJson object at 0x00000152A21773D0>]}
[0m07:46:40.568256 [debug] [MainThread]: Wrote artifact WritableManifest to C:\Users\guruv\Downloads\Data\Project\AI-Powered-Financial-Risk-Intelligence-Platform\dbt_AI_financial_risk_project\target\manifest.json
[0m07:46:40.571260 [debug] [MainThread]: Wrote artifact SemanticManifest to C:\Users\guruv\Downloads\Data\Project\AI-Powered-Financial-Risk-Intelligence-Platform\dbt_AI_financial_risk_project\target\semantic_manifest.json
[0m07:46:40.582997 [debug] [MainThread]: Sending event: {'category': 'dbt', 'action': 'resource_counts', 'label': '8253be26-6c98-4157-843b-2423af77310d', 'context': [<snowplow_tracker.self_describing_json.SelfDescribingJson object at 0x00000152A21E72D0>]}
[0m07:46:40.582997 [info ] [MainThread]: Found 6 models, 4 data tests, 536 macros
[0m07:46:40.583997 [debug] [MainThread]: Sending event: {'category': 'dbt', 'action': 'runnable_timing', 'label': '8253be26-6c98-4157-843b-2423af77310d', 'context': [<snowplow_tracker.self_describing_json.SelfDescribingJson object at 0x00000152B83F8A50>]}
[0m07:46:40.586000 [info ] [MainThread]: 
[0m07:46:40.586000 [info ] [MainThread]: Concurrency: 4 threads (target='dev')
[0m07:46:40.586961 [info ] [MainThread]: 
[0m07:46:40.586961 [debug] [MainThread]: Acquiring new snowflake connection 'master'
[0m07:46:40.588437 [debug] [ThreadPool]: Acquiring new snowflake connection 'list_FINANCIAL_RISK_INTELLIGENCE'
[0m07:46:40.668812 [debug] [ThreadPool]: Using snowflake connection "list_FINANCIAL_RISK_INTELLIGENCE"
[0m07:46:40.668812 [debug] [ThreadPool]: On list_FINANCIAL_RISK_INTELLIGENCE: show terse schemas in database FINANCIAL_RISK_INTELLIGENCE
    limit 10000
/* {"app": "dbt", "dbt_version": "1.11.11", "profile_name": "dbt_AI_financial_risk_project", "target_name": "dev", "connection_name": "list_FINANCIAL_RISK_INTELLIGENCE"} */
[0m07:46:40.669812 [debug] [ThreadPool]: Opening a new connection, currently in state init
[0m07:46:42.569828 [debug] [ThreadPool]: SQL status: SUCCESS 6 in 1.900 seconds
[0m07:46:42.590758 [debug] [ThreadPool]: Acquiring new snowflake connection 'list_FINANCIAL_RISK_INTELLIGENCE_ANALYTICS_SILVER'
[0m07:46:42.591754 [debug] [ThreadPool]: Acquiring new snowflake connection 'list_FINANCIAL_RISK_INTELLIGENCE_ANALYTICS_GOLD'
[0m07:46:42.701686 [debug] [ThreadPool]: Acquiring new snowflake connection 'list_FINANCIAL_RISK_INTELLIGENCE_ANALYTICS'
[0m07:46:42.702633 [debug] [ThreadPool]: Using snowflake connection "list_FINANCIAL_RISK_INTELLIGENCE_ANALYTICS_SILVER"
[0m07:46:42.705676 [debug] [ThreadPool]: Using snowflake connection "list_FINANCIAL_RISK_INTELLIGENCE_ANALYTICS_GOLD"
[0m07:46:42.708633 [debug] [ThreadPool]: Using snowflake connection "list_FINANCIAL_RISK_INTELLIGENCE_ANALYTICS"
[0m07:46:42.710092 [debug] [ThreadPool]: On list_FINANCIAL_RISK_INTELLIGENCE_ANALYTICS_SILVER: show objects in FINANCIAL_RISK_INTELLIGENCE.ANALYTICS_SILVER
    limit 10000
    

/* {"app": "dbt", "dbt_version": "1.11.11", "profile_name": "dbt_AI_financial_risk_project", "target_name": "dev", "connection_name": "list_FINANCIAL_RISK_INTELLIGENCE_ANALYTICS_SILVER"} */;
[0m07:46:42.710092 [debug] [ThreadPool]: On list_FINANCIAL_RISK_INTELLIGENCE_ANALYTICS_GOLD: show objects in FINANCIAL_RISK_INTELLIGENCE.ANALYTICS_GOLD
    limit 10000
    

/* {"app": "dbt", "dbt_version": "1.11.11", "profile_name": "dbt_AI_financial_risk_project", "target_name": "dev", "connection_name": "list_FINANCIAL_RISK_INTELLIGENCE_ANALYTICS_GOLD"} */;
[0m07:46:42.711627 [debug] [ThreadPool]: On list_FINANCIAL_RISK_INTELLIGENCE_ANALYTICS: show objects in FINANCIAL_RISK_INTELLIGENCE.ANALYTICS
    limit 10000
    

/* {"app": "dbt", "dbt_version": "1.11.11", "profile_name": "dbt_AI_financial_risk_project", "target_name": "dev", "connection_name": "list_FINANCIAL_RISK_INTELLIGENCE_ANALYTICS"} */;
[0m07:46:42.711627 [debug] [ThreadPool]: Opening a new connection, currently in state init
[0m07:46:42.712641 [debug] [ThreadPool]: Opening a new connection, currently in state init
[0m07:46:42.713640 [debug] [ThreadPool]: Opening a new connection, currently in state init
[0m07:46:44.127765 [debug] [ThreadPool]: SQL status: SUCCESS 7 in 1.414 seconds
[0m07:46:44.357867 [debug] [ThreadPool]: SQL status: SUCCESS 1 in 1.646 seconds
[0m07:46:44.631976 [debug] [ThreadPool]: SQL status: SUCCESS 2 in 1.919 seconds
[0m07:46:44.641903 [debug] [MainThread]: Sending event: {'category': 'dbt', 'action': 'runnable_timing', 'label': '8253be26-6c98-4157-843b-2423af77310d', 'context': [<snowplow_tracker.self_describing_json.SelfDescribingJson object at 0x00000152A21E72D0>]}
[0m07:46:44.652960 [debug] [Thread-2 (]: Began running node model.dbt_AI_financial_risk_project.dim_location
[0m07:46:44.654916 [info ] [Thread-2 (]: 1 of 1 START sql table model ANALYTICS_GOLD.dim_location ....................... [RUN]
[0m07:46:44.657966 [debug] [Thread-2 (]: Acquiring new snowflake connection 'model.dbt_AI_financial_risk_project.dim_location'
[0m07:46:44.658950 [debug] [Thread-2 (]: Began compiling node model.dbt_AI_financial_risk_project.dim_location
[0m07:46:44.677113 [debug] [Thread-2 (]: Writing injected SQL for node "model.dbt_AI_financial_risk_project.dim_location"
[0m07:46:44.679115 [debug] [Thread-2 (]: Began executing node model.dbt_AI_financial_risk_project.dim_location
[0m07:46:44.715801 [debug] [Thread-2 (]: Writing runtime sql for node "model.dbt_AI_financial_risk_project.dim_location"
[0m07:46:44.717759 [debug] [Thread-2 (]: Using snowflake connection "model.dbt_AI_financial_risk_project.dim_location"
[0m07:46:44.718822 [debug] [Thread-2 (]: On model.dbt_AI_financial_risk_project.dim_location: create or replace transient table FINANCIAL_RISK_INTELLIGENCE.ANALYTICS_GOLD.dim_location
    
    
    
    as (

WITH unique_locations AS (
    -- Get the unique combinations of state and zip
    SELECT DISTINCT 
        state, 
        zip_code
    FROM FINANCIAL_RISK_INTELLIGENCE.ANALYTICS_SILVER.stg_complaints
    WHERE state IS NOT NULL
)

SELECT
    ROW_NUMBER() OVER (ORDER BY state, zip_code) AS location_key,
    state,
    zip_code
FROM unique_locations
    )

/* {"app": "dbt", "dbt_version": "1.11.11", "profile_name": "dbt_AI_financial_risk_project", "target_name": "dev", "node_id": "model.dbt_AI_financial_risk_project.dim_location"} */;
[0m07:46:44.718822 [debug] [Thread-2 (]: Opening a new connection, currently in state init
[0m07:46:48.789272 [debug] [Thread-2 (]: SQL status: SUCCESS 4828 in 4.070 seconds
[0m07:46:48.818256 [debug] [Thread-2 (]: Sending event: {'category': 'dbt', 'action': 'run_model', 'label': '8253be26-6c98-4157-843b-2423af77310d', 'context': [<snowplow_tracker.self_describing_json.SelfDescribingJson object at 0x00000152B8613490>]}
[0m07:46:48.819257 [info ] [Thread-2 (]: 1 of 1 OK created sql table model ANALYTICS_GOLD.dim_location .................. [[32mSUCCESS 4828[0m in 4.16s]
[0m07:46:48.820232 [debug] [Thread-2 (]: Finished running node model.dbt_AI_financial_risk_project.dim_location
[0m07:46:48.822216 [debug] [MainThread]: Connection 'master' was properly closed.
[0m07:46:48.822216 [debug] [MainThread]: Connection 'list_FINANCIAL_RISK_INTELLIGENCE' was left open.
[0m07:46:48.823260 [debug] [MainThread]: On list_FINANCIAL_RISK_INTELLIGENCE: Close
[0m07:46:49.489567 [debug] [MainThread]: Connection 'list_FINANCIAL_RISK_INTELLIGENCE_ANALYTICS_SILVER' was left open.
[0m07:46:49.491573 [debug] [MainThread]: On list_FINANCIAL_RISK_INTELLIGENCE_ANALYTICS_SILVER: Close
[0m07:46:50.066771 [debug] [MainThread]: Connection 'list_FINANCIAL_RISK_INTELLIGENCE_ANALYTICS_GOLD' was left open.
[0m07:46:50.069802 [debug] [MainThread]: On list_FINANCIAL_RISK_INTELLIGENCE_ANALYTICS_GOLD: Close
[0m07:46:50.680706 [debug] [MainThread]: Connection 'list_FINANCIAL_RISK_INTELLIGENCE_ANALYTICS' was left open.
[0m07:46:50.682708 [debug] [MainThread]: On list_FINANCIAL_RISK_INTELLIGENCE_ANALYTICS: Close
[0m07:46:51.245519 [debug] [MainThread]: Connection 'model.dbt_AI_financial_risk_project.dim_location' was left open.
[0m07:46:51.246523 [debug] [MainThread]: On model.dbt_AI_financial_risk_project.dim_location: Close
[0m07:46:51.888527 [info ] [MainThread]: 
[0m07:46:51.891543 [info ] [MainThread]: Finished running 1 table model in 0 hours 0 minutes and 11.30 seconds (11.30s).
[0m07:46:51.895469 [debug] [MainThread]: Command end result
[0m07:46:51.941071 [debug] [MainThread]: Wrote artifact WritableManifest to C:\Users\guruv\Downloads\Data\Project\AI-Powered-Financial-Risk-Intelligence-Platform\dbt_AI_financial_risk_project\target\manifest.json
[0m07:46:51.944081 [debug] [MainThread]: Wrote artifact SemanticManifest to C:\Users\guruv\Downloads\Data\Project\AI-Powered-Financial-Risk-Intelligence-Platform\dbt_AI_financial_risk_project\target\semantic_manifest.json
[0m07:46:51.949079 [debug] [MainThread]: Wrote artifact RunExecutionResult to C:\Users\guruv\Downloads\Data\Project\AI-Powered-Financial-Risk-Intelligence-Platform\dbt_AI_financial_risk_project\target\run_results.json
[0m07:46:51.950042 [info ] [MainThread]: 
[0m07:46:51.951043 [info ] [MainThread]: [32mCompleted successfully[0m
[0m07:46:51.951043 [info ] [MainThread]: 
[0m07:46:51.952047 [info ] [MainThread]: Done. PASS=1 WARN=0 ERROR=0 SKIP=0 NO-OP=0 TOTAL=1
[0m07:46:51.953082 [debug] [MainThread]: Command `dbt run` succeeded at 07:46:51.953082 after 13.58 seconds
[0m07:46:51.953082 [debug] [MainThread]: Sending event: {'category': 'dbt', 'action': 'invocation', 'label': 'end', 'context': [<snowplow_tracker.self_describing_json.SelfDescribingJson object at 0x00000152B8AE2510>, <snowplow_tracker.self_describing_json.SelfDescribingJson object at 0x00000152A67CD190>, <snowplow_tracker.self_describing_json.SelfDescribingJson object at 0x00000152A67CD150>]}
[0m07:46:51.954042 [debug] [MainThread]: Flushing usage events
[0m07:46:54.233642 [debug] [MainThread]: An error was encountered while trying to flush usage events
[0m07:50:07.021398 [debug] [MainThread]: Sending event: {'category': 'dbt', 'action': 'invocation', 'label': 'start', 'context': [<snowplow_tracker.self_describing_json.SelfDescribingJson object at 0x000001773511A250>, <snowplow_tracker.self_describing_json.SelfDescribingJson object at 0x00000177352CFAD0>, <snowplow_tracker.self_describing_json.SelfDescribingJson object at 0x000001773537E810>]}


============================== 07:50:07.025399 | 61dd09b0-fd2b-4f4b-a4dd-98c20a9bac92 ==============================
[0m07:50:07.025399 [info ] [MainThread]: Running with dbt=1.11.11
[0m07:50:07.026399 [debug] [MainThread]: running dbt with arguments {'version_check': 'True', 'no_print': 'None', 'static_parser': 'True', 'target_path': 'None', 'warn_error_options': 'WarnErrorOptionsV2(error=[], warn=[], silence=[])', 'printer_width': '80', 'write_json': 'True', 'introspect': 'True', 'log_cache_events': 'False', 'empty': 'False', 'cache_selected_only': 'False', 'log_format': 'default', 'debug': 'False', 'fail_fast': 'False', 'partial_parse': 'True', 'send_anonymous_usage_stats': 'True', 'quiet': 'False', 'warn_error': 'None', 'profiles_dir': '.', 'use_colors': 'True', 'invocation_command': 'dbt run --select fact_complaints --profiles-dir .', 'indirect_selection': 'eager', 'use_experimental_parser': 'False', 'log_path': 'C:\\Users\\guruv\\Downloads\\Data\\Project\\AI-Powered-Financial-Risk-Intelligence-Platform\\dbt_AI_financial_risk_project\\logs'}
[0m07:50:07.924313 [debug] [MainThread]: Snowflake adapter: Setting snowflake.connector to ERROR (file logging only)
[0m07:50:07.925356 [debug] [MainThread]: Snowflake adapter: Setting botocore to ERROR (file logging only)
[0m07:50:07.925356 [debug] [MainThread]: Snowflake adapter: Setting boto3 to ERROR (file logging only)
[0m07:50:08.134402 [debug] [MainThread]: Sending event: {'category': 'dbt', 'action': 'project_id', 'label': '61dd09b0-fd2b-4f4b-a4dd-98c20a9bac92', 'context': [<snowplow_tracker.self_describing_json.SelfDescribingJson object at 0x00000177353F5110>]}
[0m07:50:08.192403 [debug] [MainThread]: Sending event: {'category': 'dbt', 'action': 'adapter_info', 'label': '61dd09b0-fd2b-4f4b-a4dd-98c20a9bac92', 'context': [<snowplow_tracker.self_describing_json.SelfDescribingJson object at 0x000001773434DFD0>]}
[0m07:50:08.194260 [info ] [MainThread]: Registered adapter: snowflake=1.11.5
[0m07:50:08.635847 [debug] [MainThread]: checksum: 30a8cc8fdcbf66701b0944d4ccce3fa46dd04b61e5df68b9f16d57b2e0e3f0be, vars: {}, profile: , target: , version: 1.11.11
[0m07:50:08.793584 [debug] [MainThread]: Partial parsing enabled: 0 files deleted, 1 files added, 0 files changed.
[0m07:50:08.794584 [debug] [MainThread]: Partial parsing: added file: dbt_AI_financial_risk_project://models\gold\fact_complaints.sql
[0m07:50:09.038621 [debug] [MainThread]: Sending event: {'category': 'dbt', 'action': 'load_project', 'label': '61dd09b0-fd2b-4f4b-a4dd-98c20a9bac92', 'context': [<snowplow_tracker.self_describing_json.SelfDescribingJson object at 0x0000017745815F50>]}
[0m07:50:09.116622 [debug] [MainThread]: Wrote artifact WritableManifest to C:\Users\guruv\Downloads\Data\Project\AI-Powered-Financial-Risk-Intelligence-Platform\dbt_AI_financial_risk_project\target\manifest.json
[0m07:50:09.118627 [debug] [MainThread]: Wrote artifact SemanticManifest to C:\Users\guruv\Downloads\Data\Project\AI-Powered-Financial-Risk-Intelligence-Platform\dbt_AI_financial_risk_project\target\semantic_manifest.json
[0m07:50:09.130626 [debug] [MainThread]: Sending event: {'category': 'dbt', 'action': 'resource_counts', 'label': '61dd09b0-fd2b-4f4b-a4dd-98c20a9bac92', 'context': [<snowplow_tracker.self_describing_json.SelfDescribingJson object at 0x0000017748090150>]}
[0m07:50:09.131596 [info ] [MainThread]: Found 7 models, 4 data tests, 536 macros
[0m07:50:09.131596 [debug] [MainThread]: Sending event: {'category': 'dbt', 'action': 'runnable_timing', 'label': '61dd09b0-fd2b-4f4b-a4dd-98c20a9bac92', 'context': [<snowplow_tracker.self_describing_json.SelfDescribingJson object at 0x0000017747AD5090>]}
[0m07:50:09.133887 [info ] [MainThread]: 
[0m07:50:09.133887 [info ] [MainThread]: Concurrency: 4 threads (target='dev')
[0m07:50:09.134901 [info ] [MainThread]: 
[0m07:50:09.135901 [debug] [MainThread]: Acquiring new snowflake connection 'master'
[0m07:50:09.136943 [debug] [ThreadPool]: Acquiring new snowflake connection 'list_FINANCIAL_RISK_INTELLIGENCE'
[0m07:50:09.215841 [debug] [ThreadPool]: Using snowflake connection "list_FINANCIAL_RISK_INTELLIGENCE"
[0m07:50:09.215841 [debug] [ThreadPool]: On list_FINANCIAL_RISK_INTELLIGENCE: show terse schemas in database FINANCIAL_RISK_INTELLIGENCE
    limit 10000
/* {"app": "dbt", "dbt_version": "1.11.11", "profile_name": "dbt_AI_financial_risk_project", "target_name": "dev", "connection_name": "list_FINANCIAL_RISK_INTELLIGENCE"} */
[0m07:50:09.216801 [debug] [ThreadPool]: Opening a new connection, currently in state init
[0m07:50:11.308066 [debug] [ThreadPool]: SQL status: SUCCESS 6 in 2.091 seconds
[0m07:50:11.328681 [debug] [ThreadPool]: Acquiring new snowflake connection 'list_FINANCIAL_RISK_INTELLIGENCE_ANALYTICS'
[0m07:50:11.413717 [debug] [ThreadPool]: Acquiring new snowflake connection 'list_FINANCIAL_RISK_INTELLIGENCE_ANALYTICS_GOLD'
[0m07:50:11.429464 [debug] [ThreadPool]: Using snowflake connection "list_FINANCIAL_RISK_INTELLIGENCE_ANALYTICS"
[0m07:50:11.430500 [debug] [ThreadPool]: Acquiring new snowflake connection 'list_FINANCIAL_RISK_INTELLIGENCE_ANALYTICS_SILVER'
[0m07:50:11.433463 [debug] [ThreadPool]: Using snowflake connection "list_FINANCIAL_RISK_INTELLIGENCE_ANALYTICS_GOLD"
[0m07:50:11.434464 [debug] [ThreadPool]: On list_FINANCIAL_RISK_INTELLIGENCE_ANALYTICS: show objects in FINANCIAL_RISK_INTELLIGENCE.ANALYTICS
    limit 10000
    

/* {"app": "dbt", "dbt_version": "1.11.11", "profile_name": "dbt_AI_financial_risk_project", "target_name": "dev", "connection_name": "list_FINANCIAL_RISK_INTELLIGENCE_ANALYTICS"} */;
[0m07:50:11.437463 [debug] [ThreadPool]: Using snowflake connection "list_FINANCIAL_RISK_INTELLIGENCE_ANALYTICS_SILVER"
[0m07:50:11.437463 [debug] [ThreadPool]: On list_FINANCIAL_RISK_INTELLIGENCE_ANALYTICS_GOLD: show objects in FINANCIAL_RISK_INTELLIGENCE.ANALYTICS_GOLD
    limit 10000
    

/* {"app": "dbt", "dbt_version": "1.11.11", "profile_name": "dbt_AI_financial_risk_project", "target_name": "dev", "connection_name": "list_FINANCIAL_RISK_INTELLIGENCE_ANALYTICS_GOLD"} */;
[0m07:50:11.438464 [debug] [ThreadPool]: Opening a new connection, currently in state init
[0m07:50:11.439463 [debug] [ThreadPool]: On list_FINANCIAL_RISK_INTELLIGENCE_ANALYTICS_SILVER: show objects in FINANCIAL_RISK_INTELLIGENCE.ANALYTICS_SILVER
    limit 10000
    

/* {"app": "dbt", "dbt_version": "1.11.11", "profile_name": "dbt_AI_financial_risk_project", "target_name": "dev", "connection_name": "list_FINANCIAL_RISK_INTELLIGENCE_ANALYTICS_SILVER"} */;
[0m07:50:11.439463 [debug] [ThreadPool]: Opening a new connection, currently in state init
[0m07:50:11.441466 [debug] [ThreadPool]: Opening a new connection, currently in state init
[0m07:50:13.088722 [debug] [ThreadPool]: SQL status: SUCCESS 7 in 1.650 seconds
[0m07:50:13.290081 [debug] [ThreadPool]: SQL status: SUCCESS 3 in 1.850 seconds
[0m07:50:13.621174 [debug] [ThreadPool]: SQL status: SUCCESS 1 in 2.179 seconds
[0m07:50:13.629364 [debug] [MainThread]: Sending event: {'category': 'dbt', 'action': 'runnable_timing', 'label': '61dd09b0-fd2b-4f4b-a4dd-98c20a9bac92', 'context': [<snowplow_tracker.self_describing_json.SelfDescribingJson object at 0x0000017748268390>]}
[0m07:50:13.639396 [debug] [Thread-2 (]: Began running node model.dbt_AI_financial_risk_project.fact_complaints
[0m07:50:13.640366 [info ] [Thread-2 (]: 1 of 1 START sql table model ANALYTICS_GOLD.fact_complaints .................... [RUN]
[0m07:50:13.642908 [debug] [Thread-2 (]: Acquiring new snowflake connection 'model.dbt_AI_financial_risk_project.fact_complaints'
[0m07:50:13.643906 [debug] [Thread-2 (]: Began compiling node model.dbt_AI_financial_risk_project.fact_complaints
[0m07:50:13.657959 [debug] [Thread-2 (]: Writing injected SQL for node "model.dbt_AI_financial_risk_project.fact_complaints"
[0m07:50:13.660959 [debug] [Thread-2 (]: Began executing node model.dbt_AI_financial_risk_project.fact_complaints
[0m07:50:13.693981 [debug] [Thread-2 (]: Writing runtime sql for node "model.dbt_AI_financial_risk_project.fact_complaints"
[0m07:50:13.695947 [debug] [Thread-2 (]: Using snowflake connection "model.dbt_AI_financial_risk_project.fact_complaints"
[0m07:50:13.696944 [debug] [Thread-2 (]: On model.dbt_AI_financial_risk_project.fact_complaints: create or replace transient table FINANCIAL_RISK_INTELLIGENCE.ANALYTICS_GOLD.fact_complaints
    
    
    
    as (-- This model creates the fact_complaints table in the GOLD schema by joining the staging complaints data with the dimension tables for products, companies, and locations. It selects relevant fields and keys to form a comprehensive fact table for analysis.
-- table, view, incremental, ephemeral 


SELECT
    s.complaint_id,
    p.product_key,
    c.company_key,
    l.location_key,
    s.date_received,
    s.product,
    s.company,
    s.state,
    s.zip_code,
    s.issue,
    s.sub_issue,
    s.consumer_complaint_narrative,
    s.timely_response,
    s.consumer_disputed
FROM FINANCIAL_RISK_INTELLIGENCE.ANALYTICS_SILVER.stg_complaints s
LEFT JOIN FINANCIAL_RISK_INTELLIGENCE.ANALYTICS_GOLD.dim_product p
    ON s.product = p.product
LEFT JOIN FINANCIAL_RISK_INTELLIGENCE.ANALYTICS_GOLD.dim_company c
    ON s.company = c.company
LEFT JOIN FINANCIAL_RISK_INTELLIGENCE.ANALYTICS_GOLD.dim_location l
    ON s.state = l.state
   AND s.zip_code = l.zip_code
    )

/* {"app": "dbt", "dbt_version": "1.11.11", "profile_name": "dbt_AI_financial_risk_project", "target_name": "dev", "node_id": "model.dbt_AI_financial_risk_project.fact_complaints"} */;
[0m07:50:13.697984 [debug] [Thread-2 (]: Opening a new connection, currently in state init
[0m07:50:24.922523 [debug] [Thread-2 (]: SQL status: SUCCESS 18670034 in 11.225 seconds
[0m07:50:24.954403 [debug] [Thread-2 (]: Sending event: {'category': 'dbt', 'action': 'run_model', 'label': '61dd09b0-fd2b-4f4b-a4dd-98c20a9bac92', 'context': [<snowplow_tracker.self_describing_json.SelfDescribingJson object at 0x0000017747BBE1D0>]}
[0m07:50:24.955407 [info ] [Thread-2 (]: 1 of 1 OK created sql table model ANALYTICS_GOLD.fact_complaints ............... [[32mSUCCESS 18670034[0m in 11.31s]
[0m07:50:24.956403 [debug] [Thread-2 (]: Finished running node model.dbt_AI_financial_risk_project.fact_complaints
[0m07:50:24.958403 [debug] [MainThread]: Connection 'master' was properly closed.
[0m07:50:24.958403 [debug] [MainThread]: Connection 'list_FINANCIAL_RISK_INTELLIGENCE' was left open.
[0m07:50:24.959445 [debug] [MainThread]: On list_FINANCIAL_RISK_INTELLIGENCE: Close
[0m07:50:25.530720 [debug] [MainThread]: Connection 'list_FINANCIAL_RISK_INTELLIGENCE_ANALYTICS' was left open.
[0m07:50:25.533657 [debug] [MainThread]: On list_FINANCIAL_RISK_INTELLIGENCE_ANALYTICS: Close
[0m07:50:26.186589 [debug] [MainThread]: Connection 'list_FINANCIAL_RISK_INTELLIGENCE_ANALYTICS_GOLD' was left open.
[0m07:50:26.188579 [debug] [MainThread]: On list_FINANCIAL_RISK_INTELLIGENCE_ANALYTICS_GOLD: Close
[0m07:50:26.819107 [debug] [MainThread]: Connection 'list_FINANCIAL_RISK_INTELLIGENCE_ANALYTICS_SILVER' was left open.
[0m07:50:26.821062 [debug] [MainThread]: On list_FINANCIAL_RISK_INTELLIGENCE_ANALYTICS_SILVER: Close
[0m07:50:27.473914 [debug] [MainThread]: Connection 'model.dbt_AI_financial_risk_project.fact_complaints' was left open.
[0m07:50:27.476841 [debug] [MainThread]: On model.dbt_AI_financial_risk_project.fact_complaints: Close
[0m07:50:28.035121 [info ] [MainThread]: 
[0m07:50:28.036126 [info ] [MainThread]: Finished running 1 table model in 0 hours 0 minutes and 18.90 seconds (18.90s).
[0m07:50:28.038396 [debug] [MainThread]: Command end result
[0m07:50:28.087524 [debug] [MainThread]: Wrote artifact WritableManifest to C:\Users\guruv\Downloads\Data\Project\AI-Powered-Financial-Risk-Intelligence-Platform\dbt_AI_financial_risk_project\target\manifest.json
[0m07:50:28.090886 [debug] [MainThread]: Wrote artifact SemanticManifest to C:\Users\guruv\Downloads\Data\Project\AI-Powered-Financial-Risk-Intelligence-Platform\dbt_AI_financial_risk_project\target\semantic_manifest.json
[0m07:50:28.096399 [debug] [MainThread]: Wrote artifact RunExecutionResult to C:\Users\guruv\Downloads\Data\Project\AI-Powered-Financial-Risk-Intelligence-Platform\dbt_AI_financial_risk_project\target\run_results.json
[0m07:50:28.097365 [info ] [MainThread]: 
[0m07:50:28.098363 [info ] [MainThread]: [32mCompleted successfully[0m
[0m07:50:28.098363 [info ] [MainThread]: 
[0m07:50:28.099647 [info ] [MainThread]: Done. PASS=1 WARN=0 ERROR=0 SKIP=0 NO-OP=0 TOTAL=1
[0m07:50:28.100898 [debug] [MainThread]: Command `dbt run` succeeded at 07:50:28.100898 after 21.17 seconds
[0m07:50:28.101976 [debug] [MainThread]: Sending event: {'category': 'dbt', 'action': 'invocation', 'label': 'end', 'context': [<snowplow_tracker.self_describing_json.SelfDescribingJson object at 0x000001772E7DA890>, <snowplow_tracker.self_describing_json.SelfDescribingJson object at 0x000001772E610510>, <snowplow_tracker.self_describing_json.SelfDescribingJson object at 0x00000177487414D0>]}
[0m07:50:28.101976 [debug] [MainThread]: Flushing usage events
[0m07:50:29.404179 [debug] [MainThread]: An error was encountered while trying to flush usage events
[0m08:05:15.264390 [debug] [MainThread]: Sending event: {'category': 'dbt', 'action': 'invocation', 'label': 'start', 'context': [<snowplow_tracker.self_describing_json.SelfDescribingJson object at 0x0000019F82C005D0>, <snowplow_tracker.self_describing_json.SelfDescribingJson object at 0x0000019F87587F50>, <snowplow_tracker.self_describing_json.SelfDescribingJson object at 0x0000019F864DE110>]}


============================== 08:05:15.268410 | efffa33f-3b39-4437-95a9-2f7f9322b0ed ==============================
[0m08:05:15.268410 [info ] [MainThread]: Running with dbt=1.11.11
[0m08:05:15.269634 [debug] [MainThread]: running dbt with arguments {'static_parser': 'True', 'no_print': 'None', 'version_check': 'True', 'target_path': 'None', 'warn_error_options': 'WarnErrorOptionsV2(error=[], warn=[], silence=[])', 'printer_width': '80', 'write_json': 'True', 'empty': 'False', 'log_cache_events': 'False', 'introspect': 'True', 'cache_selected_only': 'False', 'fail_fast': 'False', 'debug': 'False', 'log_format': 'default', 'profiles_dir': '.', 'send_anonymous_usage_stats': 'True', 'quiet': 'False', 'warn_error': 'None', 'partial_parse': 'True', 'use_colors': 'True', 'invocation_command': 'dbt run --select fact_complaints --profiles-dir .', 'indirect_selection': 'eager', 'use_experimental_parser': 'False', 'log_path': 'C:\\Users\\guruv\\Downloads\\Data\\Project\\AI-Powered-Financial-Risk-Intelligence-Platform\\dbt_AI_financial_risk_project\\logs'}
[0m08:05:16.259717 [debug] [MainThread]: Snowflake adapter: Setting snowflake.connector to ERROR (file logging only)
[0m08:05:16.259717 [debug] [MainThread]: Snowflake adapter: Setting botocore to ERROR (file logging only)
[0m08:05:16.261132 [debug] [MainThread]: Snowflake adapter: Setting boto3 to ERROR (file logging only)
[0m08:05:16.481266 [debug] [MainThread]: Sending event: {'category': 'dbt', 'action': 'project_id', 'label': 'efffa33f-3b39-4437-95a9-2f7f9322b0ed', 'context': [<snowplow_tracker.self_describing_json.SelfDescribingJson object at 0x0000019F98CDF050>]}
[0m08:05:16.541790 [debug] [MainThread]: Sending event: {'category': 'dbt', 'action': 'adapter_info', 'label': 'efffa33f-3b39-4437-95a9-2f7f9322b0ed', 'context': [<snowplow_tracker.self_describing_json.SelfDescribingJson object at 0x0000019F854BE050>]}
[0m08:05:16.543746 [info ] [MainThread]: Registered adapter: snowflake=1.11.5
[0m08:05:17.004028 [debug] [MainThread]: checksum: 30a8cc8fdcbf66701b0944d4ccce3fa46dd04b61e5df68b9f16d57b2e0e3f0be, vars: {}, profile: , target: , version: 1.11.11
[0m08:05:17.204398 [debug] [MainThread]: Partial parsing enabled: 0 files deleted, 1 files added, 2 files changed.
[0m08:05:17.204398 [debug] [MainThread]: Partial parsing: added file: dbt_AI_financial_risk_project://models\gold\dim_channel.sql
[0m08:05:17.205400 [debug] [MainThread]: Partial parsing: updated file: dbt_AI_financial_risk_project://models\gold\dim_product.sql
[0m08:05:17.206396 [debug] [MainThread]: Partial parsing: updated file: dbt_AI_financial_risk_project://models\silver\stg_complaints.sql
[0m08:05:17.470018 [debug] [MainThread]: Sending event: {'category': 'dbt', 'action': 'load_project', 'label': 'efffa33f-3b39-4437-95a9-2f7f9322b0ed', 'context': [<snowplow_tracker.self_describing_json.SelfDescribingJson object at 0x0000019F98CDC1D0>]}
[0m08:05:17.551340 [debug] [MainThread]: Wrote artifact WritableManifest to C:\Users\guruv\Downloads\Data\Project\AI-Powered-Financial-Risk-Intelligence-Platform\dbt_AI_financial_risk_project\target\manifest.json
[0m08:05:17.554356 [debug] [MainThread]: Wrote artifact SemanticManifest to C:\Users\guruv\Downloads\Data\Project\AI-Powered-Financial-Risk-Intelligence-Platform\dbt_AI_financial_risk_project\target\semantic_manifest.json
[0m08:05:17.566341 [debug] [MainThread]: Sending event: {'category': 'dbt', 'action': 'resource_counts', 'label': 'efffa33f-3b39-4437-95a9-2f7f9322b0ed', 'context': [<snowplow_tracker.self_describing_json.SelfDescribingJson object at 0x0000019F993D1510>]}
[0m08:05:17.567341 [info ] [MainThread]: Found 8 models, 4 data tests, 536 macros
[0m08:05:17.567341 [debug] [MainThread]: Sending event: {'category': 'dbt', 'action': 'runnable_timing', 'label': 'efffa33f-3b39-4437-95a9-2f7f9322b0ed', 'context': [<snowplow_tracker.self_describing_json.SelfDescribingJson object at 0x0000019F994CD250>]}
[0m08:05:17.569346 [info ] [MainThread]: 
[0m08:05:17.570372 [info ] [MainThread]: Concurrency: 4 threads (target='dev')
[0m08:05:17.571349 [info ] [MainThread]: 
[0m08:05:17.572345 [debug] [MainThread]: Acquiring new snowflake connection 'master'
[0m08:05:17.573344 [debug] [ThreadPool]: Acquiring new snowflake connection 'list_FINANCIAL_RISK_INTELLIGENCE'
[0m08:05:17.659790 [debug] [ThreadPool]: Using snowflake connection "list_FINANCIAL_RISK_INTELLIGENCE"
[0m08:05:17.659790 [debug] [ThreadPool]: On list_FINANCIAL_RISK_INTELLIGENCE: show terse schemas in database FINANCIAL_RISK_INTELLIGENCE
    limit 10000
/* {"app": "dbt", "dbt_version": "1.11.11", "profile_name": "dbt_AI_financial_risk_project", "target_name": "dev", "connection_name": "list_FINANCIAL_RISK_INTELLIGENCE"} */
[0m08:05:17.660790 [debug] [ThreadPool]: Opening a new connection, currently in state init
[0m08:05:20.180120 [debug] [ThreadPool]: SQL status: SUCCESS 6 in 2.520 seconds
[0m08:05:20.192366 [debug] [ThreadPool]: Acquiring new snowflake connection 'list_FINANCIAL_RISK_INTELLIGENCE_ANALYTICS_GOLD'
[0m08:05:20.193351 [debug] [ThreadPool]: Acquiring new snowflake connection 'list_FINANCIAL_RISK_INTELLIGENCE_ANALYTICS'
[0m08:05:20.205456 [debug] [ThreadPool]: Acquiring new snowflake connection 'list_FINANCIAL_RISK_INTELLIGENCE_ANALYTICS_SILVER'
[0m08:05:20.211444 [debug] [ThreadPool]: Using snowflake connection "list_FINANCIAL_RISK_INTELLIGENCE_ANALYTICS_GOLD"
[0m08:05:20.214408 [debug] [ThreadPool]: Using snowflake connection "list_FINANCIAL_RISK_INTELLIGENCE_ANALYTICS"
[0m08:05:20.217510 [debug] [ThreadPool]: Using snowflake connection "list_FINANCIAL_RISK_INTELLIGENCE_ANALYTICS_SILVER"
[0m08:05:20.218582 [debug] [ThreadPool]: On list_FINANCIAL_RISK_INTELLIGENCE_ANALYTICS_GOLD: show objects in FINANCIAL_RISK_INTELLIGENCE.ANALYTICS_GOLD
    limit 10000
    

/* {"app": "dbt", "dbt_version": "1.11.11", "profile_name": "dbt_AI_financial_risk_project", "target_name": "dev", "connection_name": "list_FINANCIAL_RISK_INTELLIGENCE_ANALYTICS_GOLD"} */;
[0m08:05:20.219545 [debug] [ThreadPool]: On list_FINANCIAL_RISK_INTELLIGENCE_ANALYTICS: show objects in FINANCIAL_RISK_INTELLIGENCE.ANALYTICS
    limit 10000
    

/* {"app": "dbt", "dbt_version": "1.11.11", "profile_name": "dbt_AI_financial_risk_project", "target_name": "dev", "connection_name": "list_FINANCIAL_RISK_INTELLIGENCE_ANALYTICS"} */;
[0m08:05:20.219545 [debug] [ThreadPool]: On list_FINANCIAL_RISK_INTELLIGENCE_ANALYTICS_SILVER: show objects in FINANCIAL_RISK_INTELLIGENCE.ANALYTICS_SILVER
    limit 10000
    

/* {"app": "dbt", "dbt_version": "1.11.11", "profile_name": "dbt_AI_financial_risk_project", "target_name": "dev", "connection_name": "list_FINANCIAL_RISK_INTELLIGENCE_ANALYTICS_SILVER"} */;
[0m08:05:20.220539 [debug] [ThreadPool]: Opening a new connection, currently in state init
[0m08:05:20.220539 [debug] [ThreadPool]: Opening a new connection, currently in state init
[0m08:05:20.221537 [debug] [ThreadPool]: Opening a new connection, currently in state init
[0m08:05:22.301439 [debug] [ThreadPool]: SQL status: SUCCESS 1 in 2.080 seconds
[0m08:05:22.336793 [debug] [ThreadPool]: SQL status: SUCCESS 7 in 2.115 seconds
[0m08:05:22.384875 [debug] [ThreadPool]: SQL status: SUCCESS 4 in 2.164 seconds
[0m08:05:22.401018 [debug] [MainThread]: Sending event: {'category': 'dbt', 'action': 'runnable_timing', 'label': 'efffa33f-3b39-4437-95a9-2f7f9322b0ed', 'context': [<snowplow_tracker.self_describing_json.SelfDescribingJson object at 0x0000019F82C17950>]}
[0m08:05:22.422021 [debug] [Thread-2 (]: Began running node model.dbt_AI_financial_risk_project.fact_complaints
[0m08:05:22.426081 [info ] [Thread-2 (]: 1 of 1 START sql table model ANALYTICS_GOLD.fact_complaints .................... [RUN]
[0m08:05:22.431079 [debug] [Thread-2 (]: Acquiring new snowflake connection 'model.dbt_AI_financial_risk_project.fact_complaints'
[0m08:05:22.434018 [debug] [Thread-2 (]: Began compiling node model.dbt_AI_financial_risk_project.fact_complaints
[0m08:05:22.473391 [debug] [Thread-2 (]: Writing injected SQL for node "model.dbt_AI_financial_risk_project.fact_complaints"
[0m08:05:22.477372 [debug] [Thread-2 (]: Began executing node model.dbt_AI_financial_risk_project.fact_complaints
[0m08:05:22.536603 [debug] [Thread-2 (]: Writing runtime sql for node "model.dbt_AI_financial_risk_project.fact_complaints"
[0m08:05:22.540560 [debug] [Thread-2 (]: Using snowflake connection "model.dbt_AI_financial_risk_project.fact_complaints"
[0m08:05:22.541562 [debug] [Thread-2 (]: On model.dbt_AI_financial_risk_project.fact_complaints: create or replace transient table FINANCIAL_RISK_INTELLIGENCE.ANALYTICS_GOLD.fact_complaints
    
    
    
    as (-- This model creates the fact_complaints table in the GOLD schema by joining the staging complaints data with the dimension tables for products, companies, and locations. It selects relevant fields and keys to form a comprehensive fact table for analysis.
-- table, view, incremental, ephemeral 


SELECT
    s.complaint_id,
    p.product_key,
    c.company_key,
    l.location_key,
    s.date_received,
    s.product,
    s.company,
    s.state,
    s.zip_code,
    s.issue,
    s.sub_issue,
    s.consumer_complaint_narrative,
    s.timely_response,
    s.consumer_disputed
FROM FINANCIAL_RISK_INTELLIGENCE.ANALYTICS_SILVER.stg_complaints s
LEFT JOIN FINANCIAL_RISK_INTELLIGENCE.ANALYTICS_GOLD.dim_product p
    ON s.product = p.product
LEFT JOIN FINANCIAL_RISK_INTELLIGENCE.ANALYTICS_GOLD.dim_company c
    ON s.company = c.company
LEFT JOIN FINANCIAL_RISK_INTELLIGENCE.ANALYTICS_GOLD.dim_location l
    ON s.state = l.state
   AND s.zip_code = l.zip_code
    )

/* {"app": "dbt", "dbt_version": "1.11.11", "profile_name": "dbt_AI_financial_risk_project", "target_name": "dev", "node_id": "model.dbt_AI_financial_risk_project.fact_complaints"} */;
[0m08:05:22.542560 [debug] [Thread-2 (]: Opening a new connection, currently in state init
[0m08:05:33.991529 [debug] [Thread-2 (]: SQL status: SUCCESS 18670034 in 11.450 seconds
[0m08:05:34.043060 [debug] [Thread-2 (]: Sending event: {'category': 'dbt', 'action': 'run_model', 'label': 'efffa33f-3b39-4437-95a9-2f7f9322b0ed', 'context': [<snowplow_tracker.self_describing_json.SelfDescribingJson object at 0x0000019F9906AA10>]}
[0m08:05:34.044058 [info ] [Thread-2 (]: 1 of 1 OK created sql table model ANALYTICS_GOLD.fact_complaints ............... [[32mSUCCESS 18670034[0m in 11.61s]
[0m08:05:34.045057 [debug] [Thread-2 (]: Finished running node model.dbt_AI_financial_risk_project.fact_complaints
[0m08:05:34.048057 [debug] [MainThread]: Connection 'master' was properly closed.
[0m08:05:34.049057 [debug] [MainThread]: Connection 'list_FINANCIAL_RISK_INTELLIGENCE' was left open.
[0m08:05:34.049057 [debug] [MainThread]: On list_FINANCIAL_RISK_INTELLIGENCE: Close
[0m08:05:34.662327 [debug] [MainThread]: Connection 'list_FINANCIAL_RISK_INTELLIGENCE_ANALYTICS_GOLD' was left open.
[0m08:05:34.665331 [debug] [MainThread]: On list_FINANCIAL_RISK_INTELLIGENCE_ANALYTICS_GOLD: Close
[0m08:05:35.297184 [debug] [MainThread]: Connection 'list_FINANCIAL_RISK_INTELLIGENCE_ANALYTICS' was left open.
[0m08:05:35.300188 [debug] [MainThread]: On list_FINANCIAL_RISK_INTELLIGENCE_ANALYTICS: Close
[0m08:05:35.918982 [debug] [MainThread]: Connection 'list_FINANCIAL_RISK_INTELLIGENCE_ANALYTICS_SILVER' was left open.
[0m08:05:35.919938 [debug] [MainThread]: On list_FINANCIAL_RISK_INTELLIGENCE_ANALYTICS_SILVER: Close
[0m08:05:36.502909 [debug] [MainThread]: Connection 'model.dbt_AI_financial_risk_project.fact_complaints' was left open.
[0m08:05:36.505873 [debug] [MainThread]: On model.dbt_AI_financial_risk_project.fact_complaints: Close
[0m08:05:37.146357 [info ] [MainThread]: 
[0m08:05:37.150301 [info ] [MainThread]: Finished running 1 table model in 0 hours 0 minutes and 19.57 seconds (19.57s).
[0m08:05:37.155340 [debug] [MainThread]: Command end result
[0m08:05:37.299728 [debug] [MainThread]: Wrote artifact WritableManifest to C:\Users\guruv\Downloads\Data\Project\AI-Powered-Financial-Risk-Intelligence-Platform\dbt_AI_financial_risk_project\target\manifest.json
[0m08:05:37.305749 [debug] [MainThread]: Wrote artifact SemanticManifest to C:\Users\guruv\Downloads\Data\Project\AI-Powered-Financial-Risk-Intelligence-Platform\dbt_AI_financial_risk_project\target\semantic_manifest.json
[0m08:05:37.318782 [debug] [MainThread]: Wrote artifact RunExecutionResult to C:\Users\guruv\Downloads\Data\Project\AI-Powered-Financial-Risk-Intelligence-Platform\dbt_AI_financial_risk_project\target\run_results.json
[0m08:05:37.319778 [info ] [MainThread]: 
[0m08:05:37.321743 [info ] [MainThread]: [32mCompleted successfully[0m
[0m08:05:37.322780 [info ] [MainThread]: 
[0m08:05:37.323779 [info ] [MainThread]: Done. PASS=1 WARN=0 ERROR=0 SKIP=0 NO-OP=0 TOTAL=1
[0m08:05:37.326747 [debug] [MainThread]: Command `dbt run` succeeded at 08:05:37.325743 after 22.17 seconds
[0m08:05:37.326747 [debug] [MainThread]: Sending event: {'category': 'dbt', 'action': 'invocation', 'label': 'end', 'context': [<snowplow_tracker.self_describing_json.SelfDescribingJson object at 0x0000019F87587910>, <snowplow_tracker.self_describing_json.SelfDescribingJson object at 0x0000019F836291D0>, <snowplow_tracker.self_describing_json.SelfDescribingJson object at 0x0000019F87587BD0>]}
[0m08:05:37.327773 [debug] [MainThread]: Flushing usage events
[0m08:05:38.772131 [debug] [MainThread]: An error was encountered while trying to flush usage events
[0m08:07:17.173835 [debug] [MainThread]: Sending event: {'category': 'dbt', 'action': 'invocation', 'label': 'start', 'context': [<snowplow_tracker.self_describing_json.SelfDescribingJson object at 0x000001D95F80F1D0>, <snowplow_tracker.self_describing_json.SelfDescribingJson object at 0x000001D95E6AFD10>, <snowplow_tracker.self_describing_json.SelfDescribingJson object at 0x000001D95F807B50>]}


============================== 08:07:17.177892 | e6ae7f0f-f404-4704-95ff-66c6324a7d48 ==============================
[0m08:07:17.177892 [info ] [MainThread]: Running with dbt=1.11.11
[0m08:07:17.178854 [debug] [MainThread]: running dbt with arguments {'static_parser': 'True', 'no_print': 'None', 'version_check': 'True', 'target_path': 'None', 'warn_error_options': 'WarnErrorOptionsV2(error=[], warn=[], silence=[])', 'printer_width': '80', 'write_json': 'True', 'empty': 'False', 'log_cache_events': 'False', 'introspect': 'True', 'cache_selected_only': 'False', 'fail_fast': 'False', 'debug': 'False', 'log_format': 'default', 'partial_parse': 'True', 'send_anonymous_usage_stats': 'True', 'quiet': 'False', 'warn_error': 'None', 'profiles_dir': '.', 'invocation_command': 'dbt run --select stg_complaints --profiles-dir .', 'use_colors': 'True', 'indirect_selection': 'eager', 'use_experimental_parser': 'False', 'log_path': 'C:\\Users\\guruv\\Downloads\\Data\\Project\\AI-Powered-Financial-Risk-Intelligence-Platform\\dbt_AI_financial_risk_project\\logs'}
[0m08:07:18.180074 [debug] [MainThread]: Snowflake adapter: Setting snowflake.connector to ERROR (file logging only)
[0m08:07:18.181074 [debug] [MainThread]: Snowflake adapter: Setting botocore to ERROR (file logging only)
[0m08:07:18.182074 [debug] [MainThread]: Snowflake adapter: Setting boto3 to ERROR (file logging only)
[0m08:07:18.408508 [debug] [MainThread]: Sending event: {'category': 'dbt', 'action': 'project_id', 'label': 'e6ae7f0f-f404-4704-95ff-66c6324a7d48', 'context': [<snowplow_tracker.self_describing_json.SelfDescribingJson object at 0x000001D95F7DDBD0>]}
[0m08:07:18.468508 [debug] [MainThread]: Sending event: {'category': 'dbt', 'action': 'adapter_info', 'label': 'e6ae7f0f-f404-4704-95ff-66c6324a7d48', 'context': [<snowplow_tracker.self_describing_json.SelfDescribingJson object at 0x000001D95D72E050>]}
[0m08:07:18.469508 [info ] [MainThread]: Registered adapter: snowflake=1.11.5
[0m08:07:18.949867 [debug] [MainThread]: checksum: 30a8cc8fdcbf66701b0944d4ccce3fa46dd04b61e5df68b9f16d57b2e0e3f0be, vars: {}, profile: , target: , version: 1.11.11
[0m08:07:19.106635 [debug] [MainThread]: Partial parsing enabled: 0 files deleted, 0 files added, 0 files changed.
[0m08:07:19.107641 [debug] [MainThread]: Nothing changed, skipping partial parsing.
[0m08:07:19.107641 [debug] [MainThread]: Partial parsing enabled, no changes found, skipping parsing
[0m08:07:19.145293 [debug] [MainThread]: Sending event: {'category': 'dbt', 'action': 'load_project', 'label': 'e6ae7f0f-f404-4704-95ff-66c6324a7d48', 'context': [<snowplow_tracker.self_describing_json.SelfDescribingJson object at 0x000001D96EB6B750>]}
[0m08:07:19.233107 [debug] [MainThread]: Wrote artifact WritableManifest to C:\Users\guruv\Downloads\Data\Project\AI-Powered-Financial-Risk-Intelligence-Platform\dbt_AI_financial_risk_project\target\manifest.json
[0m08:07:19.236119 [debug] [MainThread]: Wrote artifact SemanticManifest to C:\Users\guruv\Downloads\Data\Project\AI-Powered-Financial-Risk-Intelligence-Platform\dbt_AI_financial_risk_project\target\semantic_manifest.json
[0m08:07:19.248107 [debug] [MainThread]: Sending event: {'category': 'dbt', 'action': 'resource_counts', 'label': 'e6ae7f0f-f404-4704-95ff-66c6324a7d48', 'context': [<snowplow_tracker.self_describing_json.SelfDescribingJson object at 0x000001D971313A50>]}
[0m08:07:19.249108 [info ] [MainThread]: Found 8 models, 4 data tests, 536 macros
[0m08:07:19.250125 [debug] [MainThread]: Sending event: {'category': 'dbt', 'action': 'runnable_timing', 'label': 'e6ae7f0f-f404-4704-95ff-66c6324a7d48', 'context': [<snowplow_tracker.self_describing_json.SelfDescribingJson object at 0x000001D95F80D6D0>]}
[0m08:07:19.251640 [info ] [MainThread]: 
[0m08:07:19.252635 [info ] [MainThread]: Concurrency: 4 threads (target='dev')
[0m08:07:19.253640 [info ] [MainThread]: 
[0m08:07:19.253640 [debug] [MainThread]: Acquiring new snowflake connection 'master'
[0m08:07:19.255637 [debug] [ThreadPool]: Acquiring new snowflake connection 'list_FINANCIAL_RISK_INTELLIGENCE'
[0m08:07:19.345560 [debug] [ThreadPool]: Using snowflake connection "list_FINANCIAL_RISK_INTELLIGENCE"
[0m08:07:19.345560 [debug] [ThreadPool]: On list_FINANCIAL_RISK_INTELLIGENCE: show terse schemas in database FINANCIAL_RISK_INTELLIGENCE
    limit 10000
/* {"app": "dbt", "dbt_version": "1.11.11", "profile_name": "dbt_AI_financial_risk_project", "target_name": "dev", "connection_name": "list_FINANCIAL_RISK_INTELLIGENCE"} */
[0m08:07:19.346560 [debug] [ThreadPool]: Opening a new connection, currently in state init
[0m08:07:21.232303 [debug] [ThreadPool]: SQL status: SUCCESS 6 in 1.886 seconds
[0m08:07:21.253273 [debug] [ThreadPool]: Acquiring new snowflake connection 'list_FINANCIAL_RISK_INTELLIGENCE_ANALYTICS'
[0m08:07:21.255276 [debug] [ThreadPool]: Acquiring new snowflake connection 'list_FINANCIAL_RISK_INTELLIGENCE_ANALYTICS_GOLD'
[0m08:07:21.280262 [debug] [ThreadPool]: Using snowflake connection "list_FINANCIAL_RISK_INTELLIGENCE_ANALYTICS"
[0m08:07:21.280262 [debug] [ThreadPool]: Acquiring new snowflake connection 'list_FINANCIAL_RISK_INTELLIGENCE_ANALYTICS_SILVER'
[0m08:07:21.284213 [debug] [ThreadPool]: Using snowflake connection "list_FINANCIAL_RISK_INTELLIGENCE_ANALYTICS_GOLD"
[0m08:07:21.284213 [debug] [ThreadPool]: On list_FINANCIAL_RISK_INTELLIGENCE_ANALYTICS: show objects in FINANCIAL_RISK_INTELLIGENCE.ANALYTICS
    limit 10000
    

/* {"app": "dbt", "dbt_version": "1.11.11", "profile_name": "dbt_AI_financial_risk_project", "target_name": "dev", "connection_name": "list_FINANCIAL_RISK_INTELLIGENCE_ANALYTICS"} */;
[0m08:07:21.289213 [debug] [ThreadPool]: Using snowflake connection "list_FINANCIAL_RISK_INTELLIGENCE_ANALYTICS_SILVER"
[0m08:07:21.290214 [debug] [ThreadPool]: On list_FINANCIAL_RISK_INTELLIGENCE_ANALYTICS_GOLD: show objects in FINANCIAL_RISK_INTELLIGENCE.ANALYTICS_GOLD
    limit 10000
    

/* {"app": "dbt", "dbt_version": "1.11.11", "profile_name": "dbt_AI_financial_risk_project", "target_name": "dev", "connection_name": "list_FINANCIAL_RISK_INTELLIGENCE_ANALYTICS_GOLD"} */;
[0m08:07:21.291213 [debug] [ThreadPool]: Opening a new connection, currently in state init
[0m08:07:21.291213 [debug] [ThreadPool]: On list_FINANCIAL_RISK_INTELLIGENCE_ANALYTICS_SILVER: show objects in FINANCIAL_RISK_INTELLIGENCE.ANALYTICS_SILVER
    limit 10000
    

/* {"app": "dbt", "dbt_version": "1.11.11", "profile_name": "dbt_AI_financial_risk_project", "target_name": "dev", "connection_name": "list_FINANCIAL_RISK_INTELLIGENCE_ANALYTICS_SILVER"} */;
[0m08:07:21.292214 [debug] [ThreadPool]: Opening a new connection, currently in state init
[0m08:07:21.294218 [debug] [ThreadPool]: Opening a new connection, currently in state init
[0m08:07:22.765592 [debug] [ThreadPool]: SQL status: SUCCESS 3 in 1.474 seconds
[0m08:07:22.989212 [debug] [ThreadPool]: SQL status: SUCCESS 0 in 1.696 seconds
[0m08:07:23.047866 [debug] [ThreadPool]: SQL status: SUCCESS 7 in 1.756 seconds
[0m08:07:23.061854 [debug] [MainThread]: Sending event: {'category': 'dbt', 'action': 'runnable_timing', 'label': 'e6ae7f0f-f404-4704-95ff-66c6324a7d48', 'context': [<snowplow_tracker.self_describing_json.SelfDescribingJson object at 0x000001D9717FD410>]}
[0m08:07:23.076821 [debug] [Thread-2 (]: Began running node model.dbt_AI_financial_risk_project.stg_complaints
[0m08:07:23.079821 [info ] [Thread-2 (]: 1 of 1 START sql incremental model ANALYTICS_SILVER.stg_complaints ............. [RUN]
[0m08:07:23.082803 [debug] [Thread-2 (]: Acquiring new snowflake connection 'model.dbt_AI_financial_risk_project.stg_complaints'
[0m08:07:23.085818 [debug] [Thread-2 (]: Began compiling node model.dbt_AI_financial_risk_project.stg_complaints
[0m08:07:23.103795 [debug] [Thread-2 (]: Writing injected SQL for node "model.dbt_AI_financial_risk_project.stg_complaints"
[0m08:07:23.105794 [debug] [Thread-2 (]: Began executing node model.dbt_AI_financial_risk_project.stg_complaints
[0m08:07:23.184556 [debug] [Thread-2 (]: Writing runtime sql for node "model.dbt_AI_financial_risk_project.stg_complaints"
[0m08:07:23.187632 [debug] [Thread-2 (]: Using snowflake connection "model.dbt_AI_financial_risk_project.stg_complaints"
[0m08:07:23.188787 [debug] [Thread-2 (]: On model.dbt_AI_financial_risk_project.stg_complaints: create or replace transient table FINANCIAL_RISK_INTELLIGENCE.ANALYTICS_SILVER.stg_complaints
    
    
    
    as (--table, view, incremental, ephemeral 


WITH singh AS (
    SELECT *
    -- Pointing directly to the database.schema.table where the raw complaints data lives
    FROM FINANCIAL_RISK_INTELLIGENCE.RAW.RAW_COMPLAINTS
),

-- cleaning steps to filter out records with missing critical fields and standardize text formatting
cleaned_data AS (
    SELECT *
    FROM singh
    WHERE COMPLAINT_ID IS NOT NULL
      AND DATE_RECEIVED IS NOT NULL
),

-- deduplication step to retain only the most recent record for each unique complaint based on COMPLAINT_ID and DATE_RECEIVED
deduplicated AS (
    SELECT *
    FROM cleaned_data
    QUALIFY ROW_NUMBER() OVER (
        PARTITION BY COMPLAINT_ID
        ORDER BY DATE_RECEIVED DESC
    ) = 1
)

-- final selection and transformation to conform to the desired schema for the stg_complaints table
SELECT
    CAST(COMPLAINT_ID AS NUMBER)                          AS complaint_id,
    TO_DATE(DATE_RECEIVED)                                AS date_received,
    TRIM(PRODUCT)                                         AS product,
    TRIM(SUB_PRODUCT)                                     AS sub_product,
    TRIM(ISSUE)                                           AS issue,
    TRIM(SUB_ISSUE)                                       AS sub_issue,
    CONSUMER_COMPLAINT_NARRATIVE                          AS consumer_complaint_narrative,
    TRIM(COMPANY_PUBLIC_RESPONSE)                         AS company_public_response,
    UPPER(TRIM(COMPANY))                                  AS company,
    UPPER(TRIM(STATE))                                    AS state,
    TRIM(ZIP_CODE)                                        AS zip_code,
    TRIM(TAGS)                                            AS tags,
    TRIM(CONSUMER_CONSENT_PROVIDED)                       AS consumer_consent_provided,
    TRIM(SUBMITTED_VIA)                                   AS submitted_via,
    TO_DATE(DATE_SENT_TO_COMPANY)                         AS date_sent_to_company,
    TRIM(COMPANY_RESPONSE_TO_CONSUMER)                    AS company_response_to_consumer,
    TRIM(TIMELY_RESPONSE)                                 AS timely_response,
    TRIM(CONSUMER_DISPUTED)                               AS consumer_disputed
FROM deduplicated
    )

/* {"app": "dbt", "dbt_version": "1.11.11", "profile_name": "dbt_AI_financial_risk_project", "target_name": "dev", "node_id": "model.dbt_AI_financial_risk_project.stg_complaints"} */;
[0m08:07:23.188787 [debug] [Thread-2 (]: Opening a new connection, currently in state init
[0m08:07:27.156591 [debug] [Thread-2 (]: SQL status: SUCCESS 10000 in 3.967 seconds
[0m08:07:27.170578 [debug] [Thread-2 (]: Applying DROP to: FINANCIAL_RISK_INTELLIGENCE.ANALYTICS_SILVER.stg_complaints__dbt_tmp
[0m08:07:27.181620 [debug] [Thread-2 (]: Using snowflake connection "model.dbt_AI_financial_risk_project.stg_complaints"
[0m08:07:27.182623 [debug] [Thread-2 (]: On model.dbt_AI_financial_risk_project.stg_complaints: drop view if exists FINANCIAL_RISK_INTELLIGENCE.ANALYTICS_SILVER.stg_complaints__dbt_tmp cascade
/* {"app": "dbt", "dbt_version": "1.11.11", "profile_name": "dbt_AI_financial_risk_project", "target_name": "dev", "node_id": "model.dbt_AI_financial_risk_project.stg_complaints"} */
[0m08:07:27.504848 [debug] [Thread-2 (]: SQL status: SUCCESS 1 in 0.322 seconds
[0m08:07:27.536404 [debug] [Thread-2 (]: Sending event: {'category': 'dbt', 'action': 'run_model', 'label': 'e6ae7f0f-f404-4704-95ff-66c6324a7d48', 'context': [<snowplow_tracker.self_describing_json.SelfDescribingJson object at 0x000001D971CDF9D0>]}
[0m08:07:27.538485 [info ] [Thread-2 (]: 1 of 1 OK created sql incremental model ANALYTICS_SILVER.stg_complaints ........ [[32mSUCCESS 10000[0m in 4.45s]
[0m08:07:27.539514 [debug] [Thread-2 (]: Finished running node model.dbt_AI_financial_risk_project.stg_complaints
[0m08:07:27.541512 [debug] [MainThread]: Connection 'master' was properly closed.
[0m08:07:27.542540 [debug] [MainThread]: Connection 'list_FINANCIAL_RISK_INTELLIGENCE' was left open.
[0m08:07:27.543504 [debug] [MainThread]: On list_FINANCIAL_RISK_INTELLIGENCE: Close
[0m08:07:28.349339 [debug] [MainThread]: Connection 'list_FINANCIAL_RISK_INTELLIGENCE_ANALYTICS' was left open.
[0m08:07:28.350337 [debug] [MainThread]: On list_FINANCIAL_RISK_INTELLIGENCE_ANALYTICS: Close
[0m08:07:28.910671 [debug] [MainThread]: Connection 'list_FINANCIAL_RISK_INTELLIGENCE_ANALYTICS_GOLD' was left open.
[0m08:07:28.911666 [debug] [MainThread]: On list_FINANCIAL_RISK_INTELLIGENCE_ANALYTICS_GOLD: Close
[0m08:07:29.494366 [debug] [MainThread]: Connection 'list_FINANCIAL_RISK_INTELLIGENCE_ANALYTICS_SILVER' was left open.
[0m08:07:29.495368 [debug] [MainThread]: On list_FINANCIAL_RISK_INTELLIGENCE_ANALYTICS_SILVER: Close
[0m08:07:30.086766 [debug] [MainThread]: Connection 'model.dbt_AI_financial_risk_project.stg_complaints' was left open.
[0m08:07:30.087853 [debug] [MainThread]: On model.dbt_AI_financial_risk_project.stg_complaints: Close
[0m08:07:30.655323 [info ] [MainThread]: 
[0m08:07:30.663322 [info ] [MainThread]: Finished running 1 incremental model in 0 hours 0 minutes and 11.40 seconds (11.40s).
[0m08:07:30.672323 [debug] [MainThread]: Command end result
[0m08:07:30.814455 [debug] [MainThread]: Wrote artifact WritableManifest to C:\Users\guruv\Downloads\Data\Project\AI-Powered-Financial-Risk-Intelligence-Platform\dbt_AI_financial_risk_project\target\manifest.json
[0m08:07:30.816625 [debug] [MainThread]: Wrote artifact SemanticManifest to C:\Users\guruv\Downloads\Data\Project\AI-Powered-Financial-Risk-Intelligence-Platform\dbt_AI_financial_risk_project\target\semantic_manifest.json
[0m08:07:30.823929 [debug] [MainThread]: Wrote artifact RunExecutionResult to C:\Users\guruv\Downloads\Data\Project\AI-Powered-Financial-Risk-Intelligence-Platform\dbt_AI_financial_risk_project\target\run_results.json
[0m08:07:30.824882 [info ] [MainThread]: 
[0m08:07:30.824882 [info ] [MainThread]: [32mCompleted successfully[0m
[0m08:07:30.825919 [info ] [MainThread]: 
[0m08:07:30.825919 [info ] [MainThread]: Done. PASS=1 WARN=0 ERROR=0 SKIP=0 NO-OP=0 TOTAL=1
[0m08:07:30.827887 [debug] [MainThread]: Command `dbt run` succeeded at 08:07:30.826889 after 13.75 seconds
[0m08:07:30.827887 [debug] [MainThread]: Sending event: {'category': 'dbt', 'action': 'invocation', 'label': 'end', 'context': [<snowplow_tracker.self_describing_json.SelfDescribingJson object at 0x000001D95F807910>, <snowplow_tracker.self_describing_json.SelfDescribingJson object at 0x000001D95F807C90>, <snowplow_tracker.self_describing_json.SelfDescribingJson object at 0x000001D957BFA350>]}
[0m08:07:30.828888 [debug] [MainThread]: Flushing usage events
[0m08:07:32.185329 [debug] [MainThread]: An error was encountered while trying to flush usage events
[0m08:07:39.577699 [debug] [MainThread]: Sending event: {'category': 'dbt', 'action': 'invocation', 'label': 'start', 'context': [<snowplow_tracker.self_describing_json.SelfDescribingJson object at 0x0000018CF59F9590>, <snowplow_tracker.self_describing_json.SelfDescribingJson object at 0x0000018CF471ABD0>, <snowplow_tracker.self_describing_json.SelfDescribingJson object at 0x0000018CF471AA90>]}


============================== 08:07:39.581699 | e989837a-af9d-4be7-91f0-c670193ee950 ==============================
[0m08:07:39.581699 [info ] [MainThread]: Running with dbt=1.11.11
[0m08:07:39.582700 [debug] [MainThread]: running dbt with arguments {'version_check': 'True', 'no_print': 'None', 'static_parser': 'True', 'target_path': 'None', 'warn_error_options': 'WarnErrorOptionsV2(error=[], warn=[], silence=[])', 'printer_width': '80', 'write_json': 'True', 'introspect': 'True', 'log_cache_events': 'False', 'empty': 'False', 'cache_selected_only': 'False', 'fail_fast': 'False', 'debug': 'False', 'log_format': 'default', 'profiles_dir': '.', 'send_anonymous_usage_stats': 'True', 'quiet': 'False', 'warn_error': 'None', 'partial_parse': 'True', 'invocation_command': 'dbt run --select fact_complaints --profiles-dir .', 'use_colors': 'True', 'indirect_selection': 'eager', 'use_experimental_parser': 'False', 'log_path': 'C:\\Users\\guruv\\Downloads\\Data\\Project\\AI-Powered-Financial-Risk-Intelligence-Platform\\dbt_AI_financial_risk_project\\logs'}
[0m08:07:40.537046 [debug] [MainThread]: Snowflake adapter: Setting snowflake.connector to ERROR (file logging only)
[0m08:07:40.537046 [debug] [MainThread]: Snowflake adapter: Setting botocore to ERROR (file logging only)
[0m08:07:40.538046 [debug] [MainThread]: Snowflake adapter: Setting boto3 to ERROR (file logging only)
[0m08:07:40.758392 [debug] [MainThread]: Sending event: {'category': 'dbt', 'action': 'project_id', 'label': 'e989837a-af9d-4be7-91f0-c670193ee950', 'context': [<snowplow_tracker.self_describing_json.SelfDescribingJson object at 0x0000018CF4980990>]}
[0m08:07:40.824779 [debug] [MainThread]: Sending event: {'category': 'dbt', 'action': 'adapter_info', 'label': 'e989837a-af9d-4be7-91f0-c670193ee950', 'context': [<snowplow_tracker.self_describing_json.SelfDescribingJson object at 0x0000018CF5A08090>]}
[0m08:07:40.826741 [info ] [MainThread]: Registered adapter: snowflake=1.11.5
[0m08:07:41.279864 [debug] [MainThread]: checksum: 30a8cc8fdcbf66701b0944d4ccce3fa46dd04b61e5df68b9f16d57b2e0e3f0be, vars: {}, profile: , target: , version: 1.11.11
[0m08:07:41.431946 [debug] [MainThread]: Partial parsing enabled: 0 files deleted, 0 files added, 0 files changed.
[0m08:07:41.431946 [debug] [MainThread]: Nothing changed, skipping partial parsing.
[0m08:07:41.432951 [debug] [MainThread]: Partial parsing enabled, no changes found, skipping parsing
[0m08:07:41.470945 [debug] [MainThread]: Sending event: {'category': 'dbt', 'action': 'load_project', 'label': 'e989837a-af9d-4be7-91f0-c670193ee950', 'context': [<snowplow_tracker.self_describing_json.SelfDescribingJson object at 0x0000018C876D53D0>]}
[0m08:07:41.558898 [debug] [MainThread]: Wrote artifact WritableManifest to C:\Users\guruv\Downloads\Data\Project\AI-Powered-Financial-Risk-Intelligence-Platform\dbt_AI_financial_risk_project\target\manifest.json
[0m08:07:41.561913 [debug] [MainThread]: Wrote artifact SemanticManifest to C:\Users\guruv\Downloads\Data\Project\AI-Powered-Financial-Risk-Intelligence-Platform\dbt_AI_financial_risk_project\target\semantic_manifest.json
[0m08:07:41.574164 [debug] [MainThread]: Sending event: {'category': 'dbt', 'action': 'resource_counts', 'label': 'e989837a-af9d-4be7-91f0-c670193ee950', 'context': [<snowplow_tracker.self_describing_json.SelfDescribingJson object at 0x0000018C87552CD0>]}
[0m08:07:41.574164 [info ] [MainThread]: Found 8 models, 4 data tests, 536 macros
[0m08:07:41.575165 [debug] [MainThread]: Sending event: {'category': 'dbt', 'action': 'runnable_timing', 'label': 'e989837a-af9d-4be7-91f0-c670193ee950', 'context': [<snowplow_tracker.self_describing_json.SelfDescribingJson object at 0x0000018C875361D0>]}
[0m08:07:41.577199 [info ] [MainThread]: 
[0m08:07:41.578256 [info ] [MainThread]: Concurrency: 4 threads (target='dev')
[0m08:07:41.578256 [info ] [MainThread]: 
[0m08:07:41.579598 [debug] [MainThread]: Acquiring new snowflake connection 'master'
[0m08:07:41.580668 [debug] [ThreadPool]: Acquiring new snowflake connection 'list_FINANCIAL_RISK_INTELLIGENCE'
[0m08:07:41.668364 [debug] [ThreadPool]: Using snowflake connection "list_FINANCIAL_RISK_INTELLIGENCE"
[0m08:07:41.669366 [debug] [ThreadPool]: On list_FINANCIAL_RISK_INTELLIGENCE: show terse schemas in database FINANCIAL_RISK_INTELLIGENCE
    limit 10000
/* {"app": "dbt", "dbt_version": "1.11.11", "profile_name": "dbt_AI_financial_risk_project", "target_name": "dev", "connection_name": "list_FINANCIAL_RISK_INTELLIGENCE"} */
[0m08:07:41.669366 [debug] [ThreadPool]: Opening a new connection, currently in state init
[0m08:07:43.526133 [debug] [ThreadPool]: SQL status: SUCCESS 6 in 1.856 seconds
[0m08:07:43.533221 [debug] [ThreadPool]: Acquiring new snowflake connection 'list_FINANCIAL_RISK_INTELLIGENCE_ANALYTICS_GOLD'
[0m08:07:43.533221 [debug] [ThreadPool]: Acquiring new snowflake connection 'list_FINANCIAL_RISK_INTELLIGENCE_ANALYTICS_SILVER'
[0m08:07:43.545346 [debug] [ThreadPool]: Using snowflake connection "list_FINANCIAL_RISK_INTELLIGENCE_ANALYTICS_GOLD"
[0m08:07:43.546389 [debug] [ThreadPool]: Acquiring new snowflake connection 'list_FINANCIAL_RISK_INTELLIGENCE_ANALYTICS'
[0m08:07:43.548410 [debug] [ThreadPool]: Using snowflake connection "list_FINANCIAL_RISK_INTELLIGENCE_ANALYTICS_SILVER"
[0m08:07:43.549456 [debug] [ThreadPool]: On list_FINANCIAL_RISK_INTELLIGENCE_ANALYTICS_GOLD: show objects in FINANCIAL_RISK_INTELLIGENCE.ANALYTICS_GOLD
    limit 10000
    

/* {"app": "dbt", "dbt_version": "1.11.11", "profile_name": "dbt_AI_financial_risk_project", "target_name": "dev", "connection_name": "list_FINANCIAL_RISK_INTELLIGENCE_ANALYTICS_GOLD"} */;
[0m08:07:43.552880 [debug] [ThreadPool]: Using snowflake connection "list_FINANCIAL_RISK_INTELLIGENCE_ANALYTICS"
[0m08:07:43.553881 [debug] [ThreadPool]: On list_FINANCIAL_RISK_INTELLIGENCE_ANALYTICS_SILVER: show objects in FINANCIAL_RISK_INTELLIGENCE.ANALYTICS_SILVER
    limit 10000
    

/* {"app": "dbt", "dbt_version": "1.11.11", "profile_name": "dbt_AI_financial_risk_project", "target_name": "dev", "connection_name": "list_FINANCIAL_RISK_INTELLIGENCE_ANALYTICS_SILVER"} */;
[0m08:07:43.554852 [debug] [ThreadPool]: Opening a new connection, currently in state init
[0m08:07:43.554852 [debug] [ThreadPool]: On list_FINANCIAL_RISK_INTELLIGENCE_ANALYTICS: show objects in FINANCIAL_RISK_INTELLIGENCE.ANALYTICS
    limit 10000
    

/* {"app": "dbt", "dbt_version": "1.11.11", "profile_name": "dbt_AI_financial_risk_project", "target_name": "dev", "connection_name": "list_FINANCIAL_RISK_INTELLIGENCE_ANALYTICS"} */;
[0m08:07:43.555866 [debug] [ThreadPool]: Opening a new connection, currently in state init
[0m08:07:43.555866 [debug] [ThreadPool]: Opening a new connection, currently in state init
[0m08:07:45.239455 [debug] [ThreadPool]: SQL status: SUCCESS 7 in 1.683 seconds
[0m08:07:45.253679 [debug] [ThreadPool]: SQL status: SUCCESS 3 in 1.700 seconds
[0m08:07:45.396011 [debug] [ThreadPool]: SQL status: SUCCESS 1 in 1.840 seconds
[0m08:07:45.403003 [debug] [MainThread]: Sending event: {'category': 'dbt', 'action': 'runnable_timing', 'label': 'e989837a-af9d-4be7-91f0-c670193ee950', 'context': [<snowplow_tracker.self_describing_json.SelfDescribingJson object at 0x0000018CF4983F50>]}
[0m08:07:45.413048 [debug] [Thread-2 (]: Began running node model.dbt_AI_financial_risk_project.fact_complaints
[0m08:07:45.414049 [info ] [Thread-2 (]: 1 of 1 START sql table model ANALYTICS_GOLD.fact_complaints .................... [RUN]
[0m08:07:45.416060 [debug] [Thread-2 (]: Acquiring new snowflake connection 'model.dbt_AI_financial_risk_project.fact_complaints'
[0m08:07:45.417096 [debug] [Thread-2 (]: Began compiling node model.dbt_AI_financial_risk_project.fact_complaints
[0m08:07:45.430118 [debug] [Thread-2 (]: Writing injected SQL for node "model.dbt_AI_financial_risk_project.fact_complaints"
[0m08:07:45.432118 [debug] [Thread-2 (]: Began executing node model.dbt_AI_financial_risk_project.fact_complaints
[0m08:07:45.467119 [debug] [Thread-2 (]: Writing runtime sql for node "model.dbt_AI_financial_risk_project.fact_complaints"
[0m08:07:45.469117 [debug] [Thread-2 (]: Using snowflake connection "model.dbt_AI_financial_risk_project.fact_complaints"
[0m08:07:45.470117 [debug] [Thread-2 (]: On model.dbt_AI_financial_risk_project.fact_complaints: create or replace transient table FINANCIAL_RISK_INTELLIGENCE.ANALYTICS_GOLD.fact_complaints
    
    
    
    as (-- This model creates the fact_complaints table in the GOLD schema by joining the staging complaints data with the dimension tables for products, companies, and locations. It selects relevant fields and keys to form a comprehensive fact table for analysis.
-- table, view, incremental, ephemeral 


SELECT
    s.complaint_id,
    p.product_key,
    c.company_key,
    l.location_key,
    s.date_received,
    s.product,
    s.company,
    s.state,
    s.zip_code,
    s.issue,
    s.sub_issue,
    s.consumer_complaint_narrative,
    s.timely_response,
    s.consumer_disputed
FROM FINANCIAL_RISK_INTELLIGENCE.ANALYTICS_SILVER.stg_complaints s
LEFT JOIN FINANCIAL_RISK_INTELLIGENCE.ANALYTICS_GOLD.dim_product p
    ON s.product = p.product
LEFT JOIN FINANCIAL_RISK_INTELLIGENCE.ANALYTICS_GOLD.dim_company c
    ON s.company = c.company
LEFT JOIN FINANCIAL_RISK_INTELLIGENCE.ANALYTICS_GOLD.dim_location l
    ON s.state = l.state
   AND s.zip_code = l.zip_code
    )

/* {"app": "dbt", "dbt_version": "1.11.11", "profile_name": "dbt_AI_financial_risk_project", "target_name": "dev", "node_id": "model.dbt_AI_financial_risk_project.fact_complaints"} */;
[0m08:07:45.471118 [debug] [Thread-2 (]: Opening a new connection, currently in state init
[0m08:07:55.910980 [debug] [Thread-2 (]: SQL status: SUCCESS 18670034 in 10.440 seconds
[0m08:07:55.961490 [debug] [Thread-2 (]: Sending event: {'category': 'dbt', 'action': 'run_model', 'label': 'e989837a-af9d-4be7-91f0-c670193ee950', 'context': [<snowplow_tracker.self_describing_json.SelfDescribingJson object at 0x0000018C87B0B190>]}
[0m08:07:55.962539 [info ] [Thread-2 (]: 1 of 1 OK created sql table model ANALYTICS_GOLD.fact_complaints ............... [[32mSUCCESS 18670034[0m in 10.54s]
[0m08:07:55.964823 [debug] [Thread-2 (]: Finished running node model.dbt_AI_financial_risk_project.fact_complaints
[0m08:07:55.968457 [debug] [MainThread]: Connection 'master' was properly closed.
[0m08:07:55.969489 [debug] [MainThread]: Connection 'list_FINANCIAL_RISK_INTELLIGENCE' was left open.
[0m08:07:55.969489 [debug] [MainThread]: On list_FINANCIAL_RISK_INTELLIGENCE: Close
[0m08:07:56.594195 [debug] [MainThread]: Connection 'list_FINANCIAL_RISK_INTELLIGENCE_ANALYTICS_GOLD' was left open.
[0m08:07:56.596190 [debug] [MainThread]: On list_FINANCIAL_RISK_INTELLIGENCE_ANALYTICS_GOLD: Close
[0m08:07:57.249816 [debug] [MainThread]: Connection 'list_FINANCIAL_RISK_INTELLIGENCE_ANALYTICS_SILVER' was left open.
[0m08:07:57.250824 [debug] [MainThread]: On list_FINANCIAL_RISK_INTELLIGENCE_ANALYTICS_SILVER: Close
[0m08:07:57.810180 [debug] [MainThread]: Connection 'list_FINANCIAL_RISK_INTELLIGENCE_ANALYTICS' was left open.
[0m08:07:57.812202 [debug] [MainThread]: On list_FINANCIAL_RISK_INTELLIGENCE_ANALYTICS: Close
[0m08:07:58.426589 [debug] [MainThread]: Connection 'model.dbt_AI_financial_risk_project.fact_complaints' was left open.
[0m08:07:58.429550 [debug] [MainThread]: On model.dbt_AI_financial_risk_project.fact_complaints: Close
[0m08:07:59.069402 [info ] [MainThread]: 
[0m08:07:59.074300 [info ] [MainThread]: Finished running 1 table model in 0 hours 0 minutes and 17.49 seconds (17.49s).
[0m08:07:59.081394 [debug] [MainThread]: Command end result
[0m08:07:59.197447 [debug] [MainThread]: Wrote artifact WritableManifest to C:\Users\guruv\Downloads\Data\Project\AI-Powered-Financial-Risk-Intelligence-Platform\dbt_AI_financial_risk_project\target\manifest.json
[0m08:07:59.202451 [debug] [MainThread]: Wrote artifact SemanticManifest to C:\Users\guruv\Downloads\Data\Project\AI-Powered-Financial-Risk-Intelligence-Platform\dbt_AI_financial_risk_project\target\semantic_manifest.json
[0m08:07:59.212450 [debug] [MainThread]: Wrote artifact RunExecutionResult to C:\Users\guruv\Downloads\Data\Project\AI-Powered-Financial-Risk-Intelligence-Platform\dbt_AI_financial_risk_project\target\run_results.json
[0m08:07:59.213448 [info ] [MainThread]: 
[0m08:07:59.214449 [info ] [MainThread]: [32mCompleted successfully[0m
[0m08:07:59.215448 [info ] [MainThread]: 
[0m08:07:59.217447 [info ] [MainThread]: Done. PASS=1 WARN=0 ERROR=0 SKIP=0 NO-OP=0 TOTAL=1
[0m08:07:59.218447 [debug] [MainThread]: Command `dbt run` succeeded at 08:07:59.218447 after 19.74 seconds
[0m08:07:59.219448 [debug] [MainThread]: Sending event: {'category': 'dbt', 'action': 'invocation', 'label': 'end', 'context': [<snowplow_tracker.self_describing_json.SelfDescribingJson object at 0x0000018CEDC80950>, <snowplow_tracker.self_describing_json.SelfDescribingJson object at 0x0000018CEDC80510>, <snowplow_tracker.self_describing_json.SelfDescribingJson object at 0x0000018CF48CF4D0>]}
[0m08:07:59.220446 [debug] [MainThread]: Flushing usage events
[0m08:08:00.610134 [debug] [MainThread]: An error was encountered while trying to flush usage events
[0m08:19:29.954614 [debug] [MainThread]: Sending event: {'category': 'dbt', 'action': 'invocation', 'label': 'start', 'context': [<snowplow_tracker.self_describing_json.SelfDescribingJson object at 0x0000018556157110>, <snowplow_tracker.self_describing_json.SelfDescribingJson object at 0x00000185591B2410>, <snowplow_tracker.self_describing_json.SelfDescribingJson object at 0x00000185591F0410>]}


============================== 08:19:29.958885 | d51b981a-1f1f-49ec-9441-d219ffb53c2b ==============================
[0m08:19:29.958885 [info ] [MainThread]: Running with dbt=1.11.11
[0m08:19:29.959882 [debug] [MainThread]: running dbt with arguments {'static_parser': 'True', 'no_print': 'None', 'version_check': 'True', 'warn_error_options': 'WarnErrorOptionsV2(error=[], warn=[], silence=[])', 'target_path': 'None', 'printer_width': '80', 'write_json': 'True', 'introspect': 'True', 'log_cache_events': 'False', 'empty': 'False', 'cache_selected_only': 'False', 'fail_fast': 'False', 'debug': 'False', 'log_format': 'default', 'profiles_dir': '.', 'send_anonymous_usage_stats': 'True', 'quiet': 'False', 'warn_error': 'None', 'partial_parse': 'True', 'invocation_command': 'dbt run --select dim_product dim_company dim_location dim_channel --profiles-dir .', 'use_colors': 'True', 'indirect_selection': 'eager', 'use_experimental_parser': 'False', 'log_path': 'C:\\Users\\guruv\\Downloads\\Data\\Project\\AI-Powered-Financial-Risk-Intelligence-Platform\\dbt_AI_financial_risk_project\\logs'}
[0m08:19:30.983786 [debug] [MainThread]: Snowflake adapter: Setting snowflake.connector to ERROR (file logging only)
[0m08:19:30.984775 [debug] [MainThread]: Snowflake adapter: Setting botocore to ERROR (file logging only)
[0m08:19:30.984775 [debug] [MainThread]: Snowflake adapter: Setting boto3 to ERROR (file logging only)
[0m08:19:31.201989 [debug] [MainThread]: Sending event: {'category': 'dbt', 'action': 'project_id', 'label': 'd51b981a-1f1f-49ec-9441-d219ffb53c2b', 'context': [<snowplow_tracker.self_describing_json.SelfDescribingJson object at 0x0000018559AAF490>]}
[0m08:19:31.261147 [debug] [MainThread]: Sending event: {'category': 'dbt', 'action': 'adapter_info', 'label': 'd51b981a-1f1f-49ec-9441-d219ffb53c2b', 'context': [<snowplow_tracker.self_describing_json.SelfDescribingJson object at 0x0000018558A0E210>]}
[0m08:19:31.263151 [info ] [MainThread]: Registered adapter: snowflake=1.11.5
[0m08:19:31.770340 [debug] [MainThread]: checksum: 30a8cc8fdcbf66701b0944d4ccce3fa46dd04b61e5df68b9f16d57b2e0e3f0be, vars: {}, profile: , target: , version: 1.11.11
[0m08:19:31.931567 [debug] [MainThread]: Partial parsing enabled: 0 files deleted, 0 files added, 2 files changed.
[0m08:19:31.932547 [debug] [MainThread]: Partial parsing: updated file: dbt_AI_financial_risk_project://models\gold\dim_location.sql
[0m08:19:31.932547 [debug] [MainThread]: Partial parsing: updated file: dbt_AI_financial_risk_project://models\gold\dim_company.sql
[0m08:19:32.241557 [debug] [MainThread]: Sending event: {'category': 'dbt', 'action': 'load_project', 'label': 'd51b981a-1f1f-49ec-9441-d219ffb53c2b', 'context': [<snowplow_tracker.self_describing_json.SelfDescribingJson object at 0x000001856C240850>]}
[0m08:19:32.328821 [debug] [MainThread]: Wrote artifact WritableManifest to C:\Users\guruv\Downloads\Data\Project\AI-Powered-Financial-Risk-Intelligence-Platform\dbt_AI_financial_risk_project\target\manifest.json
[0m08:19:32.331822 [debug] [MainThread]: Wrote artifact SemanticManifest to C:\Users\guruv\Downloads\Data\Project\AI-Powered-Financial-Risk-Intelligence-Platform\dbt_AI_financial_risk_project\target\semantic_manifest.json
[0m08:19:32.343828 [debug] [MainThread]: Sending event: {'category': 'dbt', 'action': 'resource_counts', 'label': 'd51b981a-1f1f-49ec-9441-d219ffb53c2b', 'context': [<snowplow_tracker.self_describing_json.SelfDescribingJson object at 0x000001856C73C450>]}
[0m08:19:32.344828 [info ] [MainThread]: Found 8 models, 4 data tests, 536 macros
[0m08:19:32.345836 [debug] [MainThread]: Sending event: {'category': 'dbt', 'action': 'runnable_timing', 'label': 'd51b981a-1f1f-49ec-9441-d219ffb53c2b', 'context': [<snowplow_tracker.self_describing_json.SelfDescribingJson object at 0x000001856C8FE290>]}
[0m08:19:32.347871 [info ] [MainThread]: 
[0m08:19:32.347871 [info ] [MainThread]: Concurrency: 4 threads (target='dev')
[0m08:19:32.348829 [info ] [MainThread]: 
[0m08:19:32.349833 [debug] [MainThread]: Acquiring new snowflake connection 'master'
[0m08:19:32.354838 [debug] [ThreadPool]: Acquiring new snowflake connection 'list_FINANCIAL_RISK_INTELLIGENCE'
[0m08:19:32.355837 [debug] [ThreadPool]: Acquiring new snowflake connection 'list_FINANCIAL_RISK_INTELLIGENCE'
[0m08:19:32.448444 [debug] [ThreadPool]: Using snowflake connection "list_FINANCIAL_RISK_INTELLIGENCE"
[0m08:19:32.449444 [debug] [ThreadPool]: Using snowflake connection "list_FINANCIAL_RISK_INTELLIGENCE"
[0m08:19:32.449444 [debug] [ThreadPool]: On list_FINANCIAL_RISK_INTELLIGENCE: show terse schemas in database FINANCIAL_RISK_INTELLIGENCE
    limit 10000
/* {"app": "dbt", "dbt_version": "1.11.11", "profile_name": "dbt_AI_financial_risk_project", "target_name": "dev", "connection_name": "list_FINANCIAL_RISK_INTELLIGENCE"} */
[0m08:19:32.450443 [debug] [ThreadPool]: On list_FINANCIAL_RISK_INTELLIGENCE: show terse schemas in database FINANCIAL_RISK_INTELLIGENCE
    limit 10000
/* {"app": "dbt", "dbt_version": "1.11.11", "profile_name": "dbt_AI_financial_risk_project", "target_name": "dev", "connection_name": "list_FINANCIAL_RISK_INTELLIGENCE"} */
[0m08:19:32.450443 [debug] [ThreadPool]: Opening a new connection, currently in state init
[0m08:19:32.451453 [debug] [ThreadPool]: Opening a new connection, currently in state init
[0m08:19:34.337778 [debug] [ThreadPool]: SQL status: SUCCESS 6 in 1.887 seconds
[0m08:19:34.340260 [debug] [ThreadPool]: SQL status: SUCCESS 6 in 1.889 seconds
[0m08:19:34.348444 [debug] [ThreadPool]: Acquiring new snowflake connection 'list_FINANCIAL_RISK_INTELLIGENCE_ANALYTICS_SILVER'
[0m08:19:34.350459 [debug] [ThreadPool]: Acquiring new snowflake connection 'list_FINANCIAL_RISK_INTELLIGENCE_ANALYTICS'
[0m08:19:34.368486 [debug] [ThreadPool]: Using snowflake connection "list_FINANCIAL_RISK_INTELLIGENCE_ANALYTICS_SILVER"
[0m08:19:34.368486 [debug] [ThreadPool]: Acquiring new snowflake connection 'list_FINANCIAL_RISK_INTELLIGENCE_ANALYTICS_GOLD'
[0m08:19:34.372445 [debug] [ThreadPool]: Using snowflake connection "list_FINANCIAL_RISK_INTELLIGENCE_ANALYTICS"
[0m08:19:34.373444 [debug] [ThreadPool]: On list_FINANCIAL_RISK_INTELLIGENCE_ANALYTICS_SILVER: show objects in FINANCIAL_RISK_INTELLIGENCE.ANALYTICS_SILVER
    limit 10000
    

/* {"app": "dbt", "dbt_version": "1.11.11", "profile_name": "dbt_AI_financial_risk_project", "target_name": "dev", "connection_name": "list_FINANCIAL_RISK_INTELLIGENCE_ANALYTICS_SILVER"} */;
[0m08:19:34.376551 [debug] [ThreadPool]: Using snowflake connection "list_FINANCIAL_RISK_INTELLIGENCE_ANALYTICS_GOLD"
[0m08:19:34.376551 [debug] [ThreadPool]: On list_FINANCIAL_RISK_INTELLIGENCE_ANALYTICS: show objects in FINANCIAL_RISK_INTELLIGENCE.ANALYTICS
    limit 10000
    

/* {"app": "dbt", "dbt_version": "1.11.11", "profile_name": "dbt_AI_financial_risk_project", "target_name": "dev", "connection_name": "list_FINANCIAL_RISK_INTELLIGENCE_ANALYTICS"} */;
[0m08:19:34.377518 [debug] [ThreadPool]: Opening a new connection, currently in state init
[0m08:19:34.377518 [debug] [ThreadPool]: On list_FINANCIAL_RISK_INTELLIGENCE_ANALYTICS_GOLD: show objects in FINANCIAL_RISK_INTELLIGENCE.ANALYTICS_GOLD
    limit 10000
    

/* {"app": "dbt", "dbt_version": "1.11.11", "profile_name": "dbt_AI_financial_risk_project", "target_name": "dev", "connection_name": "list_FINANCIAL_RISK_INTELLIGENCE_ANALYTICS_GOLD"} */;
[0m08:19:34.378529 [debug] [ThreadPool]: Opening a new connection, currently in state init
[0m08:19:34.379516 [debug] [ThreadPool]: Opening a new connection, currently in state init
[0m08:19:36.140780 [debug] [ThreadPool]: SQL status: SUCCESS 7 in 1.762 seconds
[0m08:19:36.154831 [debug] [ThreadPool]: SQL status: SUCCESS 1 in 1.778 seconds
[0m08:19:36.225999 [debug] [ThreadPool]: SQL status: SUCCESS 0 in 1.846 seconds
[0m08:19:36.234021 [debug] [MainThread]: Sending event: {'category': 'dbt', 'action': 'runnable_timing', 'label': 'd51b981a-1f1f-49ec-9441-d219ffb53c2b', 'context': [<snowplow_tracker.self_describing_json.SelfDescribingJson object at 0x000001856CD1D6D0>]}
[0m08:19:36.251683 [debug] [Thread-2 (]: Began running node model.dbt_AI_financial_risk_project.dim_channel
[0m08:19:36.252682 [debug] [Thread-3 (]: Began running node model.dbt_AI_financial_risk_project.dim_company
[0m08:19:36.254621 [debug] [Thread-4 (]: Began running node model.dbt_AI_financial_risk_project.dim_location
[0m08:19:36.256696 [debug] [Thread-5 (]: Began running node model.dbt_AI_financial_risk_project.dim_product
[0m08:19:36.258960 [info ] [Thread-2 (]: 1 of 4 START sql view model ANALYTICS.dim_channel .............................. [RUN]
[0m08:19:36.260976 [info ] [Thread-3 (]: 2 of 4 START sql table model ANALYTICS_GOLD.dim_company ........................ [RUN]
[0m08:19:36.263047 [info ] [Thread-4 (]: 3 of 4 START sql table model ANALYTICS_GOLD.dim_location ....................... [RUN]
[0m08:19:36.265188 [info ] [Thread-5 (]: 4 of 4 START sql table model ANALYTICS_GOLD.dim_product ........................ [RUN]
[0m08:19:36.267116 [debug] [Thread-2 (]: Acquiring new snowflake connection 'model.dbt_AI_financial_risk_project.dim_channel'
[0m08:19:36.268594 [debug] [Thread-3 (]: Acquiring new snowflake connection 'model.dbt_AI_financial_risk_project.dim_company'
[0m08:19:36.269625 [debug] [Thread-4 (]: Acquiring new snowflake connection 'model.dbt_AI_financial_risk_project.dim_location'
[0m08:19:36.270817 [debug] [Thread-5 (]: Acquiring new snowflake connection 'model.dbt_AI_financial_risk_project.dim_product'
[0m08:19:36.272878 [debug] [Thread-2 (]: Began compiling node model.dbt_AI_financial_risk_project.dim_channel
[0m08:19:36.273887 [debug] [Thread-3 (]: Began compiling node model.dbt_AI_financial_risk_project.dim_company
[0m08:19:36.274887 [debug] [Thread-4 (]: Began compiling node model.dbt_AI_financial_risk_project.dim_location
[0m08:19:36.275887 [debug] [Thread-5 (]: Began compiling node model.dbt_AI_financial_risk_project.dim_product
[0m08:19:36.286886 [debug] [Thread-2 (]: Writing injected SQL for node "model.dbt_AI_financial_risk_project.dim_channel"
[0m08:19:36.293887 [debug] [Thread-3 (]: Writing injected SQL for node "model.dbt_AI_financial_risk_project.dim_company"
[0m08:19:36.297929 [debug] [Thread-4 (]: Writing injected SQL for node "model.dbt_AI_financial_risk_project.dim_location"
[0m08:19:36.300931 [debug] [Thread-5 (]: Writing injected SQL for node "model.dbt_AI_financial_risk_project.dim_product"
[0m08:19:36.302894 [debug] [Thread-2 (]: Began executing node model.dbt_AI_financial_risk_project.dim_channel
[0m08:19:36.302894 [debug] [Thread-3 (]: Began executing node model.dbt_AI_financial_risk_project.dim_company
[0m08:19:36.304888 [debug] [Thread-4 (]: Began executing node model.dbt_AI_financial_risk_project.dim_location
[0m08:19:36.327855 [debug] [Thread-2 (]: Dropping relation "FINANCIAL_RISK_INTELLIGENCE"."ANALYTICS"."DIM_CHANNEL" because it is of type table
[0m08:19:36.328853 [debug] [Thread-5 (]: Began executing node model.dbt_AI_financial_risk_project.dim_product
[0m08:19:36.352909 [debug] [Thread-3 (]: Writing runtime sql for node "model.dbt_AI_financial_risk_project.dim_company"
[0m08:19:36.356909 [debug] [Thread-4 (]: Writing runtime sql for node "model.dbt_AI_financial_risk_project.dim_location"
[0m08:19:36.362909 [debug] [Thread-2 (]: Applying DROP to: "FINANCIAL_RISK_INTELLIGENCE"."ANALYTICS"."DIM_CHANNEL"
[0m08:19:36.366343 [debug] [Thread-5 (]: Writing runtime sql for node "model.dbt_AI_financial_risk_project.dim_product"
[0m08:19:36.368305 [debug] [Thread-3 (]: Using snowflake connection "model.dbt_AI_financial_risk_project.dim_company"
[0m08:19:36.379214 [debug] [Thread-2 (]: Using snowflake connection "model.dbt_AI_financial_risk_project.dim_channel"
[0m08:19:36.380175 [debug] [Thread-4 (]: Using snowflake connection "model.dbt_AI_financial_risk_project.dim_location"
[0m08:19:36.381210 [debug] [Thread-5 (]: Using snowflake connection "model.dbt_AI_financial_risk_project.dim_product"
[0m08:19:36.381210 [debug] [Thread-3 (]: On model.dbt_AI_financial_risk_project.dim_company: create or replace transient table FINANCIAL_RISK_INTELLIGENCE.ANALYTICS_GOLD.dim_company
    
    
    
    as (

WITH singh AS (
    SELECT DISTINCT
        company
    FROM FINANCIAL_RISK_INTELLIGENCE.ANALYTICS_SILVER.stg_complaints
    WHERE company IS NOT NULL
)

SELECT
    ROW_NUMBER() OVER (ORDER BY company) AS company_key,
    company
FROM singh
    )

/* {"app": "dbt", "dbt_version": "1.11.11", "profile_name": "dbt_AI_financial_risk_project", "target_name": "dev", "node_id": "model.dbt_AI_financial_risk_project.dim_company"} */;
[0m08:19:36.382420 [debug] [Thread-2 (]: On model.dbt_AI_financial_risk_project.dim_channel: drop table if exists "FINANCIAL_RISK_INTELLIGENCE"."ANALYTICS"."DIM_CHANNEL" cascade
/* {"app": "dbt", "dbt_version": "1.11.11", "profile_name": "dbt_AI_financial_risk_project", "target_name": "dev", "node_id": "model.dbt_AI_financial_risk_project.dim_channel"} */
[0m08:19:36.383420 [debug] [Thread-4 (]: On model.dbt_AI_financial_risk_project.dim_location: create or replace transient table FINANCIAL_RISK_INTELLIGENCE.ANALYTICS_GOLD.dim_location
    
    
    
    as (

WITH singh AS (
    -- Get the unique combinations of state and zip
    SELECT DISTINCT 
        state, 
        zip_code
    FROM FINANCIAL_RISK_INTELLIGENCE.ANALYTICS_SILVER.stg_complaints
    WHERE state IS NOT NULL
)

SELECT
    ROW_NUMBER() OVER (ORDER BY state, zip_code) AS location_key,
    state,
    zip_code
FROM singh
    )

/* {"app": "dbt", "dbt_version": "1.11.11", "profile_name": "dbt_AI_financial_risk_project", "target_name": "dev", "node_id": "model.dbt_AI_financial_risk_project.dim_location"} */;
[0m08:19:36.383420 [debug] [Thread-5 (]: On model.dbt_AI_financial_risk_project.dim_product: create or replace transient table FINANCIAL_RISK_INTELLIGENCE.ANALYTICS_GOLD.dim_product
    
    
    
    as (

WITH singh AS (
    -- Point to the exact table dbt just successfully built
    SELECT DISTINCT product
    FROM FINANCIAL_RISK_INTELLIGENCE.ANALYTICS_SILVER.stg_complaints
    WHERE product IS NOT NULL
)

SELECT
    ROW_NUMBER() OVER (ORDER BY product) AS product_key,
    product
FROM singh
    )

/* {"app": "dbt", "dbt_version": "1.11.11", "profile_name": "dbt_AI_financial_risk_project", "target_name": "dev", "node_id": "model.dbt_AI_financial_risk_project.dim_product"} */;
[0m08:19:36.384450 [debug] [Thread-3 (]: Opening a new connection, currently in state init
[0m08:19:36.384450 [debug] [Thread-2 (]: Opening a new connection, currently in state init
[0m08:19:36.385457 [debug] [Thread-4 (]: Opening a new connection, currently in state init
[0m08:19:36.385457 [debug] [Thread-5 (]: Opening a new connection, currently in state init
[0m08:19:37.790396 [debug] [Thread-2 (]: SQL status: SUCCESS 1 in 1.405 seconds
[0m08:19:37.804395 [debug] [Thread-2 (]: Writing runtime sql for node "model.dbt_AI_financial_risk_project.dim_channel"
[0m08:19:37.806396 [debug] [Thread-2 (]: Using snowflake connection "model.dbt_AI_financial_risk_project.dim_channel"
[0m08:19:37.807398 [debug] [Thread-2 (]: On model.dbt_AI_financial_risk_project.dim_channel: create or replace   view FINANCIAL_RISK_INTELLIGENCE.ANALYTICS.dim_channel
  
  
  
  
  as (
    ({config (
    materialized='table',
    schema='GOLD'
)})

WITH singh AS (
    SELECT DISTINCT SUBMITTED_VIA
    FROM FINANCIAL_RISK_INTELLIGENCE.ANALYTICS_SILVER.stg_complaints
    WHERE SUBMITTED_VIA IS NOT NULL 
)   
SELECT
    ROW_NUMBER() OVER (ORDER BY SUBMITTED_VIA) AS channel_id,
    SUBMITTED_VIA AS channel_name
FROM singh
  )
/* {"app": "dbt", "dbt_version": "1.11.11", "profile_name": "dbt_AI_financial_risk_project", "target_name": "dev", "node_id": "model.dbt_AI_financial_risk_project.dim_channel"} */;
[0m08:19:38.215064 [debug] [Thread-2 (]: Snowflake adapter: Snowflake query id: 01c4c7a3-0309-1f1e-002e-65ff0004c4e2
[0m08:19:38.216974 [debug] [Thread-2 (]: Snowflake adapter: Snowflake error: 001003 (42000): SQL compilation error:
syntax error line 7 at position 5 unexpected '{'.
syntax error line 10 at position 1 unexpected '}'.
[0m08:19:38.226735 [debug] [Thread-2 (]: Database Error in model dim_channel (models\gold\dim_channel.sql)
  001003 (42000): SQL compilation error:
  syntax error line 7 at position 5 unexpected '{'.
  syntax error line 10 at position 1 unexpected '}'.
  compiled code at target\run\dbt_AI_financial_risk_project\models\gold\dim_channel.sql
[0m08:19:38.230726 [debug] [Thread-2 (]: Sending event: {'category': 'dbt', 'action': 'run_model', 'label': 'd51b981a-1f1f-49ec-9441-d219ffb53c2b', 'context': [<snowplow_tracker.self_describing_json.SelfDescribingJson object at 0x000001856C2412D0>]}
[0m08:19:38.232730 [error] [Thread-2 (]: 1 of 4 ERROR creating sql view model ANALYTICS.dim_channel ..................... [[31mERROR[0m in 1.96s]
[0m08:19:38.233696 [debug] [Thread-2 (]: Finished running node model.dbt_AI_financial_risk_project.dim_channel
[0m08:19:38.234725 [debug] [Thread-8 (]: Marking all children of 'model.dbt_AI_financial_risk_project.dim_channel' to be skipped because of status 'error'.  Reason: Database Error in model dim_channel (models\gold\dim_channel.sql)
  001003 (42000): SQL compilation error:
  syntax error line 7 at position 5 unexpected '{'.
  syntax error line 10 at position 1 unexpected '}'.
  compiled code at target\run\dbt_AI_financial_risk_project\models\gold\dim_channel.sql.
[0m08:19:39.278397 [debug] [Thread-5 (]: SQL status: SUCCESS 19 in 2.892 seconds
[0m08:19:39.313477 [debug] [Thread-5 (]: Sending event: {'category': 'dbt', 'action': 'run_model', 'label': 'd51b981a-1f1f-49ec-9441-d219ffb53c2b', 'context': [<snowplow_tracker.self_describing_json.SelfDescribingJson object at 0x000001856D06FC10>]}
[0m08:19:39.314474 [debug] [Thread-3 (]: SQL status: SUCCESS 548 in 2.931 seconds
[0m08:19:39.315474 [debug] [Thread-4 (]: SQL status: SUCCESS 4828 in 2.931 seconds
[0m08:19:39.316475 [info ] [Thread-5 (]: 4 of 4 OK created sql table model ANALYTICS_GOLD.dim_product ................... [[32mSUCCESS 19[0m in 3.04s]
[0m08:19:39.319437 [debug] [Thread-3 (]: Sending event: {'category': 'dbt', 'action': 'run_model', 'label': 'd51b981a-1f1f-49ec-9441-d219ffb53c2b', 'context': [<snowplow_tracker.self_describing_json.SelfDescribingJson object at 0x000001856C3492D0>]}
[0m08:19:39.322438 [debug] [Thread-4 (]: Sending event: {'category': 'dbt', 'action': 'run_model', 'label': 'd51b981a-1f1f-49ec-9441-d219ffb53c2b', 'context': [<snowplow_tracker.self_describing_json.SelfDescribingJson object at 0x000001856CAF4950>]}
[0m08:19:39.323438 [debug] [Thread-5 (]: Finished running node model.dbt_AI_financial_risk_project.dim_product
[0m08:19:39.323438 [info ] [Thread-3 (]: 2 of 4 OK created sql table model ANALYTICS_GOLD.dim_company ................... [[32mSUCCESS 548[0m in 3.05s]
[0m08:19:39.324439 [info ] [Thread-4 (]: 3 of 4 OK created sql table model ANALYTICS_GOLD.dim_location .................. [[32mSUCCESS 4828[0m in 3.05s]
[0m08:19:39.326436 [debug] [Thread-3 (]: Finished running node model.dbt_AI_financial_risk_project.dim_company
[0m08:19:39.327435 [debug] [Thread-4 (]: Finished running node model.dbt_AI_financial_risk_project.dim_location
[0m08:19:39.328436 [debug] [MainThread]: Connection 'master' was properly closed.
[0m08:19:39.329717 [debug] [MainThread]: Connection 'list_FINANCIAL_RISK_INTELLIGENCE' was left open.
[0m08:19:39.330744 [debug] [MainThread]: On list_FINANCIAL_RISK_INTELLIGENCE: Close
[0m08:19:39.896827 [debug] [MainThread]: Connection 'list_FINANCIAL_RISK_INTELLIGENCE' was left open.
[0m08:19:39.898833 [debug] [MainThread]: On list_FINANCIAL_RISK_INTELLIGENCE: Close
[0m08:19:40.473709 [debug] [MainThread]: Connection 'list_FINANCIAL_RISK_INTELLIGENCE_ANALYTICS_SILVER' was left open.
[0m08:19:40.476709 [debug] [MainThread]: On list_FINANCIAL_RISK_INTELLIGENCE_ANALYTICS_SILVER: Close
[0m08:19:41.102934 [debug] [MainThread]: Connection 'list_FINANCIAL_RISK_INTELLIGENCE_ANALYTICS' was left open.
[0m08:19:41.106482 [debug] [MainThread]: On list_FINANCIAL_RISK_INTELLIGENCE_ANALYTICS: Close
[0m08:19:41.730114 [debug] [MainThread]: Connection 'list_FINANCIAL_RISK_INTELLIGENCE_ANALYTICS_GOLD' was left open.
[0m08:19:41.732105 [debug] [MainThread]: On list_FINANCIAL_RISK_INTELLIGENCE_ANALYTICS_GOLD: Close
[0m08:19:42.337043 [debug] [MainThread]: Connection 'model.dbt_AI_financial_risk_project.dim_channel' was left open.
[0m08:19:42.337043 [debug] [MainThread]: On model.dbt_AI_financial_risk_project.dim_channel: Close
[0m08:19:42.932846 [debug] [MainThread]: Connection 'model.dbt_AI_financial_risk_project.dim_company' was left open.
[0m08:19:42.934769 [debug] [MainThread]: On model.dbt_AI_financial_risk_project.dim_company: Close
[0m08:19:43.526936 [debug] [MainThread]: Connection 'model.dbt_AI_financial_risk_project.dim_location' was left open.
[0m08:19:43.529943 [debug] [MainThread]: On model.dbt_AI_financial_risk_project.dim_location: Close
[0m08:19:44.087529 [debug] [MainThread]: Connection 'model.dbt_AI_financial_risk_project.dim_product' was left open.
[0m08:19:44.088725 [debug] [MainThread]: On model.dbt_AI_financial_risk_project.dim_product: Close
[0m08:19:44.673946 [info ] [MainThread]: 
[0m08:19:44.674932 [info ] [MainThread]: Finished running 3 table models, 1 view model in 0 hours 0 minutes and 12.32 seconds (12.32s).
[0m08:19:44.677177 [debug] [MainThread]: Command end result
[0m08:19:44.727055 [debug] [MainThread]: Wrote artifact WritableManifest to C:\Users\guruv\Downloads\Data\Project\AI-Powered-Financial-Risk-Intelligence-Platform\dbt_AI_financial_risk_project\target\manifest.json
[0m08:19:44.732056 [debug] [MainThread]: Wrote artifact SemanticManifest to C:\Users\guruv\Downloads\Data\Project\AI-Powered-Financial-Risk-Intelligence-Platform\dbt_AI_financial_risk_project\target\semantic_manifest.json
[0m08:19:44.757573 [debug] [MainThread]: Wrote artifact RunExecutionResult to C:\Users\guruv\Downloads\Data\Project\AI-Powered-Financial-Risk-Intelligence-Platform\dbt_AI_financial_risk_project\target\run_results.json
[0m08:19:44.758574 [info ] [MainThread]: 
[0m08:19:44.763572 [info ] [MainThread]: [31mCompleted with 1 error, 0 partial successes, and 0 warnings:[0m
[0m08:19:44.764571 [info ] [MainThread]: 
[0m08:19:44.765572 [error] [MainThread]: [31mFailure in model dim_channel (models\gold\dim_channel.sql)[0m
[0m08:19:44.766572 [error] [MainThread]:   Database Error in model dim_channel (models\gold\dim_channel.sql)
  001003 (42000): SQL compilation error:
  syntax error line 7 at position 5 unexpected '{'.
  syntax error line 10 at position 1 unexpected '}'.
  compiled code at target\run\dbt_AI_financial_risk_project\models\gold\dim_channel.sql
[0m08:19:44.767582 [info ] [MainThread]: 
[0m08:19:44.767582 [info ] [MainThread]:   compiled code at target\compiled\dbt_AI_financial_risk_project\models\gold\dim_channel.sql
[0m08:19:44.768586 [info ] [MainThread]: 
[0m08:19:44.770809 [info ] [MainThread]: Done. PASS=3 WARN=0 ERROR=1 SKIP=0 NO-OP=0 TOTAL=4
[0m08:19:44.771816 [debug] [MainThread]: Command `dbt run` failed at 08:19:44.771816 after 14.92 seconds
[0m08:19:44.772851 [debug] [MainThread]: Sending event: {'category': 'dbt', 'action': 'invocation', 'label': 'end', 'context': [<snowplow_tracker.self_describing_json.SelfDescribingJson object at 0x0000018552BD0450>, <snowplow_tracker.self_describing_json.SelfDescribingJson object at 0x0000018556422210>, <snowplow_tracker.self_describing_json.SelfDescribingJson object at 0x00000185589D7050>]}
[0m08:19:44.773830 [debug] [MainThread]: Flushing usage events
[0m08:19:46.055348 [debug] [MainThread]: An error was encountered while trying to flush usage events
[0m08:20:50.382433 [debug] [MainThread]: Sending event: {'category': 'dbt', 'action': 'invocation', 'label': 'start', 'context': [<snowplow_tracker.self_describing_json.SelfDescribingJson object at 0x000002301381D050>, <snowplow_tracker.self_describing_json.SelfDescribingJson object at 0x00000230149736D0>, <snowplow_tracker.self_describing_json.SelfDescribingJson object at 0x00000230130561D0>]}


============================== 08:20:50.386433 | 524a3903-0481-43ef-9147-0bd122385418 ==============================
[0m08:20:50.386433 [info ] [MainThread]: Running with dbt=1.11.11
[0m08:20:50.387433 [debug] [MainThread]: running dbt with arguments {'version_check': 'True', 'no_print': 'None', 'static_parser': 'True', 'target_path': 'None', 'warn_error_options': 'WarnErrorOptionsV2(error=[], warn=[], silence=[])', 'printer_width': '80', 'write_json': 'True', 'empty': 'False', 'log_cache_events': 'False', 'introspect': 'True', 'cache_selected_only': 'False', 'fail_fast': 'False', 'debug': 'False', 'log_format': 'default', 'partial_parse': 'True', 'send_anonymous_usage_stats': 'True', 'quiet': 'False', 'warn_error': 'None', 'profiles_dir': '.', 'indirect_selection': 'eager', 'use_colors': 'True', 'invocation_command': 'dbt run --select fact_complaints --profiles-dir .', 'use_experimental_parser': 'False', 'log_path': 'C:\\Users\\guruv\\Downloads\\Data\\Project\\AI-Powered-Financial-Risk-Intelligence-Platform\\dbt_AI_financial_risk_project\\logs'}
[0m08:20:51.331930 [debug] [MainThread]: Snowflake adapter: Setting snowflake.connector to ERROR (file logging only)
[0m08:20:51.331930 [debug] [MainThread]: Snowflake adapter: Setting botocore to ERROR (file logging only)
[0m08:20:51.332926 [debug] [MainThread]: Snowflake adapter: Setting boto3 to ERROR (file logging only)
[0m08:20:51.546567 [debug] [MainThread]: Sending event: {'category': 'dbt', 'action': 'project_id', 'label': '524a3903-0481-43ef-9147-0bd122385418', 'context': [<snowplow_tracker.self_describing_json.SelfDescribingJson object at 0x0000023026117650>]}
[0m08:20:51.606186 [debug] [MainThread]: Sending event: {'category': 'dbt', 'action': 'adapter_info', 'label': '524a3903-0481-43ef-9147-0bd122385418', 'context': [<snowplow_tracker.self_describing_json.SelfDescribingJson object at 0x00000230128AE090>]}
[0m08:20:51.608181 [info ] [MainThread]: Registered adapter: snowflake=1.11.5
[0m08:20:52.075219 [debug] [MainThread]: checksum: 30a8cc8fdcbf66701b0944d4ccce3fa46dd04b61e5df68b9f16d57b2e0e3f0be, vars: {}, profile: , target: , version: 1.11.11
[0m08:20:52.231992 [debug] [MainThread]: Partial parsing enabled: 0 files deleted, 0 files added, 0 files changed.
[0m08:20:52.232995 [debug] [MainThread]: Nothing changed, skipping partial parsing.
[0m08:20:52.232995 [debug] [MainThread]: Partial parsing enabled, no changes found, skipping parsing
[0m08:20:52.270260 [debug] [MainThread]: Sending event: {'category': 'dbt', 'action': 'load_project', 'label': '524a3903-0481-43ef-9147-0bd122385418', 'context': [<snowplow_tracker.self_describing_json.SelfDescribingJson object at 0x000002302658DB10>]}
[0m08:20:52.354622 [debug] [MainThread]: Wrote artifact WritableManifest to C:\Users\guruv\Downloads\Data\Project\AI-Powered-Financial-Risk-Intelligence-Platform\dbt_AI_financial_risk_project\target\manifest.json
[0m08:20:52.357222 [debug] [MainThread]: Wrote artifact SemanticManifest to C:\Users\guruv\Downloads\Data\Project\AI-Powered-Financial-Risk-Intelligence-Platform\dbt_AI_financial_risk_project\target\semantic_manifest.json
[0m08:20:52.369527 [debug] [MainThread]: Sending event: {'category': 'dbt', 'action': 'resource_counts', 'label': '524a3903-0481-43ef-9147-0bd122385418', 'context': [<snowplow_tracker.self_describing_json.SelfDescribingJson object at 0x0000023026475610>]}
[0m08:20:52.370533 [info ] [MainThread]: Found 8 models, 4 data tests, 536 macros
[0m08:20:52.371533 [debug] [MainThread]: Sending event: {'category': 'dbt', 'action': 'runnable_timing', 'label': '524a3903-0481-43ef-9147-0bd122385418', 'context': [<snowplow_tracker.self_describing_json.SelfDescribingJson object at 0x000002302611A450>]}
[0m08:20:52.373568 [info ] [MainThread]: 
[0m08:20:52.374526 [info ] [MainThread]: Concurrency: 4 threads (target='dev')
[0m08:20:52.374526 [info ] [MainThread]: 
[0m08:20:52.375569 [debug] [MainThread]: Acquiring new snowflake connection 'master'
[0m08:20:52.376609 [debug] [ThreadPool]: Acquiring new snowflake connection 'list_FINANCIAL_RISK_INTELLIGENCE'
[0m08:20:52.465120 [debug] [ThreadPool]: Using snowflake connection "list_FINANCIAL_RISK_INTELLIGENCE"
[0m08:20:52.466121 [debug] [ThreadPool]: On list_FINANCIAL_RISK_INTELLIGENCE: show terse schemas in database FINANCIAL_RISK_INTELLIGENCE
    limit 10000
/* {"app": "dbt", "dbt_version": "1.11.11", "profile_name": "dbt_AI_financial_risk_project", "target_name": "dev", "connection_name": "list_FINANCIAL_RISK_INTELLIGENCE"} */
[0m08:20:52.466121 [debug] [ThreadPool]: Opening a new connection, currently in state init
[0m08:20:54.370980 [debug] [ThreadPool]: SQL status: SUCCESS 6 in 1.904 seconds
[0m08:20:54.392995 [debug] [ThreadPool]: Acquiring new snowflake connection 'list_FINANCIAL_RISK_INTELLIGENCE_ANALYTICS_SILVER'
[0m08:20:54.393995 [debug] [ThreadPool]: Acquiring new snowflake connection 'list_FINANCIAL_RISK_INTELLIGENCE_ANALYTICS_GOLD'
[0m08:20:54.415921 [debug] [ThreadPool]: Using snowflake connection "list_FINANCIAL_RISK_INTELLIGENCE_ANALYTICS_SILVER"
[0m08:20:54.416922 [debug] [ThreadPool]: Acquiring new snowflake connection 'list_FINANCIAL_RISK_INTELLIGENCE_ANALYTICS'
[0m08:20:54.420918 [debug] [ThreadPool]: Using snowflake connection "list_FINANCIAL_RISK_INTELLIGENCE_ANALYTICS_GOLD"
[0m08:20:54.421918 [debug] [ThreadPool]: On list_FINANCIAL_RISK_INTELLIGENCE_ANALYTICS_SILVER: show objects in FINANCIAL_RISK_INTELLIGENCE.ANALYTICS_SILVER
    limit 10000
    

/* {"app": "dbt", "dbt_version": "1.11.11", "profile_name": "dbt_AI_financial_risk_project", "target_name": "dev", "connection_name": "list_FINANCIAL_RISK_INTELLIGENCE_ANALYTICS_SILVER"} */;
[0m08:20:54.425916 [debug] [ThreadPool]: Using snowflake connection "list_FINANCIAL_RISK_INTELLIGENCE_ANALYTICS"
[0m08:20:54.426917 [debug] [ThreadPool]: On list_FINANCIAL_RISK_INTELLIGENCE_ANALYTICS_GOLD: show objects in FINANCIAL_RISK_INTELLIGENCE.ANALYTICS_GOLD
    limit 10000
    

/* {"app": "dbt", "dbt_version": "1.11.11", "profile_name": "dbt_AI_financial_risk_project", "target_name": "dev", "connection_name": "list_FINANCIAL_RISK_INTELLIGENCE_ANALYTICS_GOLD"} */;
[0m08:20:54.426917 [debug] [ThreadPool]: Opening a new connection, currently in state init
[0m08:20:54.427916 [debug] [ThreadPool]: On list_FINANCIAL_RISK_INTELLIGENCE_ANALYTICS: show objects in FINANCIAL_RISK_INTELLIGENCE.ANALYTICS
    limit 10000
    

/* {"app": "dbt", "dbt_version": "1.11.11", "profile_name": "dbt_AI_financial_risk_project", "target_name": "dev", "connection_name": "list_FINANCIAL_RISK_INTELLIGENCE_ANALYTICS"} */;
[0m08:20:54.427916 [debug] [ThreadPool]: Opening a new connection, currently in state init
[0m08:20:54.429915 [debug] [ThreadPool]: Opening a new connection, currently in state init
[0m08:20:56.087890 [debug] [ThreadPool]: SQL status: SUCCESS 1 in 1.661 seconds
[0m08:20:56.177021 [debug] [ThreadPool]: SQL status: SUCCESS 3 in 1.749 seconds
[0m08:20:56.189002 [debug] [ThreadPool]: SQL status: SUCCESS 6 in 1.759 seconds
[0m08:20:56.198937 [debug] [MainThread]: Sending event: {'category': 'dbt', 'action': 'runnable_timing', 'label': '524a3903-0481-43ef-9147-0bd122385418', 'context': [<snowplow_tracker.self_describing_json.SelfDescribingJson object at 0x0000023026511290>]}
[0m08:20:56.210933 [debug] [Thread-2 (]: Began running node model.dbt_AI_financial_risk_project.fact_complaints
[0m08:20:56.214008 [info ] [Thread-2 (]: 1 of 1 START sql table model ANALYTICS_GOLD.fact_complaints .................... [RUN]
[0m08:20:56.215929 [debug] [Thread-2 (]: Acquiring new snowflake connection 'model.dbt_AI_financial_risk_project.fact_complaints'
[0m08:20:56.216928 [debug] [Thread-2 (]: Began compiling node model.dbt_AI_financial_risk_project.fact_complaints
[0m08:20:56.234844 [debug] [Thread-2 (]: Writing injected SQL for node "model.dbt_AI_financial_risk_project.fact_complaints"
[0m08:20:56.236864 [debug] [Thread-2 (]: Began executing node model.dbt_AI_financial_risk_project.fact_complaints
[0m08:20:56.273215 [debug] [Thread-2 (]: Writing runtime sql for node "model.dbt_AI_financial_risk_project.fact_complaints"
[0m08:20:56.275168 [debug] [Thread-2 (]: Using snowflake connection "model.dbt_AI_financial_risk_project.fact_complaints"
[0m08:20:56.276174 [debug] [Thread-2 (]: On model.dbt_AI_financial_risk_project.fact_complaints: create or replace transient table FINANCIAL_RISK_INTELLIGENCE.ANALYTICS_GOLD.fact_complaints
    
    
    
    as (-- This model creates the fact_complaints table in the GOLD schema by joining the staging complaints data with the dimension tables for products, companies, and locations. It selects relevant fields and keys to form a comprehensive fact table for analysis.
-- table, view, incremental, ephemeral 


SELECT
    s.complaint_id,
    p.product_key,
    c.company_key,
    l.location_key,
    s.date_received,
    s.product,
    s.company,
    s.state,
    s.zip_code,
    s.issue,
    s.sub_issue,
    s.consumer_complaint_narrative,
    s.timely_response,
    s.consumer_disputed
FROM FINANCIAL_RISK_INTELLIGENCE.ANALYTICS_SILVER.stg_complaints s
LEFT JOIN FINANCIAL_RISK_INTELLIGENCE.ANALYTICS_GOLD.dim_product p
    ON s.product = p.product
LEFT JOIN FINANCIAL_RISK_INTELLIGENCE.ANALYTICS_GOLD.dim_company c
    ON s.company = c.company
LEFT JOIN FINANCIAL_RISK_INTELLIGENCE.ANALYTICS_GOLD.dim_location l
    ON s.state = l.state
   AND s.zip_code = l.zip_code
    )

/* {"app": "dbt", "dbt_version": "1.11.11", "profile_name": "dbt_AI_financial_risk_project", "target_name": "dev", "node_id": "model.dbt_AI_financial_risk_project.fact_complaints"} */;
[0m08:20:56.276174 [debug] [Thread-2 (]: Opening a new connection, currently in state init
[0m08:20:59.304266 [debug] [Thread-2 (]: SQL status: SUCCESS 10000 in 3.028 seconds
[0m08:20:59.331382 [debug] [Thread-2 (]: Sending event: {'category': 'dbt', 'action': 'run_model', 'label': '524a3903-0481-43ef-9147-0bd122385418', 'context': [<snowplow_tracker.self_describing_json.SelfDescribingJson object at 0x00000230264E3E10>]}
[0m08:20:59.332387 [info ] [Thread-2 (]: 1 of 1 OK created sql table model ANALYTICS_GOLD.fact_complaints ............... [[32mSUCCESS 10000[0m in 3.11s]
[0m08:20:59.333398 [debug] [Thread-2 (]: Finished running node model.dbt_AI_financial_risk_project.fact_complaints
[0m08:20:59.334726 [debug] [MainThread]: Connection 'master' was properly closed.
[0m08:20:59.336223 [debug] [MainThread]: Connection 'list_FINANCIAL_RISK_INTELLIGENCE' was left open.
[0m08:20:59.337382 [debug] [MainThread]: On list_FINANCIAL_RISK_INTELLIGENCE: Close
[0m08:20:59.986911 [debug] [MainThread]: Connection 'list_FINANCIAL_RISK_INTELLIGENCE_ANALYTICS_SILVER' was left open.
[0m08:20:59.989814 [debug] [MainThread]: On list_FINANCIAL_RISK_INTELLIGENCE_ANALYTICS_SILVER: Close
[0m08:21:00.545882 [debug] [MainThread]: Connection 'list_FINANCIAL_RISK_INTELLIGENCE_ANALYTICS_GOLD' was left open.
[0m08:21:00.546880 [debug] [MainThread]: On list_FINANCIAL_RISK_INTELLIGENCE_ANALYTICS_GOLD: Close
[0m08:21:01.189871 [debug] [MainThread]: Connection 'list_FINANCIAL_RISK_INTELLIGENCE_ANALYTICS' was left open.
[0m08:21:01.190867 [debug] [MainThread]: On list_FINANCIAL_RISK_INTELLIGENCE_ANALYTICS: Close
[0m08:21:02.125883 [debug] [MainThread]: Connection 'model.dbt_AI_financial_risk_project.fact_complaints' was left open.
[0m08:21:02.129878 [debug] [MainThread]: On model.dbt_AI_financial_risk_project.fact_complaints: Close
[0m08:21:02.774523 [info ] [MainThread]: 
[0m08:21:02.775549 [info ] [MainThread]: Finished running 1 table model in 0 hours 0 minutes and 10.40 seconds (10.40s).
[0m08:21:02.776580 [debug] [MainThread]: Command end result
[0m08:21:02.820492 [debug] [MainThread]: Wrote artifact WritableManifest to C:\Users\guruv\Downloads\Data\Project\AI-Powered-Financial-Risk-Intelligence-Platform\dbt_AI_financial_risk_project\target\manifest.json
[0m08:21:02.823449 [debug] [MainThread]: Wrote artifact SemanticManifest to C:\Users\guruv\Downloads\Data\Project\AI-Powered-Financial-Risk-Intelligence-Platform\dbt_AI_financial_risk_project\target\semantic_manifest.json
[0m08:21:02.829996 [debug] [MainThread]: Wrote artifact RunExecutionResult to C:\Users\guruv\Downloads\Data\Project\AI-Powered-Financial-Risk-Intelligence-Platform\dbt_AI_financial_risk_project\target\run_results.json
[0m08:21:02.830959 [info ] [MainThread]: 
[0m08:21:02.831959 [info ] [MainThread]: [32mCompleted successfully[0m
[0m08:21:02.832955 [info ] [MainThread]: 
[0m08:21:02.833989 [info ] [MainThread]: Done. PASS=1 WARN=0 ERROR=0 SKIP=0 NO-OP=0 TOTAL=1
[0m08:21:02.835196 [debug] [MainThread]: Command `dbt run` succeeded at 08:21:02.835196 after 12.55 seconds
[0m08:21:02.836234 [debug] [MainThread]: Sending event: {'category': 'dbt', 'action': 'invocation', 'label': 'end', 'context': [<snowplow_tracker.self_describing_json.SelfDescribingJson object at 0x0000023011BB84D0>, <snowplow_tracker.self_describing_json.SelfDescribingJson object at 0x000002301497C090>, <snowplow_tracker.self_describing_json.SelfDescribingJson object at 0x000002300CB80950>]}
[0m08:21:02.836234 [debug] [MainThread]: Flushing usage events
[0m08:21:04.111809 [debug] [MainThread]: An error was encountered while trying to flush usage events
[0m08:22:45.591051 [debug] [MainThread]: Sending event: {'category': 'dbt', 'action': 'invocation', 'label': 'start', 'context': [<snowplow_tracker.self_describing_json.SelfDescribingJson object at 0x000001A46E793F90>, <snowplow_tracker.self_describing_json.SelfDescribingJson object at 0x000001A46E79D610>, <snowplow_tracker.self_describing_json.SelfDescribingJson object at 0x000001A46E79F4D0>]}


============================== 08:22:45.594098 | 8d33a611-c39b-4d72-bab7-d7c57b54b706 ==============================
[0m08:22:45.594098 [info ] [MainThread]: Running with dbt=1.11.11
[0m08:22:45.595056 [debug] [MainThread]: running dbt with arguments {'static_parser': 'True', 'no_print': 'None', 'version_check': 'True', 'warn_error_options': 'WarnErrorOptionsV2(error=[], warn=[], silence=[])', 'target_path': 'None', 'printer_width': '80', 'write_json': 'True', 'introspect': 'True', 'log_cache_events': 'False', 'empty': 'False', 'cache_selected_only': 'False', 'fail_fast': 'False', 'debug': 'False', 'log_format': 'default', 'profiles_dir': '.', 'send_anonymous_usage_stats': 'True', 'quiet': 'False', 'warn_error': 'None', 'partial_parse': 'True', 'indirect_selection': 'eager', 'invocation_command': 'dbt run --select dim_channel --profiles-dir .', 'use_colors': 'True', 'use_experimental_parser': 'False', 'log_path': 'C:\\Users\\guruv\\Downloads\\Data\\Project\\AI-Powered-Financial-Risk-Intelligence-Platform\\dbt_AI_financial_risk_project\\logs'}
[0m08:22:46.558489 [debug] [MainThread]: Snowflake adapter: Setting snowflake.connector to ERROR (file logging only)
[0m08:22:46.559493 [debug] [MainThread]: Snowflake adapter: Setting botocore to ERROR (file logging only)
[0m08:22:46.559493 [debug] [MainThread]: Snowflake adapter: Setting boto3 to ERROR (file logging only)
[0m08:22:46.772131 [debug] [MainThread]: Sending event: {'category': 'dbt', 'action': 'project_id', 'label': '8d33a611-c39b-4d72-bab7-d7c57b54b706', 'context': [<snowplow_tracker.self_describing_json.SelfDescribingJson object at 0x000001A47DB86B10>]}
[0m08:22:46.832137 [debug] [MainThread]: Sending event: {'category': 'dbt', 'action': 'adapter_info', 'label': '8d33a611-c39b-4d72-bab7-d7c57b54b706', 'context': [<snowplow_tracker.self_describing_json.SelfDescribingJson object at 0x000001A46C6BE0D0>]}
[0m08:22:46.833136 [info ] [MainThread]: Registered adapter: snowflake=1.11.5
[0m08:22:47.324795 [debug] [MainThread]: checksum: 30a8cc8fdcbf66701b0944d4ccce3fa46dd04b61e5df68b9f16d57b2e0e3f0be, vars: {}, profile: , target: , version: 1.11.11
[0m08:22:47.464591 [debug] [MainThread]: Partial parsing enabled: 0 files deleted, 0 files added, 0 files changed.
[0m08:22:47.465553 [debug] [MainThread]: Nothing changed, skipping partial parsing.
[0m08:22:47.465553 [debug] [MainThread]: Partial parsing enabled, no changes found, skipping parsing
[0m08:22:47.502663 [debug] [MainThread]: Sending event: {'category': 'dbt', 'action': 'load_project', 'label': '8d33a611-c39b-4d72-bab7-d7c57b54b706', 'context': [<snowplow_tracker.self_describing_json.SelfDescribingJson object at 0x000001A46CEA2DD0>]}
[0m08:22:47.587128 [debug] [MainThread]: Wrote artifact WritableManifest to C:\Users\guruv\Downloads\Data\Project\AI-Powered-Financial-Risk-Intelligence-Platform\dbt_AI_financial_risk_project\target\manifest.json
[0m08:22:47.590477 [debug] [MainThread]: Wrote artifact SemanticManifest to C:\Users\guruv\Downloads\Data\Project\AI-Powered-Financial-Risk-Intelligence-Platform\dbt_AI_financial_risk_project\target\semantic_manifest.json
[0m08:22:47.602525 [debug] [MainThread]: Sending event: {'category': 'dbt', 'action': 'resource_counts', 'label': '8d33a611-c39b-4d72-bab7-d7c57b54b706', 'context': [<snowplow_tracker.self_describing_json.SelfDescribingJson object at 0x000001A47FF11510>]}
[0m08:22:47.603525 [info ] [MainThread]: Found 8 models, 4 data tests, 536 macros
[0m08:22:47.603525 [debug] [MainThread]: Sending event: {'category': 'dbt', 'action': 'runnable_timing', 'label': '8d33a611-c39b-4d72-bab7-d7c57b54b706', 'context': [<snowplow_tracker.self_describing_json.SelfDescribingJson object at 0x000001A47D1D2310>]}
[0m08:22:47.605604 [info ] [MainThread]: 
[0m08:22:47.606558 [info ] [MainThread]: Concurrency: 4 threads (target='dev')
[0m08:22:47.607534 [info ] [MainThread]: 
[0m08:22:47.607534 [debug] [MainThread]: Acquiring new snowflake connection 'master'
[0m08:22:47.609525 [debug] [ThreadPool]: Acquiring new snowflake connection 'list_FINANCIAL_RISK_INTELLIGENCE'
[0m08:22:47.699005 [debug] [ThreadPool]: Using snowflake connection "list_FINANCIAL_RISK_INTELLIGENCE"
[0m08:22:47.699964 [debug] [ThreadPool]: On list_FINANCIAL_RISK_INTELLIGENCE: show terse schemas in database FINANCIAL_RISK_INTELLIGENCE
    limit 10000
/* {"app": "dbt", "dbt_version": "1.11.11", "profile_name": "dbt_AI_financial_risk_project", "target_name": "dev", "connection_name": "list_FINANCIAL_RISK_INTELLIGENCE"} */
[0m08:22:47.699964 [debug] [ThreadPool]: Opening a new connection, currently in state init
[0m08:22:49.832498 [debug] [ThreadPool]: SQL status: SUCCESS 6 in 2.132 seconds
[0m08:22:49.853889 [debug] [ThreadPool]: Acquiring new snowflake connection 'list_FINANCIAL_RISK_INTELLIGENCE_ANALYTICS_SILVER'
[0m08:22:49.861872 [debug] [ThreadPool]: Acquiring new snowflake connection 'list_FINANCIAL_RISK_INTELLIGENCE_ANALYTICS_GOLD'
[0m08:22:49.874505 [debug] [ThreadPool]: Using snowflake connection "list_FINANCIAL_RISK_INTELLIGENCE_ANALYTICS_SILVER"
[0m08:22:49.876506 [debug] [ThreadPool]: Acquiring new snowflake connection 'list_FINANCIAL_RISK_INTELLIGENCE_ANALYTICS'
[0m08:22:49.879504 [debug] [ThreadPool]: Using snowflake connection "list_FINANCIAL_RISK_INTELLIGENCE_ANALYTICS_GOLD"
[0m08:22:49.880504 [debug] [ThreadPool]: On list_FINANCIAL_RISK_INTELLIGENCE_ANALYTICS_SILVER: show objects in FINANCIAL_RISK_INTELLIGENCE.ANALYTICS_SILVER
    limit 10000
    

/* {"app": "dbt", "dbt_version": "1.11.11", "profile_name": "dbt_AI_financial_risk_project", "target_name": "dev", "connection_name": "list_FINANCIAL_RISK_INTELLIGENCE_ANALYTICS_SILVER"} */;
[0m08:22:49.884503 [debug] [ThreadPool]: Using snowflake connection "list_FINANCIAL_RISK_INTELLIGENCE_ANALYTICS"
[0m08:22:49.885504 [debug] [ThreadPool]: On list_FINANCIAL_RISK_INTELLIGENCE_ANALYTICS_GOLD: show objects in FINANCIAL_RISK_INTELLIGENCE.ANALYTICS_GOLD
    limit 10000
    

/* {"app": "dbt", "dbt_version": "1.11.11", "profile_name": "dbt_AI_financial_risk_project", "target_name": "dev", "connection_name": "list_FINANCIAL_RISK_INTELLIGENCE_ANALYTICS_GOLD"} */;
[0m08:22:49.885504 [debug] [ThreadPool]: Opening a new connection, currently in state init
[0m08:22:49.886504 [debug] [ThreadPool]: On list_FINANCIAL_RISK_INTELLIGENCE_ANALYTICS: show objects in FINANCIAL_RISK_INTELLIGENCE.ANALYTICS
    limit 10000
    

/* {"app": "dbt", "dbt_version": "1.11.11", "profile_name": "dbt_AI_financial_risk_project", "target_name": "dev", "connection_name": "list_FINANCIAL_RISK_INTELLIGENCE_ANALYTICS"} */;
[0m08:22:49.886504 [debug] [ThreadPool]: Opening a new connection, currently in state init
[0m08:22:49.888504 [debug] [ThreadPool]: Opening a new connection, currently in state init
[0m08:22:51.510615 [debug] [ThreadPool]: SQL status: SUCCESS 4 in 1.624 seconds
[0m08:22:51.512615 [debug] [ThreadPool]: SQL status: SUCCESS 1 in 1.627 seconds
[0m08:22:51.516802 [debug] [ThreadPool]: SQL status: SUCCESS 6 in 1.629 seconds
[0m08:22:51.521838 [debug] [MainThread]: Sending event: {'category': 'dbt', 'action': 'runnable_timing', 'label': '8d33a611-c39b-4d72-bab7-d7c57b54b706', 'context': [<snowplow_tracker.self_describing_json.SelfDescribingJson object at 0x000001A4002DEB50>]}
[0m08:22:51.526809 [debug] [Thread-2 (]: Began running node model.dbt_AI_financial_risk_project.dim_channel
[0m08:22:51.527795 [info ] [Thread-2 (]: 1 of 1 START sql view model ANALYTICS.dim_channel .............................. [RUN]
[0m08:22:51.527795 [debug] [Thread-2 (]: Acquiring new snowflake connection 'model.dbt_AI_financial_risk_project.dim_channel'
[0m08:22:51.528839 [debug] [Thread-2 (]: Began compiling node model.dbt_AI_financial_risk_project.dim_channel
[0m08:22:51.537665 [debug] [Thread-2 (]: Writing injected SQL for node "model.dbt_AI_financial_risk_project.dim_channel"
[0m08:22:51.539622 [debug] [Thread-2 (]: Began executing node model.dbt_AI_financial_risk_project.dim_channel
[0m08:22:51.574229 [debug] [Thread-2 (]: Writing runtime sql for node "model.dbt_AI_financial_risk_project.dim_channel"
[0m08:22:51.576385 [debug] [Thread-2 (]: Using snowflake connection "model.dbt_AI_financial_risk_project.dim_channel"
[0m08:22:51.577656 [debug] [Thread-2 (]: On model.dbt_AI_financial_risk_project.dim_channel: create or replace   view FINANCIAL_RISK_INTELLIGENCE.ANALYTICS.dim_channel
  
  
  
  
  as (
    ({config (
    materialized='table',
    schema='GOLD'
)})

WITH singh AS (
    SELECT DISTINCT SUBMITTED_VIA
    FROM FINANCIAL_RISK_INTELLIGENCE.ANALYTICS_SILVER.stg_complaints
    WHERE SUBMITTED_VIA IS NOT NULL 
)   
SELECT
    ROW_NUMBER() OVER (ORDER BY SUBMITTED_VIA) AS channel_id,
    SUBMITTED_VIA AS channel_name
FROM singh
  )
/* {"app": "dbt", "dbt_version": "1.11.11", "profile_name": "dbt_AI_financial_risk_project", "target_name": "dev", "node_id": "model.dbt_AI_financial_risk_project.dim_channel"} */;
[0m08:22:51.577656 [debug] [Thread-2 (]: Opening a new connection, currently in state init
[0m08:22:53.258321 [debug] [Thread-2 (]: Snowflake adapter: Snowflake query id: 01c4c7a6-0309-1f78-002e-65ff0004e4c2
[0m08:22:53.261284 [debug] [Thread-2 (]: Snowflake adapter: Snowflake error: 001003 (42000): SQL compilation error:
syntax error line 7 at position 5 unexpected '{'.
syntax error line 10 at position 1 unexpected '}'.
[0m08:22:53.276286 [debug] [Thread-2 (]: Database Error in model dim_channel (models\gold\dim_channel.sql)
  001003 (42000): SQL compilation error:
  syntax error line 7 at position 5 unexpected '{'.
  syntax error line 10 at position 1 unexpected '}'.
  compiled code at target\run\dbt_AI_financial_risk_project\models\gold\dim_channel.sql
[0m08:22:53.281293 [debug] [Thread-2 (]: Sending event: {'category': 'dbt', 'action': 'run_model', 'label': '8d33a611-c39b-4d72-bab7-d7c57b54b706', 'context': [<snowplow_tracker.self_describing_json.SelfDescribingJson object at 0x000001A47FF568D0>]}
[0m08:22:53.283299 [error] [Thread-2 (]: 1 of 1 ERROR creating sql view model ANALYTICS.dim_channel ..................... [[31mERROR[0m in 1.75s]
[0m08:22:53.286351 [debug] [Thread-2 (]: Finished running node model.dbt_AI_financial_risk_project.dim_channel
[0m08:22:53.287349 [debug] [Thread-8 (]: Marking all children of 'model.dbt_AI_financial_risk_project.dim_channel' to be skipped because of status 'error'.  Reason: Database Error in model dim_channel (models\gold\dim_channel.sql)
  001003 (42000): SQL compilation error:
  syntax error line 7 at position 5 unexpected '{'.
  syntax error line 10 at position 1 unexpected '}'.
  compiled code at target\run\dbt_AI_financial_risk_project\models\gold\dim_channel.sql.
[0m08:22:53.292278 [debug] [MainThread]: Connection 'master' was properly closed.
[0m08:22:53.294279 [debug] [MainThread]: Connection 'list_FINANCIAL_RISK_INTELLIGENCE' was left open.
[0m08:22:53.295278 [debug] [MainThread]: On list_FINANCIAL_RISK_INTELLIGENCE: Close
[0m08:22:53.938810 [debug] [MainThread]: Connection 'list_FINANCIAL_RISK_INTELLIGENCE_ANALYTICS_SILVER' was left open.
[0m08:22:53.940301 [debug] [MainThread]: On list_FINANCIAL_RISK_INTELLIGENCE_ANALYTICS_SILVER: Close
[0m08:22:54.540320 [debug] [MainThread]: Connection 'list_FINANCIAL_RISK_INTELLIGENCE_ANALYTICS_GOLD' was left open.
[0m08:22:54.543320 [debug] [MainThread]: On list_FINANCIAL_RISK_INTELLIGENCE_ANALYTICS_GOLD: Close
[0m08:22:55.182846 [debug] [MainThread]: Connection 'list_FINANCIAL_RISK_INTELLIGENCE_ANALYTICS' was left open.
[0m08:22:55.183903 [debug] [MainThread]: On list_FINANCIAL_RISK_INTELLIGENCE_ANALYTICS: Close
[0m08:22:55.806875 [debug] [MainThread]: Connection 'model.dbt_AI_financial_risk_project.dim_channel' was left open.
[0m08:22:55.809778 [debug] [MainThread]: On model.dbt_AI_financial_risk_project.dim_channel: Close
[0m08:22:56.371035 [info ] [MainThread]: 
[0m08:22:56.374038 [info ] [MainThread]: Finished running 1 view model in 0 hours 0 minutes and 8.76 seconds (8.76s).
[0m08:22:56.377152 [debug] [MainThread]: Command end result
[0m08:22:56.432061 [debug] [MainThread]: Wrote artifact WritableManifest to C:\Users\guruv\Downloads\Data\Project\AI-Powered-Financial-Risk-Intelligence-Platform\dbt_AI_financial_risk_project\target\manifest.json
[0m08:22:56.435077 [debug] [MainThread]: Wrote artifact SemanticManifest to C:\Users\guruv\Downloads\Data\Project\AI-Powered-Financial-Risk-Intelligence-Platform\dbt_AI_financial_risk_project\target\semantic_manifest.json
[0m08:22:56.441536 [debug] [MainThread]: Wrote artifact RunExecutionResult to C:\Users\guruv\Downloads\Data\Project\AI-Powered-Financial-Risk-Intelligence-Platform\dbt_AI_financial_risk_project\target\run_results.json
[0m08:22:56.441536 [info ] [MainThread]: 
[0m08:22:56.442541 [info ] [MainThread]: [31mCompleted with 1 error, 0 partial successes, and 0 warnings:[0m
[0m08:22:56.443530 [info ] [MainThread]: 
[0m08:22:56.443530 [error] [MainThread]: [31mFailure in model dim_channel (models\gold\dim_channel.sql)[0m
[0m08:22:56.444560 [error] [MainThread]:   Database Error in model dim_channel (models\gold\dim_channel.sql)
  001003 (42000): SQL compilation error:
  syntax error line 7 at position 5 unexpected '{'.
  syntax error line 10 at position 1 unexpected '}'.
  compiled code at target\run\dbt_AI_financial_risk_project\models\gold\dim_channel.sql
[0m08:22:56.445694 [info ] [MainThread]: 
[0m08:22:56.445694 [info ] [MainThread]:   compiled code at target\compiled\dbt_AI_financial_risk_project\models\gold\dim_channel.sql
[0m08:22:56.446701 [info ] [MainThread]: 
[0m08:22:56.447705 [info ] [MainThread]: Done. PASS=0 WARN=0 ERROR=1 SKIP=0 NO-OP=0 TOTAL=1
[0m08:22:56.448725 [debug] [MainThread]: Command `dbt run` failed at 08:22:56.448725 after 10.96 seconds
[0m08:22:56.449726 [debug] [MainThread]: Sending event: {'category': 'dbt', 'action': 'invocation', 'label': 'end', 'context': [<snowplow_tracker.self_describing_json.SelfDescribingJson object at 0x000001A466A40710>, <snowplow_tracker.self_describing_json.SelfDescribingJson object at 0x000001A466A40790>, <snowplow_tracker.self_describing_json.SelfDescribingJson object at 0x000001A46C680DD0>]}
[0m08:22:56.449726 [debug] [MainThread]: Flushing usage events
[0m08:23:07.521124 [debug] [MainThread]: An error was encountered while trying to flush usage events
[0m08:23:38.611168 [debug] [MainThread]: Sending event: {'category': 'dbt', 'action': 'invocation', 'label': 'start', 'context': [<snowplow_tracker.self_describing_json.SelfDescribingJson object at 0x0000017738235610>, <snowplow_tracker.self_describing_json.SelfDescribingJson object at 0x000001773B246250>, <snowplow_tracker.self_describing_json.SelfDescribingJson object at 0x000001773BA0FED0>]}


============================== 08:23:38.614522 | c24d10ce-aa59-460c-9599-521a710f03d4 ==============================
[0m08:23:38.614522 [info ] [MainThread]: Running with dbt=1.11.11
[0m08:23:38.615523 [debug] [MainThread]: running dbt with arguments {'static_parser': 'True', 'no_print': 'None', 'version_check': 'True', 'target_path': 'None', 'warn_error_options': 'WarnErrorOptionsV2(error=[], warn=[], silence=[])', 'printer_width': '80', 'write_json': 'True', 'introspect': 'True', 'log_cache_events': 'False', 'empty': 'False', 'cache_selected_only': 'False', 'log_format': 'default', 'debug': 'False', 'fail_fast': 'False', 'partial_parse': 'True', 'send_anonymous_usage_stats': 'True', 'quiet': 'False', 'warn_error': 'None', 'profiles_dir': '.', 'use_colors': 'True', 'invocation_command': 'dbt run --select dim_channel --profiles-dir .', 'indirect_selection': 'eager', 'use_experimental_parser': 'False', 'log_path': 'C:\\Users\\guruv\\Downloads\\Data\\Project\\AI-Powered-Financial-Risk-Intelligence-Platform\\dbt_AI_financial_risk_project\\logs'}
[0m08:23:39.565377 [debug] [MainThread]: Snowflake adapter: Setting snowflake.connector to ERROR (file logging only)
[0m08:23:39.565928 [debug] [MainThread]: Snowflake adapter: Setting botocore to ERROR (file logging only)
[0m08:23:39.565928 [debug] [MainThread]: Snowflake adapter: Setting boto3 to ERROR (file logging only)
[0m08:23:39.896051 [debug] [MainThread]: Sending event: {'category': 'dbt', 'action': 'project_id', 'label': 'c24d10ce-aa59-460c-9599-521a710f03d4', 'context': [<snowplow_tracker.self_describing_json.SelfDescribingJson object at 0x000001774E1FAB50>]}
[0m08:23:39.959904 [debug] [MainThread]: Sending event: {'category': 'dbt', 'action': 'adapter_info', 'label': 'c24d10ce-aa59-460c-9599-521a710f03d4', 'context': [<snowplow_tracker.self_describing_json.SelfDescribingJson object at 0x000001773AA9E110>]}
[0m08:23:39.962860 [info ] [MainThread]: Registered adapter: snowflake=1.11.5
[0m08:23:40.437068 [debug] [MainThread]: checksum: 30a8cc8fdcbf66701b0944d4ccce3fa46dd04b61e5df68b9f16d57b2e0e3f0be, vars: {}, profile: , target: , version: 1.11.11
[0m08:23:40.585486 [debug] [MainThread]: Partial parsing enabled: 0 files deleted, 0 files added, 1 files changed.
[0m08:23:40.586482 [debug] [MainThread]: Partial parsing: updated file: dbt_AI_financial_risk_project://models\gold\dim_channel.sql
[0m08:23:40.839007 [debug] [MainThread]: Sending event: {'category': 'dbt', 'action': 'load_project', 'label': 'c24d10ce-aa59-460c-9599-521a710f03d4', 'context': [<snowplow_tracker.self_describing_json.SelfDescribingJson object at 0x000001774E7C0B10>]}
[0m08:23:40.920216 [debug] [MainThread]: Wrote artifact WritableManifest to C:\Users\guruv\Downloads\Data\Project\AI-Powered-Financial-Risk-Intelligence-Platform\dbt_AI_financial_risk_project\target\manifest.json
[0m08:23:40.923228 [debug] [MainThread]: Wrote artifact SemanticManifest to C:\Users\guruv\Downloads\Data\Project\AI-Powered-Financial-Risk-Intelligence-Platform\dbt_AI_financial_risk_project\target\semantic_manifest.json
[0m08:23:40.935819 [debug] [MainThread]: Sending event: {'category': 'dbt', 'action': 'resource_counts', 'label': 'c24d10ce-aa59-460c-9599-521a710f03d4', 'context': [<snowplow_tracker.self_describing_json.SelfDescribingJson object at 0x000001774E64E590>]}
[0m08:23:40.936819 [info ] [MainThread]: Found 8 models, 4 data tests, 536 macros
[0m08:23:40.936819 [debug] [MainThread]: Sending event: {'category': 'dbt', 'action': 'runnable_timing', 'label': 'c24d10ce-aa59-460c-9599-521a710f03d4', 'context': [<snowplow_tracker.self_describing_json.SelfDescribingJson object at 0x000001774EAF2390>]}
[0m08:23:40.938864 [info ] [MainThread]: 
[0m08:23:40.939874 [info ] [MainThread]: Concurrency: 4 threads (target='dev')
[0m08:23:40.939874 [info ] [MainThread]: 
[0m08:23:40.941065 [debug] [MainThread]: Acquiring new snowflake connection 'master'
[0m08:23:40.942057 [debug] [ThreadPool]: Acquiring new snowflake connection 'list_FINANCIAL_RISK_INTELLIGENCE'
[0m08:23:41.026546 [debug] [ThreadPool]: Using snowflake connection "list_FINANCIAL_RISK_INTELLIGENCE"
[0m08:23:41.027981 [debug] [ThreadPool]: On list_FINANCIAL_RISK_INTELLIGENCE: show terse schemas in database FINANCIAL_RISK_INTELLIGENCE
    limit 10000
/* {"app": "dbt", "dbt_version": "1.11.11", "profile_name": "dbt_AI_financial_risk_project", "target_name": "dev", "connection_name": "list_FINANCIAL_RISK_INTELLIGENCE"} */
[0m08:23:41.028992 [debug] [ThreadPool]: Opening a new connection, currently in state init
[0m08:23:42.859629 [debug] [ThreadPool]: SQL status: SUCCESS 6 in 1.831 seconds
[0m08:23:42.974190 [debug] [ThreadPool]: Acquiring new snowflake connection 'list_FINANCIAL_RISK_INTELLIGENCE_ANALYTICS_GOLD'
[0m08:23:42.995718 [debug] [ThreadPool]: Acquiring new snowflake connection 'list_FINANCIAL_RISK_INTELLIGENCE_ANALYTICS'
[0m08:23:42.994723 [debug] [ThreadPool]: Using snowflake connection "list_FINANCIAL_RISK_INTELLIGENCE_ANALYTICS_GOLD"
[0m08:23:42.996998 [debug] [ThreadPool]: Acquiring new snowflake connection 'list_FINANCIAL_RISK_INTELLIGENCE_ANALYTICS_SILVER'
[0m08:23:43.000564 [debug] [ThreadPool]: Using snowflake connection "list_FINANCIAL_RISK_INTELLIGENCE_ANALYTICS"
[0m08:23:43.001579 [debug] [ThreadPool]: On list_FINANCIAL_RISK_INTELLIGENCE_ANALYTICS_GOLD: show objects in FINANCIAL_RISK_INTELLIGENCE.ANALYTICS_GOLD
    limit 10000
    

/* {"app": "dbt", "dbt_version": "1.11.11", "profile_name": "dbt_AI_financial_risk_project", "target_name": "dev", "connection_name": "list_FINANCIAL_RISK_INTELLIGENCE_ANALYTICS_GOLD"} */;
[0m08:23:43.004563 [debug] [ThreadPool]: Using snowflake connection "list_FINANCIAL_RISK_INTELLIGENCE_ANALYTICS_SILVER"
[0m08:23:43.005523 [debug] [ThreadPool]: On list_FINANCIAL_RISK_INTELLIGENCE_ANALYTICS: show objects in FINANCIAL_RISK_INTELLIGENCE.ANALYTICS
    limit 10000
    

/* {"app": "dbt", "dbt_version": "1.11.11", "profile_name": "dbt_AI_financial_risk_project", "target_name": "dev", "connection_name": "list_FINANCIAL_RISK_INTELLIGENCE_ANALYTICS"} */;
[0m08:23:43.005523 [debug] [ThreadPool]: Opening a new connection, currently in state init
[0m08:23:43.006567 [debug] [ThreadPool]: On list_FINANCIAL_RISK_INTELLIGENCE_ANALYTICS_SILVER: show objects in FINANCIAL_RISK_INTELLIGENCE.ANALYTICS_SILVER
    limit 10000
    

/* {"app": "dbt", "dbt_version": "1.11.11", "profile_name": "dbt_AI_financial_risk_project", "target_name": "dev", "connection_name": "list_FINANCIAL_RISK_INTELLIGENCE_ANALYTICS_SILVER"} */;
[0m08:23:43.007521 [debug] [ThreadPool]: Opening a new connection, currently in state init
[0m08:23:43.008564 [debug] [ThreadPool]: Opening a new connection, currently in state init
[0m08:23:44.511721 [debug] [ThreadPool]: SQL status: SUCCESS 4 in 1.506 seconds
[0m08:23:44.694107 [debug] [ThreadPool]: SQL status: SUCCESS 6 in 1.687 seconds
[0m08:23:44.745876 [debug] [ThreadPool]: SQL status: SUCCESS 1 in 1.737 seconds
[0m08:23:44.749862 [debug] [MainThread]: Sending event: {'category': 'dbt', 'action': 'runnable_timing', 'label': 'c24d10ce-aa59-460c-9599-521a710f03d4', 'context': [<snowplow_tracker.self_describing_json.SelfDescribingJson object at 0x000001774EE80890>]}
[0m08:23:44.756865 [debug] [Thread-2 (]: Began running node model.dbt_AI_financial_risk_project.dim_channel
[0m08:23:44.757949 [info ] [Thread-2 (]: 1 of 1 START sql view model ANALYTICS.dim_channel .............................. [RUN]
[0m08:23:44.758952 [debug] [Thread-2 (]: Acquiring new snowflake connection 'model.dbt_AI_financial_risk_project.dim_channel'
[0m08:23:44.758952 [debug] [Thread-2 (]: Began compiling node model.dbt_AI_financial_risk_project.dim_channel
[0m08:23:44.769064 [debug] [Thread-2 (]: Writing injected SQL for node "model.dbt_AI_financial_risk_project.dim_channel"
[0m08:23:44.770416 [debug] [Thread-2 (]: Began executing node model.dbt_AI_financial_risk_project.dim_channel
[0m08:23:44.809473 [debug] [Thread-2 (]: Writing runtime sql for node "model.dbt_AI_financial_risk_project.dim_channel"
[0m08:23:44.812684 [debug] [Thread-2 (]: Using snowflake connection "model.dbt_AI_financial_risk_project.dim_channel"
[0m08:23:44.813687 [debug] [Thread-2 (]: On model.dbt_AI_financial_risk_project.dim_channel: create or replace   view FINANCIAL_RISK_INTELLIGENCE.ANALYTICS.dim_channel
  
  
  
  
  as (
    ({config (
    materialized='table',
    schema='GOLD'
)})

WITH singh AS (
    SELECT DISTINCT 
      SUBMITTED_VIA
    FROM FINANCIAL_RISK_INTELLIGENCE.ANALYTICS_SILVER.stg_complaints
    WHERE SUBMITTED_VIA IS NOT NULL 
)   
SELECT
    ROW_NUMBER() OVER (ORDER BY SUBMITTED_VIA) AS channel_id,
    SUBMITTED_VIA AS channel_name
FROM singh
  )
/* {"app": "dbt", "dbt_version": "1.11.11", "profile_name": "dbt_AI_financial_risk_project", "target_name": "dev", "node_id": "model.dbt_AI_financial_risk_project.dim_channel"} */;
[0m08:23:44.813687 [debug] [Thread-2 (]: Opening a new connection, currently in state init
[0m08:23:46.268843 [debug] [Thread-2 (]: Snowflake adapter: Snowflake query id: 01c4c7a7-0309-2f74-002e-65ff000467b2
[0m08:23:46.269844 [debug] [Thread-2 (]: Snowflake adapter: Snowflake error: 001003 (42000): SQL compilation error:
syntax error line 7 at position 5 unexpected '{'.
syntax error line 10 at position 1 unexpected '}'.
[0m08:23:46.274843 [debug] [Thread-2 (]: Database Error in model dim_channel (models\gold\dim_channel.sql)
  001003 (42000): SQL compilation error:
  syntax error line 7 at position 5 unexpected '{'.
  syntax error line 10 at position 1 unexpected '}'.
  compiled code at target\run\dbt_AI_financial_risk_project\models\gold\dim_channel.sql
[0m08:23:46.277845 [debug] [Thread-2 (]: Sending event: {'category': 'dbt', 'action': 'run_model', 'label': 'c24d10ce-aa59-460c-9599-521a710f03d4', 'context': [<snowplow_tracker.self_describing_json.SelfDescribingJson object at 0x000001774E2B0F50>]}
[0m08:23:46.278845 [error] [Thread-2 (]: 1 of 1 ERROR creating sql view model ANALYTICS.dim_channel ..................... [[31mERROR[0m in 1.52s]
[0m08:23:46.279844 [debug] [Thread-2 (]: Finished running node model.dbt_AI_financial_risk_project.dim_channel
[0m08:23:46.280845 [debug] [Thread-8 (]: Marking all children of 'model.dbt_AI_financial_risk_project.dim_channel' to be skipped because of status 'error'.  Reason: Database Error in model dim_channel (models\gold\dim_channel.sql)
  001003 (42000): SQL compilation error:
  syntax error line 7 at position 5 unexpected '{'.
  syntax error line 10 at position 1 unexpected '}'.
  compiled code at target\run\dbt_AI_financial_risk_project\models\gold\dim_channel.sql.
[0m08:23:46.282844 [debug] [MainThread]: Connection 'master' was properly closed.
[0m08:23:46.284388 [debug] [MainThread]: Connection 'list_FINANCIAL_RISK_INTELLIGENCE' was left open.
[0m08:23:46.284388 [debug] [MainThread]: On list_FINANCIAL_RISK_INTELLIGENCE: Close
[0m08:23:46.850610 [debug] [MainThread]: Connection 'list_FINANCIAL_RISK_INTELLIGENCE_ANALYTICS_GOLD' was left open.
[0m08:23:46.852091 [debug] [MainThread]: On list_FINANCIAL_RISK_INTELLIGENCE_ANALYTICS_GOLD: Close
[0m08:23:47.449829 [debug] [MainThread]: Connection 'list_FINANCIAL_RISK_INTELLIGENCE_ANALYTICS' was left open.
[0m08:23:47.450887 [debug] [MainThread]: On list_FINANCIAL_RISK_INTELLIGENCE_ANALYTICS: Close
[0m08:23:48.009564 [debug] [MainThread]: Connection 'list_FINANCIAL_RISK_INTELLIGENCE_ANALYTICS_SILVER' was left open.
[0m08:23:48.010566 [debug] [MainThread]: On list_FINANCIAL_RISK_INTELLIGENCE_ANALYTICS_SILVER: Close
[0m08:23:48.587493 [debug] [MainThread]: Connection 'model.dbt_AI_financial_risk_project.dim_channel' was left open.
[0m08:23:48.588449 [debug] [MainThread]: On model.dbt_AI_financial_risk_project.dim_channel: Close
[0m08:23:49.157912 [info ] [MainThread]: 
[0m08:23:49.158951 [info ] [MainThread]: Finished running 1 view model in 0 hours 0 minutes and 8.22 seconds (8.22s).
[0m08:23:49.160251 [debug] [MainThread]: Command end result
[0m08:23:49.210601 [debug] [MainThread]: Wrote artifact WritableManifest to C:\Users\guruv\Downloads\Data\Project\AI-Powered-Financial-Risk-Intelligence-Platform\dbt_AI_financial_risk_project\target\manifest.json
[0m08:23:49.213694 [debug] [MainThread]: Wrote artifact SemanticManifest to C:\Users\guruv\Downloads\Data\Project\AI-Powered-Financial-Risk-Intelligence-Platform\dbt_AI_financial_risk_project\target\semantic_manifest.json
[0m08:23:49.220279 [debug] [MainThread]: Wrote artifact RunExecutionResult to C:\Users\guruv\Downloads\Data\Project\AI-Powered-Financial-Risk-Intelligence-Platform\dbt_AI_financial_risk_project\target\run_results.json
[0m08:23:49.220279 [info ] [MainThread]: 
[0m08:23:49.221258 [info ] [MainThread]: [31mCompleted with 1 error, 0 partial successes, and 0 warnings:[0m
[0m08:23:49.221258 [info ] [MainThread]: 
[0m08:23:49.222263 [error] [MainThread]: [31mFailure in model dim_channel (models\gold\dim_channel.sql)[0m
[0m08:23:49.223284 [error] [MainThread]:   Database Error in model dim_channel (models\gold\dim_channel.sql)
  001003 (42000): SQL compilation error:
  syntax error line 7 at position 5 unexpected '{'.
  syntax error line 10 at position 1 unexpected '}'.
  compiled code at target\run\dbt_AI_financial_risk_project\models\gold\dim_channel.sql
[0m08:23:49.223284 [info ] [MainThread]: 
[0m08:23:49.224727 [info ] [MainThread]:   compiled code at target\compiled\dbt_AI_financial_risk_project\models\gold\dim_channel.sql
[0m08:23:49.224727 [info ] [MainThread]: 
[0m08:23:49.226019 [info ] [MainThread]: Done. PASS=0 WARN=0 ERROR=1 SKIP=0 NO-OP=0 TOTAL=1
[0m08:23:49.228019 [debug] [MainThread]: Command `dbt run` failed at 08:23:49.228019 after 10.71 seconds
[0m08:23:49.228019 [debug] [MainThread]: Sending event: {'category': 'dbt', 'action': 'invocation', 'label': 'end', 'context': [<snowplow_tracker.self_describing_json.SelfDescribingJson object at 0x0000017734FCA890>, <snowplow_tracker.self_describing_json.SelfDescribingJson object at 0x000001773CB27110>, <snowplow_tracker.self_describing_json.SelfDescribingJson object at 0x000001773CB25B10>]}
[0m08:23:49.229029 [debug] [MainThread]: Flushing usage events
[0m08:23:50.561223 [debug] [MainThread]: An error was encountered while trying to flush usage events
